# resident memory of every engine of one ./run_tests.sh run
# this machine has 27.4 GiB
# time suite engines rss_gib avail_gib
23:21:58 (starting) 1 0.06 23.62
23:22:00 (starting) 1 0.27 23.44
23:22:02 (starting) 1 0.27 23.49
23:22:04 (starting) 1 0.27 23.47
23:22:06 (starting) 1 0.27 23.43
23:22:08 test_rng 0 0.00 23.70
23:22:10 test_rng 1 0.27 23.50
23:22:12 test_rng 1 0.27 23.22
23:22:14 test_rng 1 0.30 23.48
23:22:16 test_determinism 1 0.30 23.40
23:22:18 test_determinism 1 0.30 23.40
23:22:20 test_determinism 1 0.30 23.48
23:22:22 test_determinism 1 0.30 23.76
23:22:24 test_determinism 1 0.30 23.54
23:22:26 test_determinism 1 0.30 23.53
23:22:28 test_determinism 1 0.30 23.38
23:22:30 test_determinism 1 0.30 23.46
23:22:32 test_determinism 1 0.31 23.43
23:22:34 test_determinism 1 0.31 23.53
23:22:36 test_determinism 1 0.31 23.54
23:22:38 test_determinism 1 0.31 23.76
23:22:40 test_determinism 1 0.31 23.52
23:22:42 test_determinism 1 0.36 23.44
23:22:44 test_determinism 1 0.36 23.43
23:22:46 test_determinism 1 0.44 23.35
23:22:48 test_determinism 1 0.51 23.66
23:22:50 test_determinism 1 0.72 23.44
23:22:52 test_determinism 1 0.72 23.05
23:22:54 test_determinism 1 0.86 22.42
23:22:56 test_determinism 1 0.86 23.00
23:22:58 test_determinism 1 0.86 22.98
23:23:00 test_determinism 1 0.99 22.88
23:23:02 test_determinism 1 1.31 22.53
23:23:04 test_determinism 1 1.44 21.80
23:23:06 test_determinism 1 1.58 21.66
23:23:08 test_determinism 1 1.74 21.50
23:23:10 test_determinism 1 1.74 22.10
23:23:12 test_determinism 1 1.75 22.10
23:23:14 test_determinism 1 1.75 22.03
23:23:16 test_determinism 1 2.09 21.69
23:23:18 test_determinism 1 2.35 20.99
23:23:20 test_determinism 1 2.43 21.35
23:23:22 test_determinism 1 2.54 21.24
23:23:24 test_determinism 1 2.61 21.21
23:23:26 test_determinism 1 2.81 21.02
23:23:28 test_determinism 1 2.99 20.84
23:23:30 test_determinism 1 3.08 20.73
23:23:32 test_determinism 1 3.16 20.28
23:23:34 test_determinism 1 3.37 20.16
23:23:36 test_determinism 1 3.57 20.02
23:23:38 test_determinism 1 3.58 20.18
23:23:40 test_determinism 1 3.84 20.00
23:23:42 test_determinism 1 3.99 19.85
23:23:44 test_determinism 1 4.11 19.67
23:23:46 test_determinism 1 4.23 19.52
23:23:48 test_determinism 1 4.37 19.46
23:23:50 test_determinism 1 4.50 19.32
23:23:52 test_determinism 1 4.51 19.25
23:23:54 test_determinism 1 4.53 19.30
23:23:56 test_determinism 1 4.53 18.67
23:23:58 test_determinism 1 4.59 19.16
23:24:00 test_determinism 1 4.77 19.04
23:24:02 test_determinism 1 4.83 18.88
23:24:04 test_determinism 1 4.84 18.34
23:24:06 test_determinism 1 4.98 18.76
23:24:08 test_determinism 1 4.99 18.84
23:24:10 test_determinism 1 5.00 18.81
23:24:12 test_determinism 1 5.01 18.19
23:24:14 test_determinism 1 5.02 18.75
23:24:16 test_determinism 1 5.02 18.79
23:24:18 test_determinism 1 5.02 18.67
23:24:21 test_determinism 1 5.02 18.73
23:24:23 test_determinism 1 5.02 18.17
23:24:25 test_determinism 1 5.02 19.10
23:24:27 test_determinism 1 5.02 19.05
23:24:29 test_determinism 1 5.02 18.51
23:24:31 test_determinism 1 5.02 18.25
23:24:33 test_determinism 1 5.02 18.77
23:24:35 test_determinism 1 5.02 18.77
23:24:37 test_determinism 1 5.03 18.77
23:24:39 test_determinism 1 5.03 18.76
23:24:41 test_determinism 1 5.03 18.77
23:24:43 test_determinism 1 5.03 18.82
23:24:45 test_determinism 1 5.03 18.21
23:24:47 test_determinism 1 5.23 18.41
23:24:49 test_determinism 1 5.25 18.43
23:24:51 test_determinism 1 5.25 18.43
23:24:53 test_determinism 1 5.26 18.41
23:24:55 test_determinism 1 5.26 18.49
23:24:57 test_determinism 1 5.32 17.90
23:24:59 test_determinism 1 5.36 18.37
23:25:01 test_determinism 1 5.34 18.36
23:25:03 test_determinism 1 5.34 18.30
23:25:05 test_determinism 1 5.34 18.36
23:25:07 test_determinism 1 5.34 18.27
23:25:09 test_determinism 1 5.25 18.39
23:25:11 test_determinism 1 5.25 18.45
23:25:13 test_determinism 1 5.25 18.39
23:25:15 test_determinism 1 5.25 17.82
23:25:17 test_determinism 1 5.25 18.37
23:25:19 test_determinism 1 5.25 18.38
23:25:21 test_determinism 1 5.25 18.36
23:25:23 test_determinism 1 5.25 18.35
23:25:25 test_determinism 1 5.25 18.34
23:25:27 test_determinism 1 5.25 17.89
23:25:29 test_determinism 1 5.25 18.40
23:25:31 test_determinism 1 5.25 18.40
23:25:33 test_determinism 1 5.25 18.40
23:25:35 test_determinism 1 5.25 18.83
23:25:37 test_determinism 1 5.25 18.80
23:25:39 test_determinism 1 5.25 18.81
23:25:41 test_determinism 1 5.28 18.73
23:25:43 test_determinism 1 5.28 18.86
23:25:45 test_determinism 1 5.28 18.28
23:25:47 test_determinism 1 5.40 18.07
23:25:49 test_determinism 1 5.40 18.13
23:25:51 test_determinism 1 5.48 17.98
23:25:53 test_determinism 1 5.49 18.09
23:25:55 test_determinism 1 5.59 17.92
23:25:57 test_determinism 1 5.68 17.84
23:25:59 test_determinism 1 5.73 17.21
23:26:01 test_determinism 1 5.80 17.93
23:26:03 test_determinism 1 5.83 17.97
23:26:05 test_determinism 1 5.96 17.77
23:26:07 test_determinism 1 5.97 17.69
23:26:09 test_determinism 1 6.11 17.62
23:26:11 test_determinism 1 6.25 17.54
23:26:13 test_determinism 1 6.34 16.82
23:26:15 test_determinism 1 6.55 17.22
23:26:17 test_determinism 1 6.60 17.11
23:26:19 test_determinism 1 6.76 17.03
23:26:21 test_determinism 1 6.83 16.68
23:26:23 test_determinism 1 6.83 16.79
23:26:25 test_determinism 1 7.03 17.12
23:26:27 test_determinism 1 7.09 16.98
23:26:29 test_determinism 1 7.20 16.63
23:26:31 test_determinism 1 7.29 16.51
23:26:33 test_determinism 1 7.40 16.45
23:26:35 test_determinism 1 7.61 16.17
23:26:37 test_determinism 1 7.82 16.03
23:26:39 test_determinism 1 7.99 15.23
23:26:41 test_determinism 1 8.05 15.73
23:26:43 test_determinism 1 8.05 15.70
23:26:45 test_determinism 1 8.05 15.67
23:26:47 test_determinism 1 8.05 15.66
23:26:49 test_determinism 1 8.05 15.10
23:26:51 test_determinism 1 8.06 15.71
23:26:53 test_determinism 1 8.06 15.72
23:26:55 test_determinism 1 8.06 15.64
23:26:57 test_determinism 1 8.06 15.72
23:26:59 test_determinism 1 8.06 15.31
23:27:01 test_determinism 1 8.06 15.64
23:27:03 test_determinism 1 8.06 15.72
23:27:05 test_determinism 1 8.06 15.14
23:27:07 test_determinism 1 8.06 15.63
23:27:09 test_determinism 1 8.06 15.63
23:27:11 test_determinism 1 8.29 14.98
23:27:13 test_determinism 1 8.35 15.34
23:27:15 test_determinism 1 8.36 15.04
23:27:17 test_determinism 1 8.36 15.34
23:27:19 test_determinism 1 8.36 15.40
23:27:21 test_determinism 1 8.36 15.33
23:27:23 test_determinism 1 8.36 15.40
23:27:25 test_determinism 1 8.37 15.32
23:27:27 test_determinism 1 8.37 15.39
23:27:29 test_determinism 1 8.37 15.31
23:27:31 test_determinism 1 8.37 14.76
23:27:33 test_determinism 1 8.37 15.38
23:27:35 test_determinism 1 8.37 15.32
23:27:37 test_determinism 1 8.50 15.18
23:27:39 test_determinism 1 8.79 14.89
23:27:41 test_determinism 1 8.80 14.32
23:27:43 test_determinism 1 8.80 14.88
23:27:45 test_determinism 1 8.81 14.87
23:27:47 test_determinism 1 8.81 14.87
23:27:49 test_determinism 1 8.81 14.95
23:27:51 test_determinism 1 8.81 14.58
23:27:53 test_determinism 1 8.81 14.81
23:27:55 test_determinism 1 8.81 14.88
23:27:57 test_determinism 1 8.81 14.97
23:27:59 test_determinism 1 8.81 14.96
23:28:01 test_determinism 1 8.81 14.96
23:28:03 test_determinism 1 9.06 14.48
23:28:05 test_determinism 1 9.07 14.70
23:28:07 test_determinism 1 9.08 14.62
23:28:09 test_determinism 1 9.09 14.67
23:28:11 test_determinism 1 9.09 14.71
23:28:13 test_determinism 1 9.09 14.71
23:28:15 test_determinism 1 9.09 14.71
23:28:17 test_determinism 1 9.08 14.60
23:28:19 test_determinism 1 9.21 13.97
23:28:21 test_determinism 1 9.22 14.53
23:28:23 test_determinism 1 9.22 14.58
23:28:25 test_determinism 1 9.22 14.28
23:28:27 test_determinism 1 9.22 14.57
23:28:29 test_determinism 1 9.22 14.56
23:28:31 test_determinism 1 9.23 14.56
23:28:33 test_determinism 1 9.23 14.48
23:28:35 test_determinism 1 9.23 14.56
23:28:37 test_determinism 1 9.23 14.56
23:28:39 test_determinism 1 9.23 13.95
23:28:41 test_determinism 1 9.23 14.93
23:28:43 test_determinism 1 9.23 14.70
23:28:45 test_determinism 1 9.23 14.33
23:28:47 test_determinism 1 9.23 14.21
23:28:49 test_determinism 1 9.23 14.26
23:28:51 test_determinism 1 9.23 14.37
23:28:53 test_determinism 1 9.23 14.22
23:28:55 test_determinism 1 9.23 14.25
23:28:57 test_determinism 1 9.23 14.24
23:28:59 test_determinism 1 9.23 14.54
23:29:01 test_determinism 1 9.23 14.52
23:29:03 test_determinism 1 9.23 14.45
23:29:05 test_determinism 1 9.23 13.90
23:29:07 test_determinism 1 9.23 14.53
23:29:09 test_determinism 1 9.23 14.47
23:29:11 test_determinism 1 9.23 14.43
23:29:13 test_determinism 1 9.23 14.46
23:29:15 test_determinism 1 9.23 14.47
23:29:17 test_determinism 1 9.23 13.91
23:29:19 test_determinism 1 9.23 14.45
23:29:21 test_determinism 1 9.23 13.93
23:29:23 test_determinism 1 9.23 14.52
23:29:25 test_determinism 1 9.23 14.45
23:29:27 test_determinism 1 9.23 14.52
23:29:29 test_determinism 1 9.23 14.45
23:29:31 test_determinism 1 9.23 14.52
23:29:33 test_determinism 1 9.23 14.46
23:29:35 test_determinism 1 9.23 14.53
23:29:37 test_determinism 1 9.23 14.52
23:29:39 test_determinism 1 9.23 14.14
23:29:41 test_determinism 1 9.23 14.53
23:29:43 test_determinism 1 9.23 14.48
23:29:45 test_determinism 1 9.23 14.32
23:29:47 test_determinism 1 9.23 14.45
23:29:49 test_determinism 1 9.23 13.89
23:29:51 test_determinism 1 9.23 14.45
23:29:53 test_determinism 1 9.23 14.46
23:29:55 test_determinism 1 9.23 14.44
23:29:57 test_determinism 1 9.23 14.24
23:29:59 test_determinism 1 9.23 14.52
23:30:01 test_determinism 1 9.23 14.51
23:30:03 test_determinism 1 9.23 14.31
23:30:05 test_determinism 1 9.23 14.43
23:30:07 test_determinism 1 9.23 14.45
23:30:09 test_determinism 1 9.23 14.53
23:30:11 test_determinism 1 9.23 14.46
23:30:13 test_determinism 1 9.23 14.12
23:30:15 test_determinism 1 9.23 14.46
23:30:17 test_determinism 1 9.23 14.02
23:30:19 test_determinism 1 9.23 14.54
23:30:21 test_determinism 1 9.23 14.47
23:30:23 test_determinism 1 9.23 14.48
23:30:25 test_determinism 1 9.23 14.54
23:30:27 test_determinism 1 9.23 14.45
23:30:29 test_determinism 1 9.23 14.53
23:30:31 test_determinism 1 9.23 14.52
23:30:33 test_determinism 1 9.23 14.53
23:30:36 test_determinism 1 9.23 14.08
23:30:38 test_determinism 1 9.23 14.48
23:30:40 test_determinism 1 9.23 14.46
23:30:42 test_determinism 1 9.23 14.39
23:30:44 test_determinism 1 9.23 14.92
23:30:46 test_determinism 1 9.23 14.56
23:30:48 test_determinism 1 9.23 14.51
23:30:50 test_determinism 1 9.23 14.57
23:30:52 test_determinism 1 9.23 13.96
23:30:54 test_determinism 1 9.23 14.51
23:30:56 test_determinism 1 9.23 14.56
23:30:58 test_determinism 1 9.23 14.44
23:31:00 test_determinism 1 9.23 14.44
23:31:02 test_determinism 1 9.23 14.50
23:31:04 test_determinism 1 9.23 13.87
23:31:06 test_determinism 1 9.23 14.49
23:31:08 test_determinism 1 9.23 14.43
23:31:10 test_determinism 1 9.23 14.49
23:31:12 test_determinism 1 9.23 14.05
23:31:14 test_determinism 1 9.23 14.50
23:31:16 test_determinism 1 9.23 14.49
23:31:18 test_determinism 1 9.23 13.89
23:31:20 test_determinism 1 9.23 14.48
23:31:22 test_determinism 1 9.23 13.86
23:31:24 test_determinism 1 9.23 14.41
23:31:26 test_determinism 1 9.23 13.86
23:31:28 test_determinism 1 9.23 14.49
23:31:30 test_determinism 1 9.23 14.20
23:31:32 test_determinism 1 9.23 14.47
23:31:34 test_determinism 1 9.23 13.86
23:31:36 test_determinism 1 9.23 14.48
23:31:38 test_determinism 1 9.23 14.48
23:31:40 test_determinism 1 9.23 14.41
23:31:42 test_determinism 1 9.23 14.47
23:31:44 test_determinism 1 9.23 13.82
23:31:46 test_determinism 1 9.23 13.89
23:31:48 test_determinism 1 9.23 14.44
23:31:50 test_determinism 1 9.23 13.96
23:31:52 test_determinism 1 9.23 14.45
23:31:54 test_determinism 1 9.23 14.37
23:31:56 test_determinism 1 9.23 14.44
23:31:58 test_determinism 1 9.23 14.42
23:32:00 test_determinism 1 9.23 14.43
23:32:02 test_determinism 1 9.23 14.50
23:32:04 test_determinism 1 9.23 14.43
23:32:06 test_determinism 1 9.23 14.44
23:32:08 test_determinism 1 9.23 14.37
23:32:10 test_determinism 1 9.23 14.49
23:32:12 test_determinism 1 9.23 14.44
23:32:14 test_determinism 1 9.23 14.08
23:32:16 test_determinism 1 9.23 14.44
23:32:18 test_determinism 1 9.23 14.51
23:32:20 test_determinism 1 9.23 14.52
23:32:22 test_determinism 1 9.23 14.51
23:32:24 test_determinism 1 9.23 14.52
23:32:26 test_determinism 1 9.23 14.52
23:32:28 test_determinism 1 9.23 14.01
23:32:30 test_determinism 1 9.23 14.45
23:32:32 test_determinism 1 9.23 14.52
23:32:34 test_determinism 1 9.23 13.89
23:32:36 test_determinism 1 9.23 14.37
23:32:38 test_determinism 1 9.23 14.84
23:32:40 test_determinism 1 9.23 14.62
23:32:42 test_determinism 1 9.23 14.51
23:32:44 test_determinism 1 9.23 14.61
23:32:46 test_determinism 1 9.23 14.24
23:32:48 test_determinism 1 9.23 14.51
23:32:50 test_determinism 1 9.23 14.52
23:32:52 test_determinism 1 9.23 14.59
23:32:54 test_determinism 1 9.23 14.59
23:32:56 test_determinism 1 9.23 14.59
23:32:58 test_determinism 1 9.23 14.41
23:33:00 test_determinism 1 9.23 14.47
23:33:02 test_determinism 1 9.23 14.46
23:33:04 test_determinism 1 9.23 14.52
23:33:06 test_determinism 1 9.23 14.45
23:33:08 test_determinism 1 9.23 14.51
23:33:10 test_determinism 1 9.23 13.88
23:33:12 test_determinism 1 9.23 14.05
23:33:14 test_determinism 1 9.23 14.43
23:33:16 test_determinism 1 9.23 14.47
23:33:18 test_determinism 1 9.23 14.50
23:33:20 test_determinism 1 9.23 14.40
23:33:22 test_determinism 1 9.23 14.50
23:33:24 test_determinism 1 9.23 14.48
23:33:26 test_determinism 1 9.23 14.46
23:33:28 test_determinism 1 9.23 14.49
23:33:30 test_determinism 1 9.23 14.49
23:33:32 test_determinism 1 9.23 14.48
23:33:34 test_determinism 1 9.23 14.48
23:33:36 test_determinism 1 9.23 14.43
23:33:38 test_determinism 1 9.23 14.42
23:33:40 test_determinism 1 9.23 14.41
23:33:42 test_determinism 1 9.23 14.51
23:33:44 test_determinism 1 9.23 14.49
23:33:46 test_determinism 1 9.23 14.45
23:33:48 test_determinism 1 9.23 14.49
23:33:50 test_determinism 1 9.23 14.49
23:33:52 test_determinism 1 9.23 14.36
23:33:54 test_determinism 1 9.23 14.42
23:33:56 test_determinism 1 9.23 14.44
23:33:58 test_determinism 1 9.23 14.39
23:34:00 test_determinism 1 9.23 14.41
23:34:02 test_determinism 1 9.23 14.50
23:34:04 test_determinism 1 9.23 14.36
23:34:06 test_determinism 1 9.23 14.43
23:34:08 test_determinism 1 9.23 14.45
23:34:10 test_determinism 1 9.23 14.52
23:34:12 test_determinism 1 9.23 14.46
23:34:14 test_determinism 1 9.23 14.51
23:34:16 test_determinism 1 9.23 13.97
23:34:18 test_determinism 1 9.23 14.43
23:34:20 test_determinism 1 9.23 14.42
23:34:22 test_determinism 1 9.23 14.50
23:34:24 test_determinism 1 9.23 14.43
23:34:26 test_determinism 1 9.23 14.50
23:34:28 test_determinism 1 9.23 14.50
23:34:30 test_determinism 1 9.23 14.36
23:34:32 test_determinism 1 9.23 14.50
23:34:34 test_determinism 1 9.23 14.88
23:34:36 test_determinism 1 9.23 14.53
23:34:38 test_determinism 1 9.23 13.91
23:34:40 test_determinism 1 9.25 14.44
23:34:42 test_determinism 1 9.25 14.44
23:34:44 test_determinism 1 9.25 14.44
23:34:46 test_determinism 1 9.26 14.39
23:34:48 test_determinism 1 9.27 14.50
23:34:50 test_determinism 1 9.27 14.42
23:34:52 test_determinism 1 9.25 14.52
23:34:54 test_determinism 1 9.25 14.84
23:34:56 test_determinism 1 9.25 14.44
23:34:58 test_determinism 1 9.26 14.48
23:35:00 test_determinism 1 9.27 14.39
23:35:02 test_determinism 1 9.27 14.46
23:35:04 test_determinism 1 9.26 14.47
23:35:06 test_determinism 1 9.26 14.47
23:35:08 test_determinism 1 9.26 14.48
23:35:10 test_determinism 1 9.27 14.62
23:35:12 test_determinism 1 9.26 14.87
23:35:14 test_determinism 1 9.26 14.53
23:35:16 test_determinism 1 9.26 14.50
23:35:18 test_determinism 1 9.47 14.00
23:35:20 test_determinism 1 9.62 13.93
23:35:22 test_determinism 1 9.71 13.47
23:35:24 test_determinism 1 9.71 14.08
23:35:26 test_determinism 1 9.71 14.06
23:35:28 test_determinism 1 9.72 13.96
23:35:30 test_determinism 1 9.73 13.94
23:35:32 test_determinism 1 9.74 13.86
23:35:34 test_determinism 1 9.74 13.93
23:35:36 test_determinism 1 9.74 13.98
23:35:38 test_determinism 1 9.74 13.40
23:35:40 test_determinism 1 9.74 13.98
23:35:42 test_determinism 1 9.74 13.94
23:35:44 test_determinism 1 9.74 13.96
23:35:46 test_determinism 1 9.74 13.93
23:35:48 test_determinism 1 9.74 13.93
23:35:50 test_determinism 1 9.74 13.37
23:35:52 test_determinism 1 9.74 13.37
23:35:54 test_determinism 1 9.75 13.98
23:35:56 test_determinism 1 9.74 14.00
23:35:58 test_determinism 1 9.74 13.51
23:36:00 test_determinism 1 9.74 13.92
23:36:02 test_determinism 1 9.74 13.93
23:36:04 test_determinism 1 9.74 13.93
23:36:06 test_determinism 1 9.74 13.92
23:36:08 test_determinism 1 9.75 13.47
23:36:10 test_determinism 1 9.76 13.97
23:36:12 test_determinism 1 9.76 14.00
23:36:14 test_determinism 1 9.76 13.88
23:36:16 test_determinism 1 9.76 13.99
23:36:18 test_determinism 1 9.76 13.99
23:36:20 test_determinism 1 9.76 13.98
23:36:22 test_determinism 1 9.74 13.95
23:36:24 test_determinism 1 9.74 13.95
23:36:26 test_determinism 1 9.74 13.90
23:36:28 test_determinism 1 9.74 13.94
23:36:30 test_determinism 1 9.75 14.01
23:36:32 test_determinism 1 9.75 13.99
23:36:34 test_determinism 1 9.75 13.92
23:36:36 test_determinism 1 9.75 13.91
23:36:38 test_determinism 1 9.76 13.43
23:36:40 test_determinism 1 9.77 13.96
23:36:42 test_determinism 1 9.75 13.97
23:36:44 test_determinism 1 9.75 13.91
23:36:46 test_determinism 1 9.75 13.40
23:36:48 test_determinism 1 9.75 13.93
23:36:50 test_determinism 1 9.75 13.37
23:36:52 test_determinism 1 9.75 13.98
23:36:54 test_determinism 1 9.76 13.94
23:36:56 test_determinism 1 9.77 13.89
23:36:58 test_determinism 1 9.75 13.98
23:37:00 test_determinism 1 9.75 14.38
23:37:02 test_determinism 1 9.75 13.75
23:37:04 test_determinism 1 9.76 13.95
23:37:06 test_determinism 1 9.76 13.97
23:37:08 test_determinism 1 9.77 13.95
23:37:10 test_determinism 1 9.78 13.94
23:37:13 test_determinism 1 9.78 13.92
23:37:15 test_determinism 1 9.79 13.92
23:37:17 test_determinism 1 9.81 13.92
23:37:19 test_determinism 1 9.85 13.83
23:37:21 test_determinism 1 9.79 13.81
23:37:23 test_determinism 1 9.79 13.77
23:37:25 test_determinism 1 9.79 13.91
23:37:27 test_determinism 1 9.80 13.91
23:37:29 test_determinism 1 9.80 13.93
23:37:31 test_determinism 1 9.80 13.89
23:37:33 test_determinism 1 9.81 13.85
23:37:35 test_determinism 1 9.81 13.90
23:37:37 test_determinism 1 9.81 13.75
23:37:39 test_determinism 1 9.81 13.90
23:37:41 test_determinism 1 9.82 13.88
23:37:43 test_determinism 1 9.82 13.88
23:37:45 test_determinism 1 9.82 13.87
23:37:47 test_determinism 1 9.83 13.25
23:37:49 test_determinism 1 9.84 13.22
23:37:51 test_determinism 1 9.85 13.82
23:37:53 test_determinism 1 9.85 13.80
23:37:55 test_determinism 1 9.89 13.71
23:37:57 test_determinism 1 9.91 13.73
23:37:59 test_determinism 1 9.85 13.77
23:38:01 test_determinism 1 9.85 13.84
23:38:03 test_determinism 1 9.85 13.85
23:38:05 test_determinism 1 9.85 13.83
23:38:07 test_determinism 1 9.85 13.76
23:38:09 test_determinism 1 9.85 13.76
23:38:11 test_determinism 1 9.85 13.83
23:38:13 test_determinism 1 9.85 13.21
23:38:15 test_determinism 1 9.85 13.72
23:38:17 test_determinism 1 9.85 13.23
23:38:19 test_determinism 1 9.85 13.77
23:38:21 test_determinism 1 9.85 13.77
23:38:23 test_determinism 1 9.85 13.76
23:38:25 test_determinism 1 9.85 13.82
23:38:27 test_determinism 1 9.85 13.82
23:38:29 test_determinism 1 9.85 13.82
23:38:31 test_determinism 1 9.85 13.83
23:38:33 test_determinism 1 9.85 13.79
23:38:35 test_determinism 1 9.85 13.75
23:38:37 test_determinism 1 9.85 13.24
23:38:39 test_determinism 1 9.85 13.50
23:38:41 test_determinism 1 9.85 13.75
23:38:43 test_determinism 1 9.85 13.74
23:38:45 test_determinism 1 9.85 13.75
23:38:47 test_determinism 1 9.85 13.76
23:38:49 test_determinism 1 9.85 13.76
23:38:51 test_determinism 1 9.85 13.83
23:38:53 test_determinism 1 9.85 13.82
23:38:55 test_determinism 1 9.85 13.70
23:38:57 test_determinism 1 9.85 13.38
23:38:59 test_determinism 1 9.85 13.83
23:39:01 test_determinism 1 9.85 13.83
23:39:03 test_determinism 1 9.85 13.82
23:39:05 test_determinism 1 9.85 13.82
23:39:07 test_determinism 1 9.85 13.22
23:39:09 test_determinism 1 9.85 13.83
23:39:11 test_determinism 1 9.85 13.75
23:39:13 test_determinism 1 9.85 13.76
23:39:15 test_determinism 1 9.85 13.75
23:39:17 test_determinism 1 9.85 13.75
23:39:19 test_determinism 1 9.85 13.83
23:39:21 test_determinism 1 9.85 13.83
23:39:23 test_determinism 1 9.85 13.75
23:39:25 test_determinism 1 9.85 13.76
23:39:27 test_determinism 1 9.85 13.75
23:39:29 test_determinism 1 9.85 13.31
23:39:31 test_determinism 1 9.85 13.77
23:39:33 test_determinism 1 9.85 13.82
23:39:35 test_determinism 1 9.85 13.82
23:39:37 test_determinism 1 9.85 13.76
23:39:39 test_determinism 1 9.85 13.75
23:39:41 test_determinism 1 9.85 13.76
23:39:43 test_determinism 1 9.85 13.83
23:39:45 test_determinism 1 9.85 13.83
23:39:47 test_determinism 1 9.85 13.75
23:39:49 test_determinism 1 9.85 13.75
23:39:51 test_determinism 1 9.85 13.75
23:39:53 test_determinism 1 9.85 13.75
23:39:55 test_determinism 1 9.85 13.76
23:39:57 test_determinism 1 9.85 13.75
23:39:59 test_determinism 1 9.85 13.75
23:40:01 test_determinism 1 9.85 13.81
23:40:03 test_determinism 1 9.85 13.67
23:40:05 test_determinism 1 9.85 13.75
23:40:07 test_determinism 1 9.85 13.75
23:40:09 test_determinism 1 9.85 13.42
23:40:11 test_determinism 1 9.85 13.75
23:40:13 test_determinism 1 9.85 13.81
23:40:15 test_determinism 1 9.85 13.83
23:40:17 test_determinism 1 9.85 13.83
23:40:19 test_determinism 1 9.85 13.83
23:40:21 test_determinism 1 9.85 13.82
23:40:23 test_determinism 1 9.85 13.83
23:40:25 test_determinism 1 9.85 13.83
23:40:27 test_determinism 1 9.85 13.83
23:40:29 test_determinism 1 9.85 13.76
23:40:31 test_determinism 1 9.85 13.26
23:40:33 test_determinism 1 9.85 13.47
23:40:35 test_determinism 1 9.85 13.76
23:40:37 test_determinism 1 9.85 13.76
23:40:39 test_determinism 1 9.85 13.75
23:40:41 test_determinism 1 9.85 13.76
23:40:43 test_determinism 1 9.85 13.75
23:40:45 test_determinism 2 10.02 13.64
23:40:47 test_determinism 2 10.06 13.61
23:40:49 test_determinism 2 10.06 13.56
23:40:51 test_determinism 2 10.06 13.63
23:40:53 test_determinism 2 10.06 13.61
23:40:55 test_determinism 2 10.06 13.61
23:40:57 test_determinism 2 10.06 13.13
23:40:59 test_determinism 2 10.06 14.05
23:41:01 test_determinism 2 10.06 13.47
23:41:03 test_determinism 2 10.06 13.75
23:41:05 test_determinism 2 10.09 13.74
23:41:07 test_determinism 2 10.09 13.66
23:41:09 test_determinism 2 10.09 13.65
23:41:11 test_determinism 2 10.09 13.65
23:41:13 test_determinism 2 10.17 13.64
23:41:15 test_determinism 2 10.17 13.21
23:41:17 test_determinism 2 10.26 13.49
23:41:19 test_determinism 2 10.33 13.15
23:41:21 test_determinism 2 10.51 13.19
23:41:23 test_determinism 2 10.53 13.23
23:41:25 test_determinism 2 10.66 13.02
23:41:27 test_determinism 2 10.67 13.01
23:41:29 test_determinism 2 10.67 13.01
23:41:31 test_determinism 2 10.68 13.06
23:41:33 test_determinism 2 10.86 12.27
23:41:35 test_determinism 2 11.12 12.54
23:41:37 test_determinism 2 11.22 11.93
23:41:39 test_determinism 2 11.39 12.29
23:41:41 test_determinism 2 11.55 12.19
23:41:43 test_determinism 2 11.56 11.57
23:41:45 test_determinism 2 11.56 12.18
23:41:47 test_determinism 2 11.65 11.94
23:41:49 test_determinism 2 11.96 11.76
23:41:51 test_determinism 2 12.16 11.57
23:41:53 test_determinism 2 12.26 11.47
23:41:55 test_determinism 2 12.35 11.32
23:41:57 test_determinism 2 12.43 11.29
23:41:59 test_determinism 2 12.66 11.06
23:42:01 test_determinism 2 12.87 10.84
23:42:03 test_determinism 2 12.89 10.79
23:42:05 test_determinism 2 13.18 10.68
23:42:07 test_determinism 2 13.40 10.76
23:42:09 test_determinism 2 13.67 10.80
23:42:11 test_determinism 2 13.90 10.15
23:42:13 test_determinism 2 14.04 10.40
23:42:15 test_determinism 2 14.31 10.36
23:42:17 test_determinism 2 14.33 9.99
23:42:19 test_determinism 2 14.34 9.92
23:42:21 test_determinism 2 14.52 9.82
23:42:23 test_determinism 2 14.65 9.69
23:42:25 test_determinism 2 14.80 9.55
23:42:27 test_determinism 2 14.81 9.54
23:42:29 test_determinism 2 14.83 9.52
23:42:31 test_determinism 2 14.83 9.52
23:42:33 test_determinism 2 14.83 9.74
23:42:35 test_determinism 2 14.83 9.74
23:42:37 test_determinism 2 14.83 9.74
23:42:39 test_determinism 2 14.83 9.73
23:42:41 test_determinism 2 14.84 9.73
23:42:43 test_determinism 2 14.84 9.72
23:42:45 test_determinism 2 14.84 9.72
23:42:47 test_determinism 2 15.05 9.50
23:42:49 test_determinism 2 15.07 9.48
23:42:51 test_determinism 2 15.08 9.47
23:42:53 test_determinism 2 15.17 9.37
23:42:55 test_determinism 2 15.15 9.39
23:42:57 test_determinism 2 15.15 9.39
23:42:59 test_determinism 2 15.04 9.49
23:43:01 test_determinism 2 10.06 14.49
23:43:03 test_determinism 2 10.06 14.49
23:43:05 test_determinism 2 10.06 14.49
23:43:07 test_determinism 2 10.06 14.49
23:43:09 test_determinism 2 10.06 14.48
23:43:11 test_determinism 2 10.09 14.45
23:43:13 test_determinism 2 10.09 14.45
23:43:15 test_determinism 2 10.17 14.38
23:43:17 test_determinism 2 10.26 14.29
23:43:19 test_determinism 2 10.51 14.04
23:43:21 test_determinism 2 10.57 13.99
23:43:23 test_determinism 2 10.67 13.88
23:43:25 test_determinism 2 10.74 13.81
23:43:27 test_determinism 2 11.13 13.42
23:43:29 test_determinism 2 11.54 13.01
23:43:31 test_determinism 2 11.56 12.99
23:43:33 test_determinism 2 11.77 12.78
23:43:35 test_determinism 2 12.16 12.39
23:43:37 test_determinism 2 12.35 12.20
23:43:39 test_determinism 2 12.62 11.93
23:43:41 test_determinism 2 12.89 11.65
23:43:43 test_determinism 2 13.12 11.43
23:43:45 test_determinism 2 13.40 11.14
23:43:47 test_determinism 2 13.76 10.79
23:43:49 test_determinism 2 14.01 10.54
23:43:51 test_determinism 2 14.21 10.34
23:43:53 test_determinism 2 14.32 10.22
23:43:55 test_determinism 2 14.34 10.21
23:43:57 test_determinism 2 14.52 10.03
23:43:59 test_determinism 2 14.65 9.89
23:44:01 test_determinism 2 14.80 9.75
23:44:03 test_determinism 2 14.81 9.73
23:44:05 test_determinism 2 14.83 9.71
23:44:07 test_determinism 2 14.83 9.71
23:44:09 test_determinism 2 14.83 9.70
23:44:11 test_determinism 2 14.83 9.71
23:44:13 test_determinism 2 14.83 9.71
23:44:15 test_determinism 2 14.83 9.71
23:44:17 test_determinism 2 14.83 9.70
23:44:19 test_determinism 2 14.84 9.70
23:44:21 test_determinism 2 14.84 9.69
23:44:23 test_determinism 2 15.05 9.48
23:44:25 test_determinism 2 15.07 9.46
23:44:27 test_determinism 2 15.08 9.45
23:44:29 test_determinism 2 15.17 9.35
23:44:31 test_determinism 2 15.15 9.37
23:44:33 test_determinism 2 15.15 9.38
23:44:35 test_determinism 2 15.06 9.47
23:44:37 test_determinism 2 10.06 14.53
23:44:39 test_determinism 2 10.06 14.52
23:44:41 test_determinism 2 10.06 14.58
23:44:43 test_determinism 2 10.06 14.50
23:44:45 test_determinism 2 10.06 14.88
23:44:47 test_determinism 2 10.06 14.36
23:44:49 test_determinism 2 10.06 14.25
23:44:51 test_determinism 2 10.06 14.34
23:44:53 test_determinism 2 10.06 14.33
23:44:55 test_determinism 2 10.12 14.27
23:44:57 test_determinism 2 10.22 14.15
23:44:59 test_determinism 2 10.26 14.14
23:45:01 test_determinism 2 10.69 13.71
23:45:03 test_determinism 2 11.10 13.52
23:45:05 test_determinism 2 11.39 13.23
23:45:07 test_determinism 2 11.72 12.89
23:45:09 test_determinism 2 11.87 12.75
23:45:11 test_determinism 2 12.06 12.55
23:45:13 test_determinism 2 12.21 12.40
23:45:15 test_determinism 2 12.45 12.15
23:45:17 test_determinism 2 12.61 11.99
23:45:19 test_determinism 2 12.80 11.79
23:45:21 test_determinism 2 12.82 11.77
23:45:23 test_determinism 2 12.82 11.77
23:45:25 test_determinism 2 12.82 11.77
23:45:27 test_determinism 2 12.83 11.76
23:45:29 test_determinism 2 12.82 11.76
23:45:31 test_determinism 2 12.82 11.76
23:45:33 test_determinism 2 12.84 11.75
23:45:35 test_determinism 2 12.83 11.75
23:45:37 test_determinism 2 12.84 11.74
23:45:39 test_determinism 2 12.90 11.68
23:45:41 test_determinism 2 12.93 11.65
23:45:43 test_determinism 2 12.96 11.61
23:45:45 test_determinism 2 13.18 11.39
23:45:47 test_determinism 2 13.32 11.24
23:45:49 test_determinism 2 13.32 11.24
23:45:51 test_determinism 2 13.33 11.26
23:45:53 test_determinism 2 13.33 11.25
23:45:55 test_determinism 2 13.35 11.60
23:45:57 test_determinism 2 13.37 11.59
23:45:59 test_determinism 2 13.36 11.28
23:46:01 test_determinism 2 13.36 11.28
23:46:03 test_determinism 1 9.85 14.73
23:46:05 test_determinism 1 9.81 14.77
23:46:07 test_determinism 1 0.00 22.65
23:46:10 test_determinism 1 0.27 24.33
23:46:12 test_terrain 1 0.30 24.29
23:46:14 test_terrain 1 0.30 24.29
23:46:16 test_terrain 1 0.30 24.29
23:46:18 test_terrain 1 0.30 24.28
23:46:20 test_terrain 1 0.30 24.28
23:46:22 test_terrain 1 0.30 24.27
23:46:24 test_terrain 1 0.30 24.27
23:46:26 test_terrain 1 0.30 24.26
23:46:28 test_terrain 1 0.41 24.15
23:46:30 test_terrain 1 0.50 24.06
23:46:32 test_terrain 1 0.74 23.83
23:46:34 test_terrain 1 0.80 23.76
23:46:36 test_terrain 1 1.24 23.32
23:46:38 test_terrain 1 1.52 23.04
23:46:40 test_terrain 1 1.75 22.81
23:46:42 test_terrain 1 1.93 22.62
23:46:44 test_terrain 1 2.09 22.46
23:46:46 test_terrain 1 2.39 22.16
23:46:48 test_terrain 1 2.77 21.76
23:46:50 test_terrain 1 2.82 21.72
23:46:52 test_terrain 1 2.91 21.63
23:46:54 test_terrain 1 3.19 21.36
23:46:56 test_terrain 1 3.47 21.07
23:46:58 test_terrain 1 3.65 20.89
23:47:00 test_terrain 1 3.66 20.88
23:47:02 test_terrain 1 3.86 20.69
23:47:04 test_terrain 1 3.88 20.66
23:47:06 test_terrain 1 3.88 20.67
23:47:08 test_terrain 1 4.24 20.31
23:47:10 test_terrain 1 4.61 19.85
23:47:12 test_terrain 1 4.80 19.68
23:47:14 test_terrain 1 4.81 19.67
23:47:16 test_terrain 1 4.81 19.66
23:47:18 test_terrain 1 4.81 19.67
23:47:20 test_terrain 1 4.82 19.66
23:47:22 test_terrain 1 4.82 19.66
23:47:24 test_terrain 1 4.82 19.66
23:47:26 test_terrain 1 4.92 19.56
23:47:28 test_terrain 1 5.26 19.22
23:47:30 test_terrain 1 5.46 19.02
23:47:32 test_terrain 1 5.55 18.92
23:47:34 test_terrain 1 5.94 18.54
23:47:36 test_terrain 1 6.16 18.32
23:47:38 test_terrain 1 6.23 18.25
23:47:40 test_terrain 1 6.30 18.18
23:47:42 test_terrain 1 6.32 18.15
23:47:44 test_terrain 1 6.32 18.14
23:47:46 test_terrain 1 6.33 18.15
23:47:48 test_terrain 1 6.40 18.08
23:47:50 test_terrain 1 6.49 17.99
23:47:52 test_terrain 1 6.51 17.97
23:47:54 test_terrain 1 6.51 17.99
23:47:56 test_terrain 1 6.83 17.66
23:47:58 test_terrain 1 6.84 17.65
23:48:00 test_terrain 1 6.85 17.65
23:48:02 test_terrain 1 6.86 17.64
23:48:04 test_terrain 1 7.50 17.00
23:48:06 test_terrain 1 7.75 16.75
23:48:08 test_terrain 1 7.76 16.74
23:48:10 test_terrain 1 7.77 16.73
23:48:12 test_terrain 1 7.79 16.71
23:48:14 test_terrain 1 7.79 16.70
23:48:16 test_terrain 1 7.96 16.53
23:48:18 test_terrain 1 7.97 16.52
23:48:20 test_terrain 1 7.98 16.51
23:48:22 test_terrain 1 7.98 16.51
23:48:24 test_terrain 1 8.00 16.49
23:48:26 test_terrain 1 8.12 16.37
23:48:28 test_terrain 1 8.63 15.86
23:48:30 test_terrain 1 8.64 15.85
23:48:32 test_terrain 1 8.64 15.85
23:48:34 test_terrain 1 8.65 15.84
23:48:36 test_terrain 1 8.66 15.83
23:48:38 test_terrain 1 8.67 15.81
23:48:40 test_terrain 1 8.66 15.82
23:48:42 test_terrain 1 8.66 15.83
23:48:44 test_terrain 1 8.66 15.83
23:48:46 test_terrain 1 8.66 15.83
23:48:48 test_terrain 1 8.66 15.83
23:48:50 test_terrain 1 8.66 15.83
23:48:52 test_terrain 1 8.66 15.83
23:48:54 test_terrain 1 8.66 15.83
23:48:56 test_terrain 1 8.66 15.83
23:48:58 test_terrain 1 8.66 15.82
23:49:00 test_terrain 1 8.66 15.82
23:49:02 test_terrain 1 8.66 15.81
23:49:04 test_terrain 1 8.66 15.81
23:49:06 test_terrain 1 8.66 15.82
23:49:08 test_terrain 1 8.66 15.82
23:49:10 test_terrain 1 8.66 15.76
23:49:12 test_terrain 1 8.66 15.82
23:49:14 test_terrain 1 8.66 15.82
23:49:16 test_terrain 1 8.66 15.82
23:49:18 test_terrain 1 8.66 15.82
23:49:20 test_terrain 1 8.66 16.20
23:49:22 test_terrain 1 8.66 15.89
23:49:24 test_terrain 1 8.66 15.89
23:49:26 test_terrain 1 8.66 15.88
23:49:28 test_terrain 1 8.66 15.87
23:49:30 test_terrain 1 8.67 15.87
23:49:32 test_terrain 1 8.67 15.87
23:49:34 test_terrain 1 8.67 15.87
23:49:36 test_terrain 1 8.67 15.86
23:49:38 test_terrain 1 8.67 15.86
23:49:40 test_terrain 1 8.67 15.86
23:49:42 test_terrain 1 8.67 15.87
23:49:44 test_terrain 1 8.67 15.86
23:49:46 test_terrain 1 8.67 15.86
23:49:48 test_terrain 1 8.67 15.86
23:49:50 test_terrain 1 8.67 15.85
23:49:52 test_terrain 1 8.66 15.86
23:49:54 test_terrain 1 8.66 15.86
23:49:56 test_terrain 1 8.66 15.85
23:49:58 test_terrain 1 8.66 15.85
23:50:00 test_terrain 1 8.66 15.85
23:50:02 test_terrain 1 8.66 15.85
23:50:04 test_terrain 1 8.66 15.85
23:50:06 test_terrain 1 8.66 15.84
23:50:08 test_terrain 1 8.66 15.85
23:50:10 test_terrain 1 8.66 15.85
23:50:12 test_terrain 1 8.66 15.84
23:50:14 test_terrain 1 8.66 15.84
23:50:16 test_terrain 2 8.87 15.70
23:50:18 test_terrain 2 8.87 15.69
23:50:20 test_terrain 2 8.87 15.69
23:50:22 test_terrain 2 8.87 15.69
23:50:24 test_terrain 2 8.87 15.69
23:50:26 test_terrain 2 8.89 15.68
23:50:28 test_terrain 2 8.90 15.67
23:50:30 test_terrain 2 8.95 15.63
23:50:32 test_terrain 2 8.99 15.58
23:50:34 test_terrain 2 9.14 15.44
23:50:36 test_terrain 2 9.34 15.23
23:50:38 test_terrain 2 9.48 15.09
23:50:40 test_terrain 2 9.49 15.07
23:50:42 test_terrain 2 9.93 14.10
23:50:44 test_terrain 2 10.17 14.39
23:50:46 test_terrain 2 10.37 14.18
23:50:48 test_terrain 2 10.37 14.18
23:50:50 test_terrain 2 10.84 13.71
23:50:52 test_terrain 2 11.11 13.43
23:50:54 test_terrain 2 11.29 13.26
23:50:56 test_terrain 2 11.61 12.94
23:50:58 test_terrain 2 11.78 12.77
23:51:00 test_terrain 2 12.20 12.36
23:51:02 test_terrain 2 12.28 11.70
23:51:04 test_terrain 2 12.61 11.93
23:51:06 test_terrain 2 12.85 11.69
23:51:08 test_terrain 2 13.11 11.42
23:51:10 test_terrain 2 13.14 11.39
23:51:12 test_terrain 2 13.15 11.38
23:51:14 test_terrain 2 13.39 11.13
23:51:16 test_terrain 2 13.46 11.07
23:51:18 test_terrain 2 13.61 10.93
23:51:20 test_terrain 2 13.62 10.91
23:51:22 test_terrain 2 13.64 10.84
23:51:24 test_terrain 2 13.64 10.89
23:51:26 test_terrain 2 13.64 10.89
23:51:28 test_terrain 2 13.64 10.89
23:51:30 test_terrain 2 13.64 10.89
23:51:32 test_terrain 2 13.64 10.89
23:51:34 test_terrain 2 13.65 11.28
23:51:36 test_terrain 2 13.65 11.28
23:51:38 test_terrain 2 13.65 11.27
23:51:40 test_terrain 2 13.88 11.05
23:51:42 test_terrain 2 13.88 11.05
23:51:44 test_terrain 2 13.90 11.03
23:51:46 test_terrain 2 13.96 10.96
23:51:48 test_terrain 2 13.86 11.06
23:51:50 test_terrain 2 8.87 16.07
23:51:52 test_terrain 2 8.87 16.06
23:51:54 test_terrain 2 8.87 16.06
23:51:56 test_terrain 2 8.87 16.06
23:51:58 test_terrain 2 8.87 16.06
23:52:00 test_terrain 2 8.89 16.04
23:52:02 test_terrain 2 8.90 16.04
23:52:04 test_terrain 2 8.91 16.03
23:52:06 test_terrain 2 8.98 15.96
23:52:08 test_terrain 2 9.14 15.80
23:52:10 test_terrain 2 9.34 15.60
23:52:12 test_terrain 2 9.48 15.46
23:52:14 test_terrain 2 9.50 15.45
23:52:16 test_terrain 2 9.93 15.01
23:52:18 test_terrain 2 10.20 14.74
23:52:20 test_terrain 2 10.37 14.57
23:52:22 test_terrain 2 10.37 14.57
23:52:24 test_terrain 2 10.92 14.02
23:52:26 test_terrain 2 11.12 13.82
23:52:28 test_terrain 2 11.32 13.62
23:52:30 test_terrain 2 11.67 13.26
23:52:32 test_terrain 2 11.82 13.11
23:52:34 test_terrain 2 12.20 12.73
23:52:36 test_terrain 2 12.43 12.49
23:52:38 test_terrain 2 12.70 12.22
23:52:40 test_terrain 2 12.85 12.07
23:52:42 test_terrain 2 13.13 11.80
23:52:44 test_terrain 2 13.15 11.78
23:52:46 test_terrain 2 13.15 11.78
23:52:48 test_terrain 2 13.43 11.50
23:52:50 test_terrain 2 13.48 11.44
23:52:52 test_terrain 2 13.61 11.31
23:52:54 test_terrain 2 13.63 11.29
23:52:56 test_terrain 2 13.64 11.28
23:52:58 test_terrain 2 13.64 11.28
23:53:00 test_terrain 2 13.64 11.28
23:53:02 test_terrain 2 13.64 11.28
23:53:04 test_terrain 2 13.64 11.28
23:53:06 test_terrain 2 13.64 11.28
23:53:08 test_terrain 2 13.65 11.27
23:53:10 test_terrain 2 13.65 11.27
23:53:12 test_terrain 2 13.81 11.12
23:53:14 test_terrain 2 13.88 11.04
23:53:16 test_terrain 2 13.89 11.03
23:53:18 test_terrain 2 13.97 10.95
23:53:20 test_terrain 2 13.97 10.96
23:53:22 test_terrain 2 13.87 11.06
23:53:24 test_terrain 1 8.66 16.22
23:53:26 test_terrain 1 8.66 16.21
23:53:28 test_terrain 1 8.66 16.21
23:53:30 test_terrain 1 8.66 16.21
23:53:32 test_terrain 1 8.66 16.21
23:53:34 test_terrain 1 8.69 16.19
23:53:36 test_terrain 1 8.70 16.18
23:53:38 test_terrain 1 8.77 16.10
23:53:40 test_terrain 1 8.89 15.98
23:53:42 test_terrain 1 9.13 15.74
23:53:44 test_terrain 1 9.27 15.60
23:53:46 test_terrain 1 9.27 15.60
23:53:48 test_terrain 1 9.53 15.34
23:53:50 test_terrain 1 9.88 14.99
23:53:52 test_terrain 1 10.15 14.72
23:53:54 test_terrain 1 10.16 14.71
23:53:56 test_terrain 1 10.56 14.31
23:53:58 test_terrain 1 10.85 14.02
23:54:00 test_terrain 1 11.02 13.85
23:54:02 test_terrain 1 11.39 13.48
23:54:04 test_terrain 1 11.49 13.37
23:54:06 test_terrain 1 11.98 12.89
23:54:08 test_terrain 1 12.06 12.81
23:54:10 test_terrain 1 12.46 12.40
23:54:12 test_terrain 1 12.64 12.22
23:54:14 test_terrain 1 12.91 11.95
23:54:16 test_terrain 1 12.93 11.93
23:54:18 test_terrain 1 12.93 11.92
23:54:20 test_terrain 1 13.21 11.65
23:54:22 test_terrain 1 13.26 11.60
23:54:24 test_terrain 1 13.39 11.46
23:54:26 test_terrain 1 13.41 11.44
23:54:28 test_terrain 1 13.42 11.43
23:54:30 test_terrain 1 13.42 11.43
23:54:32 test_terrain 1 13.42 11.43
23:54:34 test_terrain 1 13.42 11.43
23:54:36 test_terrain 1 13.42 11.43
23:54:38 test_terrain 1 13.42 11.42
23:54:40 test_terrain 1 13.43 11.42
23:54:42 test_terrain 1 13.43 11.42
23:54:44 test_terrain 1 13.39 11.47
23:54:46 test_terrain 1 13.39 11.47
23:54:48 test_terrain 1 13.39 11.47
23:54:50 test_terrain 1 0.27 24.62
23:54:52 test_streaming 1 0.30 24.58
23:54:54 test_streaming 1 0.30 24.59
23:54:56 test_streaming 1 0.30 24.59
23:54:58 test_streaming 1 0.30 24.58
23:55:00 test_streaming 1 0.30 24.58
23:55:02 test_streaming 1 0.30 24.58
23:55:04 test_streaming 1 0.30 24.59
23:55:06 test_streaming 1 0.30 24.58
23:55:08 test_streaming 1 0.34 24.54
23:55:10 test_streaming 1 0.35 24.54
23:55:12 test_streaming 1 0.47 24.42
23:55:14 test_streaming 1 0.75 24.14
23:55:16 test_streaming 1 0.93 23.95
23:55:18 test_streaming 1 1.24 23.64
23:55:20 test_streaming 1 1.52 23.36
23:55:22 test_streaming 1 1.96 22.92
23:55:24 test_streaming 1 2.31 22.57
23:55:26 test_streaming 1 2.35 22.54
23:55:28 test_streaming 1 2.59 22.30
23:55:30 test_streaming 1 2.81 22.08
23:55:32 test_streaming 1 3.25 21.64
23:55:34 test_streaming 1 3.55 21.33
23:55:36 test_streaming 1 3.88 21.00
23:55:38 test_streaming 1 4.30 20.58
23:55:40 test_streaming 1 4.51 20.36
23:55:42 test_streaming 1 4.61 20.27
23:55:44 test_streaming 1 4.63 20.25
23:55:46 test_streaming 1 4.64 20.24
23:55:48 test_streaming 1 4.66 20.22
23:55:50 test_streaming 1 4.65 20.22
23:55:52 test_streaming 1 4.65 20.22
23:55:54 test_streaming 1 4.65 20.22
23:55:56 test_streaming 1 4.65 20.22
23:55:58 test_streaming 1 4.66 20.17
23:56:00 test_streaming 1 4.66 20.22
23:56:02 test_streaming 1 4.66 20.21
23:56:04 test_streaming 1 4.66 20.21
23:56:06 test_streaming 1 4.66 20.60
23:56:08 test_streaming 1 4.66 20.45
23:56:10 test_streaming 1 4.67 20.29
23:56:12 test_streaming 1 4.67 20.28
23:56:14 test_streaming 1 4.67 20.28
23:56:16 test_streaming 1 4.67 20.28
23:56:18 test_streaming 1 4.67 20.27
23:56:20 test_streaming 1 4.67 20.27
23:56:22 test_streaming 1 4.79 20.13
23:56:24 test_streaming 1 5.05 19.88
23:56:26 test_streaming 1 5.09 19.84
23:56:28 test_streaming 1 5.11 19.82
23:56:30 test_streaming 1 5.12 19.80
23:56:32 test_streaming 1 5.13 19.78
23:56:34 test_streaming 1 5.14 19.78
23:56:36 test_streaming 1 5.33 19.59
23:56:38 test_streaming 1 5.35 19.55
23:56:40 test_streaming 1 5.35 19.56
23:56:42 test_streaming 1 5.35 19.55
23:56:44 test_streaming 1 5.35 19.55
23:56:46 test_streaming 1 5.35 19.54
23:56:48 test_streaming 1 5.35 19.54
23:56:50 test_streaming 1 5.37 19.54
23:56:52 test_streaming 1 5.37 19.53
23:56:54 test_streaming 1 5.38 19.52
23:56:56 test_streaming 1 5.40 19.51
23:56:58 test_streaming 1 5.41 19.50
23:57:00 test_streaming 1 5.41 19.50
23:57:02 test_streaming 1 5.41 19.50
23:57:04 test_streaming 1 5.41 19.50
23:57:06 test_streaming 1 5.41 19.49
23:57:08 test_streaming 1 5.41 19.49
23:57:10 test_streaming 1 5.41 19.50
23:57:12 test_streaming 1 5.41 19.50
23:57:14 test_streaming 1 5.41 19.49
23:57:16 test_streaming 1 5.41 19.49
23:57:18 test_streaming 1 5.41 19.49
23:57:20 test_streaming 1 5.41 19.49
23:57:22 test_streaming 1 5.41 19.49
23:57:24 test_streaming 1 5.41 19.49
23:57:26 test_streaming 1 5.41 19.49
23:57:28 test_streaming 1 5.41 19.49
23:57:30 test_streaming 1 5.41 19.49
23:57:32 test_streaming 1 5.41 19.49
23:57:34 test_streaming 1 5.41 19.48
23:57:36 test_streaming 1 5.41 19.49
23:57:38 test_streaming 1 5.41 19.49
23:57:40 test_streaming 1 5.41 19.49
23:57:42 test_streaming 1 5.41 19.48
23:57:44 test_streaming 1 5.41 19.48
23:57:46 test_streaming 1 5.41 19.48
23:57:48 test_streaming 1 5.41 19.48
23:57:50 test_streaming 1 5.41 19.48
23:57:52 test_streaming 1 5.41 19.48
23:57:54 test_streaming 1 5.41 19.48
23:57:56 test_streaming 1 5.41 19.49
23:57:58 test_streaming 1 5.41 19.24
23:58:00 test_streaming 1 5.41 18.85
23:58:02 test_streaming 1 5.42 18.78
23:58:04 test_streaming 1 5.42 18.71
23:58:06 test_streaming 1 5.42 18.75
23:58:08 test_streaming 1 5.42 19.49
23:58:10 test_streaming 1 5.42 19.49
23:58:12 test_streaming 1 5.42 19.49
23:58:14 test_streaming 1 5.42 19.48
23:58:16 test_streaming 1 5.42 19.48
23:58:18 test_streaming 1 5.42 19.48
23:58:20 test_streaming 1 5.42 19.48
23:58:22 test_streaming 1 5.42 19.48
23:58:24 test_streaming 1 5.42 19.48
23:58:26 test_streaming 1 5.42 19.49
23:58:28 test_streaming 1 5.42 19.48
23:58:30 test_streaming 1 5.42 19.48
23:58:32 test_streaming 1 5.42 19.48
23:58:34 test_streaming 1 5.42 19.48
23:58:36 test_streaming 1 5.42 19.48
23:58:38 test_streaming 1 5.42 19.48
23:58:40 test_streaming 1 5.42 19.48
23:58:42 test_streaming 1 5.42 19.48
23:58:44 test_streaming 1 5.42 19.48
23:58:46 test_streaming 1 5.42 19.48
23:58:48 test_streaming 1 5.42 19.48
23:58:50 test_streaming 1 5.42 19.48
23:58:52 test_streaming 1 5.42 19.47
23:58:54 test_streaming 1 5.42 19.48
23:58:56 test_streaming 1 5.42 19.48
23:58:58 test_streaming 1 5.42 19.48
23:59:00 test_streaming 1 5.42 19.48
23:59:02 test_streaming 1 5.42 19.48
23:59:04 test_streaming 1 5.42 19.48
23:59:06 test_streaming 1 5.42 19.48
23:59:08 test_streaming 1 5.42 19.48
23:59:10 test_streaming 1 5.42 19.48
23:59:12 test_streaming 1 5.42 19.47
23:59:14 test_streaming 1 5.42 19.47
23:59:16 test_streaming 1 5.42 19.47
23:59:18 test_streaming 1 5.42 19.47
23:59:20 test_streaming 1 5.42 19.47
23:59:22 test_streaming 1 5.42 19.47
23:59:24 test_streaming 1 5.42 19.47
23:59:26 test_streaming 1 5.42 19.18
23:59:28 test_streaming 1 5.42 19.18
23:59:30 test_streaming 1 5.42 19.18
23:59:32 test_streaming 1 5.42 19.18
23:59:34 test_streaming 1 5.42 19.18
23:59:36 test_streaming 1 5.42 19.18
23:59:38 test_streaming 1 5.42 19.18
23:59:40 test_streaming 1 5.42 19.18
23:59:42 test_streaming 1 5.42 19.47
23:59:44 test_streaming 1 5.42 19.46
23:59:46 test_streaming 1 5.42 19.46
23:59:48 test_streaming 1 5.42 19.46
23:59:50 test_streaming 1 5.42 19.46
23:59:52 test_streaming 1 5.42 19.46
23:59:54 test_streaming 1 5.42 19.46
23:59:56 test_streaming 1 5.42 19.46
23:59:58 test_streaming 1 5.42 19.46
00:00:00 test_streaming 1 5.42 19.46
00:00:02 test_streaming 1 5.42 19.46
00:00:04 test_streaming 1 5.42 19.45
00:00:06 test_streaming 1 5.42 19.45
00:00:08 test_streaming 1 5.42 19.45
00:00:10 test_streaming 1 5.42 19.45
00:00:12 test_streaming 1 5.42 19.45
00:00:14 test_streaming 1 5.42 19.45
00:00:16 test_streaming 1 5.42 19.44
00:00:18 test_streaming 1 5.42 19.45
00:00:20 test_streaming 1 5.42 19.44
00:00:22 test_streaming 1 5.42 19.44
00:00:24 test_streaming 1 5.42 19.46
00:00:26 test_streaming 1 5.42 19.46
00:00:28 test_streaming 1 5.42 19.46
00:00:30 test_streaming 1 5.42 19.46
00:00:32 test_streaming 1 5.42 19.46
00:00:34 test_streaming 1 5.42 19.46
00:00:36 test_streaming 1 5.42 19.46
00:00:38 test_streaming 1 5.42 19.46
00:00:40 test_streaming 1 5.42 19.46
00:00:42 test_streaming 1 5.42 19.46
00:00:44 test_streaming 1 5.42 19.17
00:00:46 test_streaming 1 5.42 19.46
00:00:48 test_streaming 1 5.42 19.46
00:00:50 test_streaming 1 5.42 19.46
00:00:52 test_streaming 1 5.42 19.46
00:00:54 test_streaming 1 5.42 19.46
00:00:56 test_streaming 1 5.42 19.46
00:00:58 test_streaming 1 5.42 19.46
00:01:00 test_streaming 1 5.42 19.46
00:01:02 test_streaming 1 5.42 19.46
00:01:04 test_streaming 1 5.42 18.94
00:01:06 test_streaming 1 5.42 18.94
00:01:08 test_streaming 1 5.42 18.93
00:01:11 test_streaming 1 5.42 19.47
00:01:13 test_streaming 1 5.42 19.47
00:01:15 test_streaming 1 5.42 19.47
00:01:17 test_streaming 1 5.42 19.46
00:01:19 test_streaming 1 5.42 19.47
00:01:21 test_streaming 1 5.42 19.47
00:01:23 test_streaming 1 5.42 19.47
00:01:25 test_streaming 1 5.42 19.47
00:01:27 test_streaming 1 5.42 19.47
00:01:29 test_streaming 1 5.42 19.47
00:01:31 test_streaming 1 5.42 19.47
00:01:33 test_streaming 1 5.42 19.47
00:01:35 test_streaming 1 5.42 19.47
00:01:37 test_streaming 1 5.42 19.47
00:01:39 test_streaming 1 5.42 19.01
00:01:41 test_streaming 1 5.42 19.00
00:01:43 test_streaming 1 5.42 18.94
00:01:45 test_streaming 1 5.42 18.38
00:01:47 test_streaming 1 5.42 18.93
00:01:49 test_streaming 1 5.42 18.89
00:01:51 test_streaming 1 5.42 18.34
00:01:53 test_streaming 1 5.42 18.93
00:01:55 test_streaming 1 5.42 18.91
00:01:57 test_streaming 1 5.42 19.00
00:01:59 test_streaming 1 5.42 19.01
00:02:01 test_streaming 1 5.42 19.00
00:02:03 test_streaming 1 5.42 18.85
00:02:05 test_streaming 1 5.42 18.93
00:02:07 test_streaming 1 5.42 18.93
00:02:09 test_streaming 1 5.42 18.99
00:02:11 test_streaming 1 5.42 18.99
00:02:13 test_streaming 1 5.42 18.99
00:02:15 test_streaming 1 5.42 19.00
00:02:17 test_streaming 1 5.42 18.99
00:02:19 test_streaming 1 5.42 18.76
00:02:21 test_streaming 1 5.42 18.57
00:02:23 test_streaming 1 5.42 18.43
00:02:25 test_streaming 1 5.42 18.90
00:02:27 test_streaming 1 5.42 18.91
00:02:29 test_streaming 1 5.42 18.98
00:02:31 test_streaming 1 5.42 18.84
00:02:33 test_streaming 1 5.42 18.98
00:02:35 test_streaming 1 5.42 18.35
00:02:37 test_streaming 1 5.42 18.92
00:02:39 test_streaming 1 5.42 18.85
00:02:41 test_streaming 1 5.42 18.36
00:02:43 test_streaming 1 5.42 18.98
00:02:45 test_streaming 1 5.42 18.99
00:02:47 test_streaming 1 5.42 18.99
00:02:49 test_streaming 1 5.42 18.93
00:02:51 test_streaming 1 5.42 18.59
00:02:53 test_streaming 1 5.42 18.99
00:02:55 test_streaming 1 5.42 18.91
00:02:57 test_streaming 1 5.42 18.99
00:02:59 test_streaming 1 5.42 18.48
00:03:01 test_streaming 1 5.42 18.99
00:03:03 test_streaming 1 5.42 18.99
00:03:05 test_streaming 1 5.42 18.68
00:03:07 test_streaming 1 5.42 18.92
00:03:09 test_streaming 1 5.42 18.37
00:03:11 test_streaming 1 5.42 18.99
00:03:13 test_streaming 1 5.42 18.92
00:03:15 test_streaming 1 5.42 18.92
00:03:17 test_streaming 1 5.42 18.92
00:03:19 test_streaming 1 5.42 18.66
00:03:21 test_streaming 1 5.42 18.92
00:03:23 test_streaming 1 5.42 18.84
00:03:25 test_streaming 1 5.42 18.92
00:03:27 test_streaming 1 5.42 18.90
00:03:29 test_streaming 1 5.42 18.99
00:03:31 test_streaming 1 5.42 18.98
00:03:33 test_streaming 1 5.42 18.99
00:03:35 test_streaming 1 5.42 18.97
00:03:37 test_streaming 1 5.42 18.98
00:03:39 test_streaming 1 5.43 18.97
00:03:41 test_streaming 1 5.43 18.90
00:03:43 test_streaming 1 5.43 18.89
00:03:45 test_streaming 1 5.43 18.90
00:03:47 test_streaming 1 5.43 18.90
00:03:49 test_streaming 1 5.43 18.98
00:03:51 test_streaming 1 5.43 18.96
00:03:53 test_streaming 1 5.43 18.99
00:03:55 test_streaming 1 5.43 18.36
00:03:57 test_streaming 1 5.43 18.92
00:03:59 test_streaming 1 5.43 18.36
00:04:01 test_streaming 1 5.43 18.92
00:04:03 test_streaming 1 5.43 18.98
00:04:05 test_streaming 1 5.43 18.67
00:04:07 test_streaming 1 5.43 18.91
00:04:09 test_streaming 1 5.43 18.91
00:04:11 test_streaming 1 5.43 18.84
00:04:13 test_streaming 1 5.43 18.89
00:04:15 test_streaming 1 5.43 18.35
00:04:17 test_streaming 1 5.43 18.82
00:04:19 test_streaming 1 5.43 18.90
00:04:21 test_streaming 1 5.43 18.98
00:04:23 test_streaming 1 5.43 18.91
00:04:25 test_streaming 1 5.43 18.91
00:04:27 test_streaming 1 5.43 18.90
00:04:29 test_streaming 1 5.43 18.91
00:04:31 test_streaming 1 5.43 18.91
00:04:33 test_streaming 1 5.43 18.86
00:04:35 test_streaming 1 5.43 18.36
00:04:37 test_streaming 1 5.43 18.63
00:04:39 test_streaming 1 5.43 18.98
00:04:41 test_streaming 1 5.43 18.90
00:04:43 test_streaming 1 5.43 18.98
00:04:45 test_streaming 1 5.43 18.90
00:04:47 test_streaming 1 5.43 18.90
00:04:49 test_streaming 1 5.43 18.89
00:04:51 test_streaming 1 5.43 18.82
00:04:53 test_streaming 1 5.43 18.95
00:04:55 test_streaming 1 5.43 18.98
00:04:57 test_streaming 1 5.43 18.98
00:04:59 test_streaming 1 5.43 18.43
00:05:01 test_streaming 1 5.43 18.90
00:05:03 test_streaming 1 5.43 18.83
00:05:05 test_streaming 1 5.43 18.92
00:05:07 test_streaming 1 5.43 18.92
00:05:09 test_streaming 1 5.43 18.36
00:05:11 test_streaming 1 5.43 18.35
00:05:13 test_streaming 1 5.43 18.97
00:05:15 test_streaming 1 5.43 18.98
00:05:17 test_streaming 1 5.43 18.90
00:05:19 test_streaming 1 5.43 18.38
00:05:21 test_streaming 1 5.43 18.90
00:05:23 test_streaming 1 5.43 18.36
00:05:25 test_streaming 1 5.43 18.42
00:05:27 test_streaming 1 5.43 18.90
00:05:29 test_streaming 1 5.43 18.90
00:05:31 test_streaming 1 5.43 18.91
00:05:33 test_streaming 1 5.43 18.98
00:05:35 test_streaming 1 5.43 18.98
00:05:37 test_streaming 1 5.43 18.93
00:05:39 test_streaming 1 5.43 18.98
00:05:41 test_streaming 1 5.43 18.92
00:05:43 test_streaming 1 5.43 18.98
00:05:45 test_streaming 1 5.43 18.85
00:05:47 test_streaming 1 5.43 18.90
00:05:49 test_streaming 1 5.43 18.97
00:05:51 test_streaming 1 5.43 18.36
00:05:53 test_streaming 1 5.43 18.97
00:05:55 test_streaming 1 5.43 18.34
00:05:57 test_streaming 1 5.43 18.89
00:05:59 test_streaming 1 5.43 18.88
00:06:01 test_streaming 1 5.43 18.95
00:06:03 test_streaming 1 5.43 18.96
00:06:05 test_streaming 1 5.43 18.50
00:06:07 test_streaming 1 5.43 18.97
00:06:09 test_streaming 1 5.43 18.97
00:06:11 test_streaming 1 5.43 18.99
00:06:13 test_streaming 1 5.43 18.35
00:06:15 test_streaming 1 5.43 18.36
00:06:17 test_streaming 1 5.43 18.35
00:06:19 test_streaming 1 5.43 18.92
00:06:21 test_streaming 1 5.43 18.97
00:06:23 test_streaming 1 5.43 18.97
00:06:25 test_streaming 1 5.43 18.96
00:06:27 test_streaming 1 5.43 18.41
00:06:29 test_streaming 1 5.43 18.90
00:06:31 test_streaming 1 5.43 18.90
00:06:33 test_streaming 1 5.43 18.97
00:06:35 test_streaming 1 5.43 18.90
00:06:37 test_streaming 1 5.43 18.96
00:06:39 test_streaming 1 5.43 18.96
00:06:41 test_streaming 1 5.43 18.88
00:06:43 test_streaming 1 5.43 18.88
00:06:45 test_streaming 1 5.43 18.90
00:06:47 test_streaming 1 5.43 18.97
00:06:49 test_streaming 1 5.43 18.97
00:06:51 test_streaming 1 5.43 18.96
00:06:53 test_streaming 1 5.43 18.44
00:06:55 test_streaming 1 5.43 18.97
00:06:57 test_streaming 1 5.43 18.91
00:06:59 test_streaming 1 5.43 18.92
00:07:01 test_streaming 1 5.42 18.92
00:07:03 test_streaming 1 5.42 18.98
00:07:05 test_streaming 1 5.42 18.36
00:07:07 test_streaming 1 5.42 18.91
00:07:09 test_streaming 1 5.42 18.91
00:07:11 test_streaming 1 5.42 18.82
00:07:13 test_streaming 1 5.42 18.97
00:07:15 test_streaming 1 5.42 18.35
00:07:17 test_streaming 1 5.42 18.94
00:07:19 test_streaming 1 5.42 18.52
00:07:21 test_streaming 1 5.42 18.36
00:07:23 test_streaming 1 5.42 18.40
00:07:25 test_streaming 1 5.42 18.97
00:07:27 test_streaming 1 5.42 18.92
00:07:29 test_streaming 1 5.42 18.93
00:07:31 test_streaming 1 5.42 18.92
00:07:33 test_streaming 1 5.42 18.99
00:07:35 test_streaming 1 5.42 18.99
00:07:37 test_streaming 1 5.42 18.36
00:07:39 test_streaming 1 5.42 18.92
00:07:41 test_streaming 1 5.42 18.91
00:07:43 test_streaming 1 5.42 18.98
00:07:45 test_streaming 1 5.42 18.62
00:07:47 test_streaming 1 5.42 18.97
00:07:49 test_streaming 1 5.42 18.79
00:07:51 test_streaming 1 5.42 18.89
00:07:53 test_streaming 1 5.42 18.90
00:07:55 test_streaming 1 5.42 18.91
00:07:57 test_streaming 1 5.42 18.97
00:07:59 test_streaming 1 5.42 18.91
00:08:01 test_streaming 1 5.42 18.97
00:08:03 test_streaming 1 5.42 18.98
00:08:05 test_streaming 1 5.42 18.93
00:08:07 test_streaming 1 5.42 18.94
00:08:09 test_streaming 1 5.42 18.94
00:08:11 test_streaming 1 5.42 18.99
00:08:13 test_streaming 1 5.42 18.35
00:08:16 test_streaming 1 5.42 18.36
00:08:18 test_streaming 1 5.42 18.36
00:08:20 test_streaming 1 5.42 18.98
00:08:22 test_streaming 1 5.42 18.36
00:08:24 test_streaming 1 5.43 18.87
00:08:26 test_streaming 1 5.43 18.94
00:08:28 test_streaming 1 5.43 18.65
00:08:30 test_streaming 1 5.43 18.92
00:08:32 test_streaming 1 5.43 18.97
00:08:34 test_streaming 1 5.43 18.89
00:08:36 test_streaming 1 5.43 18.63
00:08:38 test_streaming 1 5.43 18.65
00:08:40 test_streaming 1 5.43 18.88
00:08:42 test_streaming 1 5.43 18.33
00:08:44 test_streaming 1 5.43 18.91
00:08:46 test_streaming 1 5.43 18.97
00:08:48 test_streaming 1 5.43 18.90
00:08:50 test_streaming 1 5.43 18.89
00:08:52 test_streaming 1 5.43 18.96
00:08:54 test_streaming 1 5.43 18.82
00:08:56 test_streaming 1 5.43 18.89
00:08:58 test_streaming 1 5.43 18.89
00:09:00 test_streaming 1 5.43 18.88
00:09:02 test_streaming 1 5.43 18.89
00:09:04 test_streaming 1 5.43 18.94
00:09:06 test_streaming 1 5.43 18.44
00:09:08 test_streaming 1 5.43 18.58
00:09:10 test_streaming 1 5.43 18.34
00:09:12 test_streaming 1 5.43 18.55
00:09:14 test_streaming 1 5.43 18.83
00:09:16 test_streaming 1 5.43 18.96
00:09:18 test_streaming 1 5.43 18.91
00:09:20 test_streaming 1 5.43 18.89
00:09:22 test_streaming 1 5.43 18.77
00:09:24 test_streaming 1 5.43 18.89
00:09:26 test_streaming 1 5.43 18.89
00:09:28 test_streaming 1 5.43 18.34
00:09:30 test_streaming 1 5.43 18.88
00:09:32 test_streaming 1 5.43 19.00
00:09:34 test_streaming 1 5.43 18.97
00:09:36 test_streaming 1 5.43 18.96
00:09:38 test_streaming 1 5.43 18.91
00:09:40 test_streaming 1 5.43 18.96
00:09:42 test_streaming 1 5.43 18.89
00:09:44 test_streaming 1 5.43 18.83
00:09:46 test_streaming 1 5.43 18.91
00:09:48 test_streaming 1 5.43 18.59
00:09:50 test_streaming 1 5.43 18.37
00:09:52 test_streaming 1 5.43 18.34
00:09:54 test_streaming 1 5.43 18.90
00:09:56 test_streaming 1 5.43 18.51
00:09:58 test_streaming 1 5.43 18.80
00:10:00 test_streaming 1 5.43 18.89
00:10:02 test_streaming 1 5.43 18.84
00:10:04 test_streaming 1 5.43 18.89
00:10:06 test_streaming 1 5.43 18.38
00:10:08 test_streaming 1 5.43 18.35
00:10:10 test_streaming 1 5.43 18.85
00:10:12 test_streaming 1 5.43 18.90
00:10:14 test_streaming 1 5.43 18.96
00:10:16 test_streaming 1 5.43 18.90
00:10:18 test_streaming 1 5.43 18.95
00:10:20 test_streaming 1 5.43 18.42
00:10:22 test_streaming 1 5.43 18.95
00:10:24 test_streaming 1 5.43 18.95
00:10:26 test_streaming 1 5.43 18.89
00:10:28 test_streaming 1 5.43 18.91
00:10:30 test_streaming 1 5.43 18.89
00:10:32 test_streaming 1 5.43 18.88
00:10:34 test_streaming 1 5.43 18.95
00:10:36 test_streaming 1 5.43 18.88
00:10:38 test_streaming 1 5.43 18.95
00:10:40 test_streaming 1 5.43 18.89
00:10:42 test_streaming 1 5.43 18.34
00:10:44 test_streaming 1 5.43 18.91
00:10:46 test_streaming 1 5.43 18.89
00:10:48 test_streaming 1 5.43 18.83
00:10:50 test_streaming 1 5.43 18.97
00:10:52 test_streaming 1 5.43 18.96
00:10:54 test_streaming 1 5.43 18.96
00:10:56 test_streaming 1 5.43 18.44
00:10:58 test_streaming 1 5.43 18.95
00:11:00 test_streaming 1 5.43 18.91
00:11:02 test_streaming 1 5.43 18.33
00:11:04 test_streaming 1 5.43 18.80
00:11:06 test_streaming 1 5.43 18.96
00:11:08 test_streaming 1 5.43 18.34
00:11:10 test_streaming 1 5.43 18.89
00:11:12 test_streaming 1 5.42 18.96
00:11:14 test_streaming 1 5.42 18.95
00:11:16 test_streaming 1 5.42 18.97
00:11:18 test_streaming 1 5.42 18.97
00:11:20 test_streaming 1 5.42 18.96
00:11:22 test_streaming 1 5.42 18.97
00:11:24 test_streaming 1 5.42 18.96
00:11:26 test_streaming 1 5.42 18.64
00:11:28 test_streaming 1 5.42 18.97
00:11:30 test_streaming 1 5.42 18.89
00:11:32 test_streaming 1 5.42 18.92
00:11:34 test_streaming 1 5.42 18.96
00:11:36 test_streaming 1 5.42 18.97
00:11:38 test_streaming 1 5.42 18.89
00:11:40 test_streaming 1 5.42 18.35
00:11:42 test_streaming 1 5.42 18.87
00:11:44 test_streaming 1 5.42 18.89
00:11:46 test_streaming 1 5.42 18.96
00:11:48 test_streaming 1 5.42 18.89
00:11:50 test_streaming 1 5.42 18.96
00:11:52 test_streaming 1 5.42 18.79
00:11:54 test_streaming 1 5.42 18.82
00:11:56 test_streaming 1 5.42 18.89
00:11:58 test_streaming 1 5.42 18.35
00:12:00 test_streaming 1 5.42 18.89
00:12:02 test_streaming 1 5.42 18.90
00:12:04 test_streaming 1 5.42 18.97
00:12:06 test_streaming 1 5.42 18.89
00:12:08 test_streaming 1 5.42 18.97
00:12:10 test_streaming 1 5.42 18.83
00:12:12 test_streaming 1 5.42 18.89
00:12:14 test_streaming 1 5.42 18.90
00:12:16 test_streaming 1 5.42 18.96
00:12:18 test_streaming 1 5.42 18.97
00:12:20 test_streaming 1 5.42 18.89
00:12:22 test_streaming 1 5.42 18.81
00:12:24 test_streaming 1 5.42 18.35
00:12:26 test_streaming 1 5.42 18.89
00:12:28 test_streaming 1 5.42 18.61
00:12:30 test_streaming 1 5.42 18.94
00:12:32 test_streaming 1 5.42 18.96
00:12:34 test_streaming 1 5.42 18.89
00:12:36 test_streaming 1 5.42 18.88
00:12:38 test_streaming 1 5.42 18.94
00:12:40 test_streaming 1 5.42 18.86
00:12:42 test_streaming 1 5.42 18.78
00:12:44 test_streaming 1 5.42 18.94
00:12:46 test_streaming 1 5.42 18.32
00:12:48 test_streaming 1 5.42 18.80
00:12:50 test_streaming 1 5.42 18.83
00:12:52 test_streaming 1 5.42 18.94
00:12:54 test_streaming 1 5.42 18.88
00:12:56 test_streaming 1 5.42 18.87
00:12:58 test_streaming 1 5.42 18.93
00:13:00 test_streaming 1 5.42 18.96
00:13:02 test_streaming 1 5.42 18.33
00:13:04 test_streaming 1 5.42 18.33
00:13:06 test_streaming 1 5.42 18.88
00:13:08 test_streaming 1 5.42 18.95
00:13:10 test_streaming 1 5.42 18.88
00:13:12 test_streaming 1 5.42 18.88
00:13:14 test_streaming 1 5.42 18.33
00:13:16 test_streaming 1 5.42 18.96
00:13:18 test_streaming 1 5.42 18.88
00:13:20 test_streaming 1 5.42 18.82
00:13:22 test_streaming 1 5.42 18.32
00:13:24 test_streaming 1 5.42 18.76
00:13:26 test_streaming 1 5.42 18.94
00:13:28 test_streaming 1 5.42 18.87
00:13:30 test_streaming 1 5.42 18.93
00:13:32 test_streaming 1 5.42 18.32
00:13:34 test_streaming 1 5.42 18.95
00:13:36 test_streaming 1 5.42 18.87
00:13:38 test_streaming 1 5.42 18.33
00:13:40 test_streaming 1 5.42 18.43
00:13:42 test_streaming 1 5.42 18.38
00:13:44 test_streaming 1 5.42 18.28
00:13:46 test_streaming 1 5.42 18.35
00:13:48 test_streaming 1 5.42 18.43
00:13:50 test_streaming 1 5.42 18.00
00:13:52 test_streaming 1 5.42 18.36
00:13:54 test_streaming 1 5.42 18.44
00:13:56 test_streaming 1 5.42 18.28
00:13:58 test_streaming 1 5.42 18.37
00:14:00 test_streaming 1 5.42 18.37
00:14:02 test_streaming 1 5.42 18.34
00:14:04 test_streaming 1 5.42 18.31
00:14:06 test_streaming 1 5.42 18.01
00:14:08 test_streaming 1 5.42 18.35
00:14:10 test_streaming 1 5.42 18.88
00:14:12 test_streaming 1 5.42 18.33
00:14:14 test_streaming 1 5.42 18.88
00:14:16 test_streaming 1 5.42 18.95
00:14:18 test_streaming 1 5.42 18.89
00:14:20 test_streaming 1 5.42 18.89
00:14:22 test_streaming 1 5.42 18.95
00:14:24 test_streaming 1 5.42 18.95
00:14:26 test_streaming 1 5.42 18.89
00:14:28 test_streaming 1 5.42 18.87
00:14:30 test_streaming 1 5.42 18.97
00:14:32 test_streaming 1 5.42 18.82
00:14:34 test_streaming 1 5.42 18.88
00:14:36 test_streaming 1 5.42 18.94
00:14:38 test_streaming 1 5.42 18.94
00:14:40 test_streaming 1 5.42 18.52
00:14:42 test_streaming 1 5.42 18.92
00:14:44 test_streaming 1 5.42 18.92
00:14:47 test_streaming 1 5.42 18.88
00:14:49 test_streaming 1 5.42 18.89
00:14:51 test_streaming 1 5.42 18.62
00:14:53 test_streaming 1 5.42 18.32
00:14:55 test_streaming 1 5.42 18.96
00:14:57 test_streaming 1 5.42 18.62
00:14:59 test_streaming 1 5.42 18.64
00:15:01 test_streaming 1 5.42 18.87
00:15:03 test_streaming 1 5.42 18.94
00:15:05 test_streaming 1 5.42 18.32
00:15:07 test_streaming 1 5.42 18.63
00:15:09 test_streaming 1 5.42 18.88
00:15:11 test_streaming 1 5.42 18.94
00:15:13 test_streaming 1 5.42 18.94
00:15:15 test_streaming 1 5.42 18.86
00:15:17 test_streaming 1 5.42 18.95
00:15:19 test_streaming 1 5.42 18.90
00:15:21 test_streaming 1 5.42 18.95
00:15:23 test_streaming 1 5.42 18.38
00:15:25 test_streaming 1 5.43 18.88
00:15:27 test_streaming 1 5.43 18.88
00:15:29 test_streaming 1 5.64 18.68
00:15:31 test_streaming 1 5.85 18.45
00:15:33 test_streaming 1 5.90 18.46
00:15:35 test_streaming 1 5.90 17.86
00:15:37 test_streaming 1 5.91 18.42
00:15:39 test_streaming 1 5.92 18.39
00:15:41 test_streaming 1 5.93 18.45
00:15:43 test_streaming 1 5.93 18.40
00:15:45 test_streaming 1 5.94 18.16
00:15:47 test_streaming 1 5.94 18.35
00:15:49 test_streaming 1 5.94 18.36
00:15:51 test_streaming 1 5.94 18.44
00:15:53 test_streaming 1 5.94 18.44
00:15:55 test_streaming 1 5.94 18.33
00:15:57 test_streaming 1 5.94 18.43
00:15:59 test_streaming 1 5.94 18.37
00:16:01 test_streaming 1 5.94 18.36
00:16:03 test_streaming 1 5.94 18.37
00:16:05 test_streaming 1 5.94 18.42
00:16:07 test_streaming 1 5.95 18.43
00:16:09 test_streaming 1 5.95 18.29
00:16:11 test_streaming 1 5.95 18.36
00:16:13 test_streaming 1 5.95 18.35
00:16:15 test_streaming 1 5.95 18.36
00:16:17 test_streaming 1 5.95 18.42
00:16:19 test_streaming 1 5.95 18.41
00:16:21 test_streaming 1 5.95 18.28
00:16:23 test_streaming 1 5.95 18.42
00:16:25 test_streaming 1 5.95 18.31
00:16:27 test_streaming 1 5.95 18.42
00:16:29 test_streaming 1 5.95 18.35
00:16:31 test_streaming 1 5.95 17.96
00:16:33 test_streaming 1 5.95 18.44
00:16:35 test_streaming 1 5.95 17.94
00:16:37 test_streaming 1 5.95 18.01
00:16:39 test_streaming 1 5.95 18.38
00:16:41 test_streaming 1 5.95 17.87
00:16:43 test_streaming 1 5.95 17.72
00:16:45 test_streaming 1 5.95 17.79
00:16:47 test_streaming 1 5.95 17.73
00:16:49 test_streaming 1 5.95 17.71
00:16:51 test_streaming 1 5.95 17.74
00:16:53 test_streaming 1 5.95 17.79
00:16:55 test_streaming 1 5.95 17.75
00:16:57 test_streaming 1 5.95 17.93
00:16:59 test_streaming 1 5.95 17.93
00:17:01 test_streaming 1 5.95 18.00
00:17:03 test_streaming 1 5.95 18.01
00:17:05 test_streaming 1 5.95 17.93
00:17:07 test_streaming 1 5.95 17.96
00:17:09 test_streaming 1 5.95 17.94
00:17:11 test_streaming 1 5.95 17.94
00:17:13 test_streaming 1 5.95 17.37
00:17:15 test_streaming 1 5.95 17.93
00:17:17 test_streaming 1 5.95 17.39
00:17:19 test_streaming 1 5.95 18.00
00:17:21 test_streaming 1 5.95 17.92
00:17:23 test_streaming 1 5.95 17.92
00:17:25 test_streaming 1 5.95 17.88
00:17:27 test_streaming 1 5.95 17.98
00:17:29 test_streaming 1 5.95 17.94
00:17:31 test_streaming 1 5.95 17.90
00:17:33 test_streaming 1 5.95 17.98
00:17:35 test_streaming 1 5.95 17.50
00:17:37 test_streaming 1 5.95 17.91
00:17:39 test_streaming 1 5.95 17.38
00:17:41 test_streaming 1 5.95 17.92
00:17:43 test_streaming 1 5.95 17.92
00:17:45 test_streaming 1 5.95 17.99
00:17:47 test_streaming 1 5.95 17.10
00:17:49 test_streaming 1 5.95 17.57
00:17:51 test_streaming 1 5.95 17.93
00:17:53 test_streaming 1 5.95 17.91
00:17:55 test_streaming 1 5.95 17.36
00:17:57 test_streaming 1 5.95 17.99
00:17:59 test_streaming 1 5.95 17.99
00:18:01 test_streaming 1 5.95 17.92
00:18:03 test_streaming 1 5.95 18.00
00:18:05 test_streaming 1 5.95 17.93
00:18:07 test_streaming 1 5.95 17.98
00:18:09 test_streaming 1 5.95 17.98
00:18:11 test_streaming 1 5.95 17.95
00:18:13 test_streaming 1 5.95 17.36
00:18:15 test_streaming 1 5.95 17.92
00:18:17 test_streaming 1 5.95 17.98
00:18:19 test_streaming 1 5.95 17.90
00:18:21 test_streaming 1 5.95 17.65
00:18:23 test_streaming 1 5.95 17.51
00:18:25 test_streaming 1 5.95 17.93
00:18:27 test_streaming 1 5.95 17.90
00:18:29 test_streaming 1 5.95 17.97
00:18:31 test_streaming 1 5.95 17.86
00:18:33 test_streaming 1 5.95 17.82
00:18:35 test_streaming 1 5.95 17.96
00:18:37 test_streaming 1 5.95 17.98
00:18:39 test_streaming 1 5.95 17.91
00:18:41 test_streaming 1 5.95 17.91
00:18:43 test_streaming 1 5.95 17.89
00:18:45 test_streaming 1 5.95 17.91
00:18:47 test_streaming 1 5.95 17.66
00:18:49 test_streaming 1 5.95 17.53
00:18:51 test_streaming 1 5.95 17.37
00:18:53 test_streaming 0 0.00 23.83
00:18:55 test_streaming 1 0.27 23.67
00:18:57 test_streaming 1 0.27 23.57
00:18:59 test_terrain_lod 1 0.30 23.48
00:19:01 test_terrain_lod 1 0.30 23.63
00:19:03 test_terrain_lod 1 0.30 23.63
00:19:05 test_terrain_lod 1 0.30 23.56
00:19:07 test_terrain_lod 1 0.30 23.58
00:19:09 test_terrain_lod 1 0.30 23.55
00:19:11 test_terrain_lod 1 0.30 23.03
00:19:13 test_terrain_lod 1 0.30 23.64
00:19:15 test_terrain_lod 1 0.30 23.56
00:19:17 test_terrain_lod 1 0.30 23.04
00:19:19 test_terrain_lod 1 0.30 23.50
00:19:21 test_terrain_lod 1 0.30 23.58
00:19:23 test_terrain_lod 1 0.30 23.63
00:19:25 test_terrain_lod 1 0.34 23.48
00:19:27 test_terrain_lod 1 0.35 23.59
00:19:29 test_terrain_lod 1 0.44 23.49
00:19:31 test_terrain_lod 1 0.51 23.35
00:19:33 test_terrain_lod 1 0.70 22.77
00:19:35 test_terrain_lod 1 0.71 23.15
00:19:37 test_terrain_lod 1 0.84 23.11
00:19:39 test_terrain_lod 1 0.86 23.01
00:19:41 test_terrain_lod 1 0.86 22.47
00:19:43 test_terrain_lod 1 0.87 23.07
00:19:45 test_terrain_lod 1 1.11 22.73
00:19:47 test_terrain_lod 1 1.32 22.52
00:19:49 test_terrain_lod 1 1.46 22.48
00:19:51 test_terrain_lod 1 1.67 22.27
00:19:53 test_terrain_lod 1 1.74 22.12
00:19:55 test_terrain_lod 1 1.74 22.19
00:19:57 test_terrain_lod 1 1.74 22.18
00:19:59 test_terrain_lod 1 1.98 21.89
00:20:01 test_terrain_lod 1 2.26 21.66
00:20:03 test_terrain_lod 1 2.35 21.47
00:20:05 test_terrain_lod 1 2.52 21.34
00:20:07 test_terrain_lod 1 2.58 20.71
00:20:09 test_terrain_lod 1 2.69 21.14
00:20:11 test_terrain_lod 1 2.94 20.96
00:20:13 test_terrain_lod 1 3.08 20.76
00:20:15 test_terrain_lod 1 3.08 20.72
00:20:17 test_terrain_lod 1 3.25 20.58
00:20:19 test_terrain_lod 1 3.57 20.34
00:20:21 test_terrain_lod 1 3.58 20.03
00:20:23 test_terrain_lod 1 3.73 20.10
00:20:25 test_terrain_lod 1 3.98 19.93
00:20:27 test_terrain_lod 1 4.07 19.76
00:20:29 test_terrain_lod 1 4.22 19.06
00:20:31 test_terrain_lod 1 4.23 19.68
00:20:33 test_terrain_lod 1 4.49 19.42
00:20:35 test_terrain_lod 1 4.50 19.32
00:20:37 test_terrain_lod 1 4.52 19.31
00:20:39 test_terrain_lod 1 4.52 19.37
00:20:41 test_terrain_lod 1 4.52 19.37
00:20:43 test_terrain_lod 1 4.61 19.24
00:20:45 test_terrain_lod 1 4.79 19.06
00:20:47 test_terrain_lod 1 4.84 18.99
00:20:49 test_terrain_lod 1 4.85 18.93
00:20:51 test_terrain_lod 1 4.98 18.84
00:20:53 test_terrain_lod 1 4.99 18.83
00:20:55 test_terrain_lod 1 5.00 18.89
00:20:57 test_terrain_lod 1 5.01 18.89
00:20:59 test_terrain_lod 1 5.01 18.88
00:21:01 test_terrain_lod 1 5.01 18.78
00:21:03 test_terrain_lod 1 5.01 18.25
00:21:05 test_terrain_lod 1 5.01 18.73
00:21:07 test_terrain_lod 1 5.02 18.80
00:21:09 test_terrain_lod 1 5.02 18.27
00:21:11 test_terrain_lod 1 5.02 18.88
00:21:13 test_terrain_lod 1 5.02 18.44
00:21:15 test_terrain_lod 1 5.02 18.87
00:21:18 test_terrain_lod 1 5.02 18.26
00:21:20 test_terrain_lod 1 5.02 18.86
00:21:22 test_terrain_lod 1 5.02 18.77
00:21:24 test_terrain_lod 1 5.02 18.81
00:21:26 test_terrain_lod 1 5.02 18.49
00:21:28 test_terrain_lod 1 5.02 18.24
00:21:30 test_terrain_lod 1 5.17 18.71
00:21:32 test_terrain_lod 1 5.24 18.63
00:21:34 test_terrain_lod 1 5.25 18.63
00:21:36 test_terrain_lod 1 5.25 18.63
00:21:38 test_terrain_lod 1 5.26 18.56
00:21:40 test_terrain_lod 1 5.30 18.51
00:21:42 test_terrain_lod 1 5.36 18.45
00:21:44 test_terrain_lod 1 5.34 18.47
00:21:46 test_terrain_lod 1 5.25 18.55
00:21:48 test_terrain_lod 1 5.25 18.55
00:21:50 test_terrain_lod 1 5.25 18.63
00:21:52 test_terrain_lod 1 5.27 18.54
00:21:54 test_terrain_lod 1 5.47 18.31
00:21:56 test_terrain_lod 1 5.55 18.34
00:21:58 test_terrain_lod 1 5.56 18.25
00:22:00 test_terrain_lod 1 5.57 18.32
00:22:02 test_terrain_lod 1 5.57 18.30
00:22:04 test_terrain_lod 1 5.57 18.24
00:22:06 test_terrain_lod 1 5.57 18.15
00:22:08 test_terrain_lod 1 5.57 18.31
00:22:10 test_terrain_lod 1 5.57 18.24
00:22:12 test_terrain_lod 1 5.57 17.88
00:22:14 test_terrain_lod 1 5.57 18.30
00:22:16 test_terrain_lod 1 5.58 17.79
00:22:18 test_terrain_lod 1 5.58 18.22
00:22:20 test_terrain_lod 1 5.58 18.24
00:22:22 test_terrain_lod 1 5.58 18.30
00:22:24 test_terrain_lod 1 5.58 18.21
00:22:26 test_terrain_lod 1 5.58 17.67
00:22:28 test_terrain_lod 1 5.58 17.78
00:22:30 test_terrain_lod 1 5.58 18.22
00:22:32 test_terrain_lod 1 5.59 18.22
00:22:34 test_terrain_lod 1 5.58 18.24
00:22:36 test_terrain_lod 1 5.58 18.22
00:22:38 test_terrain_lod 1 5.58 18.14
00:22:40 test_terrain_lod 1 5.58 18.30
00:22:42 test_terrain_lod 1 5.58 18.22
00:22:44 test_terrain_lod 1 5.58 18.29
00:22:46 test_terrain_lod 1 5.59 17.67
00:22:48 test_terrain_lod 1 5.59 18.23
00:22:50 test_terrain_lod 1 5.59 18.29
00:22:52 test_terrain_lod 1 5.59 18.28
00:22:54 test_terrain_lod 1 5.59 18.21
00:22:56 test_terrain_lod 1 5.59 17.67
00:22:58 test_terrain_lod 1 5.59 18.15
00:23:00 test_terrain_lod 1 5.61 18.26
00:23:02 test_terrain_lod 1 5.68 17.57
00:23:04 test_terrain_lod 1 5.66 18.13
00:23:06 test_terrain_lod 1 5.66 18.20
00:23:08 test_terrain_lod 1 5.66 18.14
00:23:10 test_terrain_lod 1 5.66 18.21
00:23:12 test_terrain_lod 1 5.66 17.75
00:23:14 test_terrain_lod 1 5.66 18.16
00:23:16 test_terrain_lod 1 5.66 18.14
00:23:18 test_terrain_lod 1 5.66 18.15
00:23:20 test_terrain_lod 1 5.66 18.15
00:23:22 test_terrain_lod 1 5.66 18.14
00:23:24 test_terrain_lod 1 5.66 18.14
00:23:26 test_terrain_lod 1 5.68 18.06
00:23:28 test_terrain_lod 1 5.76 17.49
00:23:30 test_terrain_lod 1 5.77 18.03
00:23:32 test_terrain_lod 1 5.78 18.09
00:23:34 test_terrain_lod 1 5.79 18.01
00:23:36 test_terrain_lod 1 5.78 18.09
00:23:38 test_terrain_lod 1 5.78 17.60
00:23:40 test_terrain_lod 1 5.78 18.09
00:23:42 test_terrain_lod 1 5.78 17.91
00:23:44 test_terrain_lod 1 5.78 18.00
00:23:46 test_terrain_lod 1 5.78 17.47
00:23:48 test_terrain_lod 1 5.78 18.02
00:23:50 test_terrain_lod 1 5.81 18.07
00:23:52 test_terrain_lod 1 5.80 18.01
00:23:54 test_terrain_lod 1 5.78 18.02
00:23:56 test_terrain_lod 1 5.78 18.09
00:23:58 test_terrain_lod 1 5.78 18.02
00:24:00 test_terrain_lod 1 5.79 18.08
00:24:02 test_terrain_lod 1 5.78 18.09
00:24:04 test_terrain_lod 1 5.78 18.02
00:24:06 test_terrain_lod 1 5.78 17.47
00:24:08 test_terrain_lod 1 5.79 17.56
00:24:10 test_terrain_lod 1 5.79 18.08
00:24:12 test_terrain_lod 1 5.79 18.08
00:24:14 test_terrain_lod 1 5.79 18.01
00:24:16 test_terrain_lod 1 5.79 18.07
00:24:18 test_terrain_lod 1 5.79 18.00
00:24:20 test_terrain_lod 1 5.79 18.07
00:24:22 test_terrain_lod 1 5.79 17.95
00:24:24 test_terrain_lod 1 5.79 18.08
00:24:26 test_terrain_lod 1 5.79 18.08
00:24:28 test_terrain_lod 1 5.79 18.02
00:24:30 test_terrain_lod 1 5.79 18.01
00:24:32 test_terrain_lod 1 5.79 17.46
00:24:34 test_terrain_lod 1 5.79 17.45
00:24:36 test_terrain_lod 1 5.80 18.08
00:24:38 test_terrain_lod 1 5.80 18.00
00:24:40 test_terrain_lod 1 5.80 18.07
00:24:42 test_terrain_lod 1 5.80 17.57
00:24:44 test_terrain_lod 1 5.80 18.07
00:24:46 test_terrain_lod 1 5.80 17.46
00:24:48 test_terrain_lod 1 5.80 18.07
00:24:50 test_terrain_lod 1 5.80 18.01
00:24:52 test_terrain_lod 1 5.80 17.99
00:24:54 test_terrain_lod 1 5.80 18.06
00:24:56 test_terrain_lod 1 5.80 17.99
00:24:58 test_terrain_lod 1 5.80 17.44
00:25:00 test_terrain_lod 1 5.80 17.60
00:25:02 test_terrain_lod 1 5.80 18.07
00:25:04 test_terrain_lod 1 5.80 18.02
00:25:06 test_terrain_lod 1 5.80 18.03
00:25:08 test_terrain_lod 1 5.80 18.00
00:25:10 test_terrain_lod 1 5.80 18.01
00:25:12 test_terrain_lod 1 5.80 17.97
00:25:14 test_terrain_lod 1 5.80 18.08
00:25:16 test_terrain_lod 1 5.80 18.07
00:25:18 test_terrain_lod 1 5.80 17.81
00:25:20 test_terrain_lod 1 5.80 18.00
00:25:22 test_terrain_lod 1 5.80 17.99
00:25:24 test_terrain_lod 1 5.80 18.06
00:25:26 test_terrain_lod 1 5.80 18.07
00:25:28 test_terrain_lod 1 5.80 18.07
00:25:30 test_terrain_lod 1 5.80 18.06
00:25:32 test_terrain_lod 1 5.80 18.01
00:25:34 test_terrain_lod 1 5.80 18.00
00:25:36 test_terrain_lod 1 5.80 17.95
00:25:38 test_terrain_lod 1 5.80 18.00
00:25:40 test_terrain_lod 1 5.80 18.00
00:25:42 test_terrain_lod 1 5.80 17.92
00:25:44 test_terrain_lod 1 5.86 17.94
00:25:46 test_terrain_lod 1 5.86 18.00
00:25:48 test_terrain_lod 1 5.80 17.99
00:25:50 test_terrain_lod 1 5.80 18.07
00:25:52 test_terrain_lod 1 5.80 17.97
00:25:54 test_terrain_lod 1 5.80 17.95
00:25:56 test_terrain_lod 1 5.80 18.00
00:25:58 test_terrain_lod 1 5.95 17.33
00:26:00 test_terrain_lod 1 6.06 17.81
00:26:02 test_terrain_lod 1 6.06 17.80
00:26:04 test_terrain_lod 1 6.07 17.79
00:26:06 test_terrain_lod 1 6.09 17.79
00:26:08 test_terrain_lod 1 6.09 17.20
00:26:10 test_terrain_lod 1 6.09 17.67
00:26:12 test_terrain_lod 1 6.09 17.71
00:26:14 test_terrain_lod 1 6.09 17.79
00:26:16 test_terrain_lod 1 6.09 17.16
00:26:18 test_terrain_lod 1 6.09 17.78
00:26:20 test_terrain_lod 1 6.09 17.78
00:26:22 test_terrain_lod 1 6.09 17.71
00:26:24 test_terrain_lod 1 6.09 17.79
00:26:26 test_terrain_lod 1 6.09 17.68
00:26:28 test_terrain_lod 1 6.09 17.78
00:26:30 test_terrain_lod 1 6.09 17.77
00:26:32 test_terrain_lod 1 6.09 17.71
00:26:34 test_terrain_lod 1 6.09 17.70
00:26:36 test_terrain_lod 1 6.09 17.62
00:26:38 test_terrain_lod 1 6.09 17.17
00:26:40 test_terrain_lod 1 6.09 17.70
00:26:42 test_terrain_lod 1 6.09 17.64
00:26:44 test_terrain_lod 1 6.09 17.70
00:26:46 test_terrain_lod 1 6.09 17.78
00:26:48 test_terrain_lod 1 6.09 17.70
00:26:50 test_terrain_lod 1 6.09 17.77
00:26:52 test_terrain_lod 1 6.09 17.79
00:26:54 test_terrain_lod 1 6.09 17.56
00:26:56 test_terrain_lod 1 6.13 17.63
00:26:58 test_terrain_lod 1 6.17 17.53
00:27:00 test_terrain_lod 1 6.15 17.10
00:27:02 test_terrain_lod 1 6.15 17.65
00:27:04 test_terrain_lod 1 6.15 17.61
00:27:06 test_terrain_lod 1 6.15 17.61
00:27:08 test_terrain_lod 1 6.15 17.71
00:27:10 test_terrain_lod 1 6.15 17.59
00:27:12 test_terrain_lod 1 6.15 17.71
00:27:14 test_terrain_lod 1 6.15 17.72
00:27:16 test_terrain_lod 1 6.15 17.65
00:27:18 test_terrain_lod 1 6.15 17.71
00:27:20 test_terrain_lod 1 6.09 17.15
00:27:22 test_terrain_lod 1 6.09 17.70
00:27:24 test_terrain_lod 1 6.09 17.89
00:27:26 test_terrain_lod 1 6.09 17.89
00:27:28 test_terrain_lod 1 6.09 18.06
00:27:30 test_terrain_lod 1 6.09 17.67
00:27:32 test_terrain_lod 1 6.09 18.17
00:27:34 test_terrain_lod 1 6.09 18.21
00:27:36 test_terrain_lod 1 6.09 18.21
00:27:38 test_terrain_lod 1 6.09 18.15
00:27:40 test_terrain_lod 1 6.09 18.15
00:27:42 test_terrain_lod 1 6.09 18.21
00:27:44 test_terrain_lod 1 6.09 18.20
00:27:46 test_terrain_lod 1 6.09 17.57
00:27:48 test_terrain_lod 1 6.09 18.12
00:27:50 test_terrain_lod 1 6.09 18.19
00:27:52 test_terrain_lod 1 6.09 18.15
00:27:54 test_terrain_lod 1 6.09 18.13
00:27:56 test_terrain_lod 1 6.09 18.23
00:27:59 test_terrain_lod 1 6.09 17.79
00:28:01 test_terrain_lod 1 6.09 18.09
00:28:03 test_terrain_lod 1 6.09 17.58
00:28:05 test_terrain_lod 1 6.09 18.09
00:28:07 test_terrain_lod 1 6.09 18.23
00:28:09 test_terrain_lod 1 6.09 18.18
00:28:11 test_terrain_lod 1 6.09 17.58
00:28:13 test_terrain_lod 1 6.09 18.12
00:28:15 test_terrain_lod 1 6.09 18.12
00:28:17 test_terrain_lod 1 6.09 17.71
00:28:19 test_terrain_lod 1 6.09 18.19
00:28:21 test_terrain_lod 1 6.09 18.19
00:28:23 test_terrain_lod 1 6.09 18.19
00:28:25 test_terrain_lod 1 6.09 18.05
00:28:27 test_terrain_lod 1 6.09 18.12
00:28:29 test_terrain_lod 1 6.12 18.09
00:28:31 test_terrain_lod 1 6.37 17.92
00:28:33 test_terrain_lod 1 6.47 17.71
00:28:35 test_terrain_lod 1 6.58 17.60
00:28:37 test_terrain_lod 1 6.59 17.62
00:28:39 test_terrain_lod 1 6.60 17.68
00:28:41 test_terrain_lod 1 6.61 17.67
00:28:43 test_terrain_lod 1 6.61 17.07
00:28:45 test_terrain_lod 1 6.61 17.59
00:28:47 test_terrain_lod 1 6.61 17.58
00:28:49 test_terrain_lod 1 6.61 17.07
00:28:51 test_terrain_lod 1 6.61 17.57
00:28:53 test_terrain_lod 1 6.60 17.62
00:28:55 test_terrain_lod 1 6.60 17.68
00:28:57 test_terrain_lod 1 6.60 17.28
00:28:59 test_terrain_lod 1 6.60 17.61
00:29:01 test_terrain_lod 1 6.60 17.68
00:29:03 test_terrain_lod 1 6.60 17.72
00:29:05 test_terrain_lod 1 6.60 17.64
00:29:07 test_terrain_lod 1 6.60 17.67
00:29:09 test_terrain_lod 1 6.60 17.56
00:29:11 test_terrain_lod 1 6.60 17.05
00:29:13 test_terrain_lod 1 6.60 17.61
00:29:15 test_terrain_lod 1 6.60 17.60
00:29:17 test_terrain_lod 1 6.60 17.58
00:29:19 test_terrain_lod 1 6.60 17.61
00:29:21 test_terrain_lod 1 6.60 17.40
00:29:23 test_terrain_lod 1 6.60 17.61
00:29:25 test_terrain_lod 1 6.60 17.57
00:29:27 test_terrain_lod 1 6.60 17.64
00:29:29 test_terrain_lod 1 6.63 17.59
00:29:31 test_terrain_lod 1 6.69 17.59
00:29:33 test_terrain_lod 1 6.67 17.53
00:29:35 test_terrain_lod 1 6.67 17.61
00:29:37 test_terrain_lod 1 6.67 17.56
00:29:39 test_terrain_lod 1 6.67 17.54
00:29:41 test_terrain_lod 1 6.67 17.56
00:29:43 test_terrain_lod 1 6.67 16.98
00:29:45 test_terrain_lod 1 6.67 17.01
00:29:47 test_terrain_lod 1 6.67 17.61
00:29:49 test_terrain_lod 1 6.67 17.49
00:29:51 test_terrain_lod 1 6.67 17.60
00:29:53 test_terrain_lod 1 6.67 16.99
00:29:55 test_terrain_lod 1 6.67 17.14
00:29:57 test_terrain_lod 1 6.67 17.61
00:29:59 test_terrain_lod 1 6.67 17.54
00:30:01 test_terrain_lod 1 6.67 17.61
00:30:03 test_terrain_lod 1 6.67 17.54
00:30:05 test_terrain_lod 1 6.67 16.98
00:30:07 test_terrain_lod 1 6.67 17.53
00:30:09 test_terrain_lod 1 6.67 17.54
00:30:11 test_terrain_lod 1 6.67 17.26
00:30:13 test_terrain_lod 1 6.67 17.00
00:30:15 test_terrain_lod 1 6.67 17.50
00:30:17 test_terrain_lod 1 6.67 17.16
00:30:19 test_terrain_lod 1 6.67 17.61
00:30:21 test_terrain_lod 1 6.67 17.54
00:30:23 test_terrain_lod 1 6.67 17.61
00:30:25 test_terrain_lod 1 6.67 17.56
00:30:27 test_terrain_lod 1 6.67 17.62
00:30:29 test_terrain_lod 1 6.67 17.54
00:30:31 test_terrain_lod 1 6.67 17.59
00:30:33 test_terrain_lod 1 6.67 17.23
00:30:35 test_terrain_lod 1 6.60 17.59
00:30:37 test_terrain_lod 1 6.60 17.61
00:30:39 test_terrain_lod 1 6.60 17.59
00:30:41 test_terrain_lod 1 6.60 17.67
00:30:43 test_terrain_lod 1 6.61 18.23
00:30:45 test_terrain_lod 1 6.61 18.23
00:30:47 test_terrain_lod 1 6.61 18.23
00:30:49 test_terrain_lod 1 6.61 18.23
00:30:51 test_terrain_lod 1 6.61 18.23
00:30:53 test_terrain_lod 1 6.61 18.23
00:30:55 test_terrain_lod 1 6.61 18.23
00:30:57 test_terrain_lod 1 6.61 17.87
00:30:59 test_terrain_lod 1 6.61 18.22
00:31:01 test_terrain_lod 1 6.61 18.22
00:31:03 test_terrain_lod 1 6.61 18.23
00:31:05 test_terrain_lod 1 6.61 18.23
00:31:07 test_terrain_lod 1 6.61 18.23
00:31:09 test_terrain_lod 1 6.61 18.22
00:31:11 test_terrain_lod 1 6.61 18.22
00:31:13 test_terrain_lod 1 6.61 18.22
00:31:15 test_terrain_lod 1 6.61 18.22
00:31:17 test_terrain_lod 1 6.61 18.22
00:31:19 test_terrain_lod 1 6.61 18.22
00:31:21 test_terrain_lod 1 6.72 18.11
00:31:23 test_terrain_lod 1 6.85 17.98
00:31:25 test_terrain_lod 1 6.87 17.97
00:31:27 test_terrain_lod 1 7.09 17.74
00:31:29 test_terrain_lod 1 7.11 17.73
00:31:31 test_terrain_lod 1 7.13 17.50
00:31:33 test_terrain_lod 1 7.13 17.33
00:31:35 test_terrain_lod 1 7.13 17.70
00:31:37 test_terrain_lod 1 7.13 17.71
00:31:39 test_terrain_lod 1 7.13 17.71
00:31:41 test_terrain_lod 1 7.13 17.71
00:31:43 test_terrain_lod 1 7.13 17.70
00:31:45 test_terrain_lod 1 7.13 17.70
00:31:47 test_terrain_lod 1 7.13 17.70
00:31:49 test_terrain_lod 1 7.13 17.70
00:31:51 test_terrain_lod 1 7.13 17.70
00:31:53 test_terrain_lod 1 7.13 17.63
00:31:55 test_terrain_lod 1 7.13 17.70
00:31:57 test_terrain_lod 1 7.13 17.69
00:31:59 test_terrain_lod 1 7.13 17.69
00:32:01 test_terrain_lod 1 7.13 17.69
00:32:03 test_terrain_lod 1 7.13 17.68
00:32:05 test_terrain_lod 1 7.13 17.68
00:32:07 test_terrain_lod 1 7.13 17.68
00:32:09 test_terrain_lod 1 7.13 17.68
00:32:11 test_terrain_lod 1 7.13 17.68
00:32:13 test_terrain_lod 1 7.14 17.67
00:32:15 test_terrain_lod 1 7.14 17.69
00:32:17 test_terrain_lod 1 7.14 17.69
00:32:19 test_terrain_lod 1 7.14 17.69
00:32:21 test_terrain_lod 1 7.14 17.69
00:32:23 test_terrain_lod 1 7.14 17.68
00:32:25 test_terrain_lod 1 7.14 17.68
00:32:27 test_terrain_lod 1 7.14 17.68
00:32:29 test_terrain_lod 1 7.14 17.68
00:32:31 test_terrain_lod 1 7.14 17.68
00:32:33 test_terrain_lod 1 7.14 17.67
00:32:35 test_terrain_lod 1 7.14 17.67
00:32:37 test_terrain_lod 1 7.14 17.68
00:32:39 test_terrain_lod 1 7.14 17.68
00:32:41 test_terrain_lod 1 7.14 17.68
00:32:43 test_terrain_lod 1 7.17 17.65
00:32:45 test_terrain_lod 1 7.19 17.63
00:32:47 test_terrain_lod 1 7.19 17.63
00:32:49 test_terrain_lod 1 7.20 17.62
00:32:51 test_terrain_lod 1 7.19 17.62
00:32:53 test_terrain_lod 1 7.19 17.62
00:32:55 test_terrain_lod 1 7.20 17.62
00:32:57 test_terrain_lod 1 7.20 17.62
00:32:59 test_terrain_lod 1 7.20 17.62
00:33:01 test_terrain_lod 1 7.20 17.62
00:33:03 test_terrain_lod 1 7.20 17.61
00:33:05 test_terrain_lod 1 7.20 17.61
00:33:07 test_terrain_lod 1 7.20 17.61
00:33:09 test_terrain_lod 1 7.20 17.61
00:33:11 test_terrain_lod 1 7.20 17.62
00:33:13 test_terrain_lod 1 7.20 17.61
00:33:15 test_terrain_lod 1 7.20 17.60
00:33:17 test_terrain_lod 1 7.20 17.60
00:33:19 test_terrain_lod 1 7.20 17.61
00:33:21 test_terrain_lod 1 7.20 17.60
00:33:23 test_terrain_lod 1 7.20 17.61
00:33:25 test_terrain_lod 1 7.20 17.61
00:33:27 test_terrain_lod 1 7.20 17.61
00:33:29 test_terrain_lod 1 7.22 17.59
00:33:31 test_terrain_lod 1 7.21 17.60
00:33:33 test_terrain_lod 1 7.21 17.60
00:33:35 test_terrain_lod 1 7.22 17.59
00:33:37 test_terrain_lod 1 7.21 17.60
00:33:39 test_terrain_lod 1 7.21 17.60
00:33:41 test_terrain_lod 1 7.21 17.60
00:33:43 test_terrain_lod 1 7.21 17.60
00:33:45 test_terrain_lod 1 7.21 17.60
00:33:47 test_terrain_lod 1 7.29 17.52
00:33:49 test_terrain_lod 1 7.27 17.53
00:33:51 test_terrain_lod 1 7.27 17.53
00:33:53 test_terrain_lod 1 7.27 17.54
00:33:55 test_terrain_lod 1 7.27 17.54
00:33:57 test_terrain_lod 1 7.27 17.54
00:33:59 test_terrain_lod 1 7.27 17.54
00:34:01 test_terrain_lod 1 7.27 17.54
00:34:03 test_terrain_lod 1 7.27 17.54
00:34:05 test_terrain_lod 1 7.27 17.54
00:34:07 test_terrain_lod 1 7.27 17.54
00:34:09 test_terrain_lod 1 7.27 17.54
00:34:11 test_terrain_lod 1 7.27 17.54
00:34:13 test_terrain_lod 1 7.27 17.54
00:34:15 test_terrain_lod 1 7.27 17.54
00:34:17 test_terrain_lod 1 7.27 17.54
00:34:19 test_terrain_lod 1 7.21 17.60
00:34:21 test_terrain_lod 1 7.21 17.60
00:34:23 test_terrain_lod 1 7.21 17.60
00:34:25 test_terrain_lod 1 7.21 17.60
00:34:27 test_terrain_lod 1 7.21 17.60
00:34:29 test_terrain_lod 1 7.21 17.60
00:34:31 test_terrain_lod 1 7.21 17.60
00:34:33 test_terrain_lod 1 7.21 17.60
00:34:35 test_terrain_lod 1 7.25 17.56
00:34:37 test_terrain_lod 1 7.33 17.48
00:34:39 test_terrain_lod 1 7.34 17.46
00:34:41 test_terrain_lod 1 7.34 17.46
00:34:43 test_terrain_lod 1 7.34 17.46
00:34:45 test_terrain_lod 1 7.34 17.46
00:34:47 test_terrain_lod 1 7.34 17.46
00:34:49 test_terrain_lod 1 7.35 17.46
00:34:51 test_terrain_lod 1 7.35 17.46
00:34:53 test_terrain_lod 1 7.42 17.39
00:34:55 test_terrain_lod 1 7.43 17.37
00:34:57 test_terrain_lod 1 7.43 17.37
00:34:59 test_terrain_lod 1 7.43 17.37
00:35:01 test_terrain_lod 1 7.43 17.38
00:35:03 test_terrain_lod 1 7.43 17.38
00:35:05 test_terrain_lod 1 7.43 17.38
00:35:07 test_terrain_lod 1 7.43 17.38
00:35:09 test_terrain_lod 1 7.43 17.38
00:35:11 test_terrain_lod 1 7.43 17.38
00:35:13 test_terrain_lod 1 7.43 17.38
00:35:15 test_terrain_lod 1 7.43 17.38
00:35:17 test_terrain_lod 1 7.43 17.38
00:35:19 test_terrain_lod 1 7.49 17.31
00:35:21 test_terrain_lod 1 7.69 17.11
00:35:23 test_terrain_lod 1 7.87 16.93
00:35:25 test_terrain_lod 1 8.14 16.66
00:35:27 test_terrain_lod 1 8.37 16.44
00:35:29 test_terrain_lod 1 8.41 16.40
00:35:31 test_terrain_lod 1 8.43 16.38
00:35:33 test_terrain_lod 1 8.45 16.36
00:35:35 test_terrain_lod 1 8.44 16.36
00:35:37 test_terrain_lod 1 8.44 16.36
00:35:39 test_terrain_lod 1 8.44 16.36
00:35:41 test_terrain_lod 1 8.44 16.36
00:35:43 test_terrain_lod 1 8.44 16.36
00:35:45 test_terrain_lod 1 8.44 16.35
00:35:47 test_terrain_lod 1 8.44 16.35
00:35:49 test_terrain_lod 1 8.44 16.35
00:35:51 test_terrain_lod 1 8.44 16.35
00:35:53 test_terrain_lod 1 8.44 16.35
00:35:55 test_terrain_lod 1 8.44 16.35
00:35:57 test_terrain_lod 1 8.44 16.36
00:35:59 test_terrain_lod 1 8.44 16.36
00:36:01 test_terrain_lod 1 8.44 16.37
00:36:03 test_terrain_lod 1 8.44 16.37
00:36:05 test_terrain_lod 1 8.44 16.37
00:36:07 test_terrain_lod 1 8.44 16.37
00:36:09 test_terrain_lod 1 8.44 16.37
00:36:11 test_terrain_lod 1 8.44 16.37
00:36:13 test_terrain_lod 1 8.44 16.37
00:36:15 test_terrain_lod 1 8.44 16.37
00:36:17 test_terrain_lod 1 8.44 16.37
00:36:19 test_terrain_lod 1 8.44 16.37
00:36:21 test_terrain_lod 1 8.44 16.37
00:36:23 test_terrain_lod 1 8.44 16.37
00:36:25 test_terrain_lod 1 8.44 16.37
00:36:27 test_terrain_lod 1 8.44 16.37
00:36:29 test_terrain_lod 1 8.44 16.37
00:36:31 test_terrain_lod 1 8.44 16.37
00:36:33 test_terrain_lod 1 8.44 16.37
00:36:35 test_terrain_lod 1 8.44 16.37
00:36:37 test_terrain_lod 1 8.44 16.37
00:36:39 test_terrain_lod 1 8.44 16.37
00:36:41 test_terrain_lod 1 8.44 16.37
00:36:43 test_terrain_lod 1 8.44 16.37
00:36:45 test_terrain_lod 1 8.44 16.37
00:36:47 test_terrain_lod 1 8.44 16.37
00:36:49 test_terrain_lod 1 8.44 16.37
00:36:51 test_terrain_lod 1 8.44 16.37
00:36:53 test_terrain_lod 1 8.44 16.37
00:36:55 test_terrain_lod 1 8.44 16.37
00:36:57 test_terrain_lod 1 8.44 16.37
00:36:59 test_terrain_lod 1 8.44 16.37
00:37:01 test_terrain_lod 1 8.44 16.37
00:37:03 test_terrain_lod 1 8.44 16.37
00:37:05 test_terrain_lod 1 8.44 16.37
00:37:07 test_terrain_lod 1 8.44 16.36
00:37:09 test_terrain_lod 1 8.44 16.37
00:37:11 test_terrain_lod 1 8.44 16.36
00:37:13 test_terrain_lod 1 8.44 16.36
00:37:15 test_terrain_lod 1 8.44 16.36
00:37:17 test_terrain_lod 1 8.44 16.36
00:37:19 test_terrain_lod 1 8.44 16.37
00:37:21 test_terrain_lod 1 8.44 16.37
00:37:23 test_terrain_lod 1 8.44 16.36
00:37:25 test_terrain_lod 1 8.44 16.36
00:37:27 test_terrain_lod 1 8.44 16.36
00:37:29 test_terrain_lod 1 8.44 16.36
00:37:31 test_terrain_lod 1 8.44 16.36
00:37:33 test_terrain_lod 1 8.44 16.35
00:37:35 test_terrain_lod 1 8.44 16.79
00:37:37 test_terrain_lod 1 8.45 16.43
00:37:39 test_terrain_lod 1 8.45 16.44
00:37:41 test_terrain_lod 1 8.45 16.48
00:37:43 test_terrain_lod 1 8.45 16.41
00:37:45 test_terrain_lod 1 8.45 16.80
00:37:47 test_terrain_lod 1 8.45 16.69
00:37:49 test_terrain_lod 1 8.46 16.19
00:37:51 test_terrain_lod 1 8.46 16.25
00:37:53 test_terrain_lod 1 8.46 16.24
00:37:55 test_terrain_lod 1 8.46 16.24
00:37:57 test_terrain_lod 1 8.46 16.22
00:37:59 test_terrain_lod 1 8.46 16.23
00:38:01 test_terrain_lod 1 8.46 16.23
00:38:03 test_terrain_lod 1 8.47 16.45
00:38:05 test_terrain_lod 1 8.47 16.45
00:38:07 test_terrain_lod 1 8.47 16.45
00:38:09 test_terrain_lod 1 8.47 16.45
00:38:11 test_terrain_lod 1 8.47 16.45
00:38:13 test_terrain_lod 1 8.47 16.44
00:38:15 test_terrain_lod 1 8.47 16.44
00:38:17 test_terrain_lod 1 8.47 16.44
00:38:19 test_terrain_lod 1 8.47 16.44
00:38:21 test_terrain_lod 1 8.47 16.44
00:38:23 test_terrain_lod 1 8.47 16.44
00:38:25 test_terrain_lod 1 8.47 16.44
00:38:27 test_terrain_lod 1 8.47 16.43
00:38:29 test_terrain_lod 1 8.47 16.43
00:38:31 test_terrain_lod 1 8.47 16.43
00:38:33 test_terrain_lod 1 8.47 16.43
00:38:35 test_terrain_lod 1 8.47 16.43
00:38:37 test_terrain_lod 1 8.47 16.43
00:38:39 test_terrain_lod 1 8.47 16.43
00:38:41 test_terrain_lod 1 8.47 16.43
00:38:43 test_terrain_lod 1 8.47 16.44
00:38:45 test_terrain_lod 1 8.47 16.43
00:38:47 test_terrain_lod 1 8.47 16.43
00:38:49 test_terrain_lod 1 8.47 16.43
00:38:51 test_terrain_lod 1 8.47 16.44
00:38:53 test_terrain_lod 1 8.47 16.43
00:38:55 test_terrain_lod 1 8.47 16.43
00:38:57 test_terrain_lod 1 8.47 16.43
00:38:59 test_terrain_lod 1 8.47 16.43
00:39:01 test_terrain_lod 1 8.47 16.43
00:39:03 test_terrain_lod 1 8.47 16.43
00:39:05 test_terrain_lod 1 8.47 16.43
00:39:07 test_terrain_lod 1 8.47 16.43
00:39:09 test_terrain_lod 1 8.47 16.43
00:39:11 test_terrain_lod 1 8.47 16.43
00:39:13 test_terrain_lod 1 8.47 16.43
00:39:15 test_terrain_lod 1 8.47 16.43
00:39:17 test_terrain_lod 1 8.51 16.39
00:39:19 test_terrain_lod 1 8.50 16.40
00:39:21 test_terrain_lod 1 8.50 16.40
00:39:23 test_terrain_lod 1 8.50 16.40
00:39:25 test_terrain_lod 1 8.50 16.40
00:39:27 test_terrain_lod 1 8.50 16.40
00:39:29 test_terrain_lod 1 8.47 16.44
00:39:31 test_terrain_lod 1 8.47 16.44
00:39:33 test_terrain_lod 1 8.47 16.44
00:39:35 test_terrain_lod 1 8.47 16.43
00:39:37 test_terrain_lod 1 8.47 16.43
00:39:39 test_terrain_lod 1 8.47 16.43
00:39:41 test_terrain_lod 1 8.47 16.43
00:39:43 test_terrain_lod 1 8.47 16.43
00:39:46 test_terrain_lod 1 8.47 16.43
00:39:48 test_terrain_lod 1 8.47 16.43
00:39:50 test_terrain_lod 1 8.47 16.43
00:39:52 test_terrain_lod 1 8.47 16.43
00:39:54 test_terrain_lod 1 8.44 16.45
00:39:56 test_terrain_lod 1 8.44 16.45
00:39:58 test_terrain_lod 1 8.44 16.44
00:40:00 test_terrain_lod 1 8.44 16.44
00:40:02 test_terrain_lod 1 8.44 16.45
00:40:04 test_terrain_lod 1 8.44 16.45
00:40:06 test_terrain_lod 1 8.44 16.45
00:40:08 test_terrain_lod 1 8.44 16.45
00:40:10 test_terrain_lod 1 8.44 16.44
00:40:12 test_terrain_lod 1 8.45 16.44
00:40:14 test_terrain_lod 1 8.45 16.44
00:40:16 test_terrain_lod 1 8.45 16.44
00:40:18 test_terrain_lod 1 8.46 16.43
00:40:20 test_terrain_lod 1 8.47 16.41
00:40:22 test_terrain_lod 1 8.49 16.40
00:40:24 test_terrain_lod 1 8.50 16.39
00:40:26 test_terrain_lod 1 8.50 16.39
00:40:28 test_terrain_lod 1 8.50 16.38
00:40:30 test_terrain_lod 1 8.50 16.38
00:40:32 test_terrain_lod 1 8.51 16.38
00:40:34 test_terrain_lod 1 8.51 16.38
00:40:36 test_terrain_lod 1 8.52 16.37
00:40:38 test_terrain_lod 1 8.52 16.37
00:40:40 test_terrain_lod 1 8.53 16.36
00:40:42 test_terrain_lod 1 8.54 16.35
00:40:44 test_terrain_lod 1 8.54 16.34
00:40:46 test_terrain_lod 1 8.54 16.34
00:40:48 test_terrain_lod 1 8.54 16.34
00:40:50 test_terrain_lod 1 8.54 16.34
00:40:52 test_terrain_lod 1 8.54 16.34
00:40:54 test_terrain_lod 1 8.54 16.33
00:40:56 test_terrain_lod 1 8.54 16.34
00:40:58 test_terrain_lod 1 8.54 16.34
00:41:00 test_terrain_lod 1 8.54 16.34
00:41:02 test_terrain_lod 1 8.54 16.34
00:41:04 test_terrain_lod 1 8.60 16.28
00:41:06 test_terrain_lod 1 8.61 16.26
00:41:08 test_terrain_lod 1 8.62 16.25
00:41:10 test_terrain_lod 1 8.62 16.25
00:41:12 test_terrain_lod 1 8.62 16.26
00:41:14 test_terrain_lod 1 8.62 16.26
00:41:16 test_terrain_lod 1 8.62 16.26
00:41:18 test_terrain_lod 1 8.63 16.25
00:41:20 test_terrain_lod 1 8.63 16.25
00:41:22 test_terrain_lod 1 8.63 16.25
00:41:24 test_terrain_lod 1 8.63 16.25
00:41:26 test_terrain_lod 1 8.63 16.25
00:41:28 test_terrain_lod 1 8.63 16.25
00:41:30 test_terrain_lod 1 8.63 16.25
00:41:32 test_terrain_lod 1 8.63 16.25
00:41:34 test_terrain_lod 1 8.63 16.25
00:41:36 test_terrain_lod 1 8.63 16.25
00:41:38 test_terrain_lod 1 8.63 16.24
00:41:40 test_terrain_lod 1 8.63 16.24
00:41:42 test_terrain_lod 1 8.63 16.24
00:41:44 test_terrain_lod 1 8.63 16.24
00:41:46 test_terrain_lod 1 8.63 16.25
00:41:48 test_terrain_lod 1 8.63 16.25
00:41:50 test_terrain_lod 1 8.63 16.25
00:41:52 test_terrain_lod 1 8.63 16.25
00:41:54 test_terrain_lod 1 8.63 16.24
00:41:56 test_terrain_lod 1 8.63 16.24
00:41:58 test_terrain_lod 1 8.63 16.24
00:42:00 test_terrain_lod 1 8.63 16.24
00:42:02 test_terrain_lod 1 8.63 16.24
00:42:04 test_terrain_lod 1 8.63 16.24
00:42:06 test_terrain_lod 1 8.63 16.24
00:42:08 test_terrain_lod 1 8.63 16.24
00:42:10 test_terrain_lod 1 8.63 16.24
00:42:12 test_terrain_lod 1 8.63 16.24
00:42:14 test_terrain_lod 1 8.63 16.24
00:42:16 test_terrain_lod 1 8.63 16.24
00:42:18 test_terrain_lod 1 8.63 16.24
00:42:20 test_terrain_lod 1 8.63 16.23
00:42:22 test_terrain_lod 1 8.63 16.23
00:42:24 test_terrain_lod 1 8.63 16.23
00:42:26 test_terrain_lod 1 8.63 16.24
00:42:28 test_terrain_lod 1 8.63 16.24
00:42:30 test_terrain_lod 1 8.63 16.24
00:42:32 test_terrain_lod 1 8.63 16.24
00:42:34 test_terrain_lod 1 8.63 16.23
00:42:36 test_terrain_lod 1 8.63 16.23
00:42:38 test_terrain_lod 1 8.63 16.24
00:42:40 test_terrain_lod 1 8.63 16.24
00:42:42 test_terrain_lod 1 8.63 16.24
00:42:44 test_terrain_lod 1 8.63 16.24
00:42:46 test_terrain_lod 1 8.63 16.24
00:42:48 test_terrain_lod 1 8.68 16.19
00:42:50 test_terrain_lod 1 8.67 16.19
00:42:52 test_terrain_lod 1 8.67 16.19
00:42:54 test_terrain_lod 1 8.67 16.19
00:42:56 test_terrain_lod 1 8.67 16.19
00:42:58 test_terrain_lod 1 8.63 16.23
00:43:00 test_terrain_lod 1 8.63 16.24
00:43:02 test_terrain_lod 1 8.63 16.24
00:43:04 test_terrain_lod 1 8.63 16.24
00:43:06 test_terrain_lod 1 8.63 16.24
00:43:08 test_terrain_lod 1 8.63 16.24
00:43:10 test_terrain_lod 1 8.63 16.24
00:43:12 test_terrain_lod 1 8.63 16.24
00:43:14 test_terrain_lod 1 8.63 16.24
00:43:16 test_terrain_lod 1 8.63 16.24
00:43:18 test_terrain_lod 1 8.63 16.24
00:43:20 test_terrain_lod 1 8.63 16.24
00:43:22 test_terrain_lod 1 8.63 16.24
00:43:24 test_terrain_lod 1 8.63 16.24
00:43:26 test_terrain_lod 1 8.63 16.23
00:43:28 test_terrain_lod 1 8.63 16.23
00:43:30 test_terrain_lod 1 8.63 16.23
00:43:32 test_terrain_lod 1 8.63 16.23
00:43:34 test_terrain_lod 1 8.63 16.23
00:43:36 test_terrain_lod 1 8.63 16.23
00:43:38 test_terrain_lod 1 8.63 16.23
00:43:40 test_terrain_lod 1 8.63 16.23
00:43:42 test_terrain_lod 1 8.63 16.23
00:43:44 test_terrain_lod 1 8.68 16.19
00:43:46 test_terrain_lod 1 8.68 16.19
00:43:48 test_terrain_lod 1 8.68 16.18
00:43:50 test_terrain_lod 1 8.68 16.18
00:43:52 test_terrain_lod 1 8.63 16.24
00:43:54 test_terrain_lod 1 8.63 16.24
00:43:56 test_terrain_lod 1 8.63 16.23
00:43:58 test_terrain_lod 1 8.63 16.24
00:44:00 test_terrain_lod 1 8.63 16.23
00:44:02 test_terrain_lod 1 8.63 16.23
00:44:04 test_terrain_lod 1 8.63 16.23
00:44:06 test_terrain_lod 1 8.63 16.23
00:44:08 test_terrain_lod 1 8.63 16.23
00:44:10 test_terrain_lod 1 8.63 16.23
00:44:12 test_terrain_lod 1 8.63 16.23
00:44:14 test_terrain_lod 1 8.63 16.23
00:44:16 test_terrain_lod 1 8.63 16.23
00:44:18 test_terrain_lod 1 8.63 16.24
00:44:20 test_terrain_lod 1 8.63 16.23
00:44:22 test_terrain_lod 1 8.63 16.23
00:44:24 test_terrain_lod 1 8.63 16.23
00:44:26 test_terrain_lod 1 8.63 16.23
00:44:28 test_terrain_lod 1 8.63 16.23
00:44:30 test_terrain_lod 1 8.63 16.23
00:44:32 test_terrain_lod 1 8.63 16.23
00:44:34 test_terrain_lod 1 8.63 16.23
00:44:36 test_terrain_lod 1 8.63 16.23
00:44:38 test_terrain_lod 1 8.63 16.23
00:44:40 test_terrain_lod 1 8.63 16.23
00:44:42 test_terrain_lod 1 8.63 16.23
00:44:44 test_terrain_lod 1 8.63 16.23
00:44:46 test_terrain_lod 1 8.63 16.23
00:44:48 test_terrain_lod 1 8.63 16.23
00:44:50 test_terrain_lod 1 8.63 16.23
00:44:52 test_terrain_lod 1 8.63 16.22
00:44:54 test_terrain_lod 1 8.64 16.22
00:44:56 test_terrain_lod 1 8.64 16.22
00:44:58 test_terrain_lod 1 8.64 16.22
00:45:00 test_terrain_lod 1 8.64 16.22
00:45:02 test_terrain_lod 1 8.64 16.21
00:45:04 test_terrain_lod 1 8.64 16.21
00:45:06 test_terrain_lod 1 8.64 16.21
00:45:08 test_terrain_lod 1 8.64 16.22
00:45:10 test_terrain_lod 1 8.64 16.22
00:45:12 test_terrain_lod 1 8.65 16.22
00:45:14 test_terrain_lod 1 8.65 16.22
00:45:16 test_terrain_lod 1 8.65 16.22
00:45:18 test_terrain_lod 1 8.65 16.21
00:45:20 test_terrain_lod 1 8.65 16.21
00:45:22 test_terrain_lod 1 8.65 16.21
00:45:24 test_terrain_lod 1 8.65 16.22
00:45:26 test_terrain_lod 1 8.65 16.22
00:45:28 test_terrain_lod 1 8.65 16.21
00:45:30 test_terrain_lod 1 8.65 16.21
00:45:32 test_terrain_lod 1 8.65 16.21
00:45:34 test_terrain_lod 1 8.65 16.21
00:45:36 test_terrain_lod 1 8.65 16.21
00:45:38 test_terrain_lod 1 8.65 16.21
00:45:40 test_terrain_lod 1 8.65 16.21
00:45:42 test_terrain_lod 1 8.65 16.21
00:45:44 test_terrain_lod 1 8.65 16.21
00:45:46 test_terrain_lod 1 8.65 16.22
00:45:48 test_terrain_lod 1 8.65 16.22
00:45:50 test_terrain_lod 1 8.65 16.22
00:45:52 test_terrain_lod 1 8.65 16.22
00:45:54 test_terrain_lod 1 8.65 16.22
00:45:56 test_terrain_lod 1 8.65 16.22
00:45:58 test_terrain_lod 1 8.65 16.22
00:46:00 test_terrain_lod 1 8.65 16.22
00:46:02 test_terrain_lod 1 8.65 16.22
00:46:04 test_terrain_lod 1 8.65 16.22
00:46:06 test_terrain_lod 1 8.65 16.22
00:46:08 test_terrain_lod 1 8.65 16.22
00:46:10 test_terrain_lod 1 8.65 16.22
00:46:12 test_terrain_lod 1 8.65 16.21
00:46:14 test_terrain_lod 1 8.65 16.21
00:46:16 test_terrain_lod 1 8.65 16.21
00:46:18 test_terrain_lod 1 8.65 16.21
00:46:20 test_terrain_lod 1 8.65 16.21
00:46:22 test_terrain_lod 1 8.65 16.21
00:46:24 test_terrain_lod 1 8.65 16.21
00:46:26 test_terrain_lod 1 8.65 16.21
00:46:28 test_terrain_lod 1 8.65 16.22
00:46:30 test_terrain_lod 1 8.65 16.22
00:46:32 test_terrain_lod 1 8.63 16.23
00:46:34 test_terrain_lod 1 8.64 16.23
00:46:36 test_terrain_lod 1 8.64 16.23
00:46:38 test_terrain_lod 1 8.64 16.22
00:46:40 test_terrain_lod 1 8.64 16.23
00:46:42 test_terrain_lod 1 8.64 16.23
00:46:44 test_terrain_lod 1 8.64 16.23
00:46:46 test_terrain_lod 1 8.64 16.23
00:46:48 test_terrain_lod 1 8.64 16.23
00:46:50 test_terrain_lod 1 8.64 16.23
00:46:52 test_terrain_lod 1 8.64 16.23
00:46:54 test_terrain_lod 1 8.64 16.23
00:46:56 test_terrain_lod 1 8.64 16.23
00:46:58 test_terrain_lod 1 8.64 16.23
00:47:00 test_terrain_lod 1 8.64 16.23
00:47:02 test_terrain_lod 1 8.64 16.24
00:47:04 test_terrain_lod 1 8.64 16.24
00:47:06 test_terrain_lod 1 8.64 16.23
00:47:08 test_terrain_lod 1 8.64 16.23
00:47:10 test_terrain_lod 1 8.64 16.23
00:47:12 test_terrain_lod 1 8.64 16.23
00:47:14 test_terrain_lod 1 8.64 16.59
00:47:16 test_terrain_lod 1 8.64 16.44
00:47:18 test_terrain_lod 1 8.64 16.28
00:47:20 test_terrain_lod 1 8.64 16.28
00:47:22 test_terrain_lod 1 8.64 16.27
00:47:24 test_terrain_lod 1 8.64 16.18
00:47:26 test_terrain_lod 1 8.64 16.23
00:47:28 test_terrain_lod 1 8.64 16.22
00:47:30 test_terrain_lod 1 8.64 16.21
00:47:32 test_terrain_lod 1 8.64 16.21
00:47:34 test_terrain_lod 1 8.64 16.20
00:47:36 test_terrain_lod 1 8.64 16.19
00:47:38 test_terrain_lod 1 8.64 16.20
00:47:40 test_terrain_lod 1 8.64 16.20
00:47:42 test_terrain_lod 1 8.64 16.19
00:47:44 test_terrain_lod 1 8.64 16.19
00:47:46 test_terrain_lod 1 8.64 16.19
00:47:48 test_terrain_lod 1 8.64 16.19
00:47:50 test_terrain_lod 1 8.64 16.19
00:47:52 test_terrain_lod 1 8.64 16.19
00:47:54 test_terrain_lod 1 8.64 16.19
00:47:56 test_terrain_lod 1 8.64 16.18
00:47:58 test_terrain_lod 1 8.64 16.20
00:48:00 test_terrain_lod 1 8.64 16.19
00:48:02 test_terrain_lod 1 8.64 16.21
00:48:04 test_terrain_lod 1 8.64 16.21
00:48:06 test_terrain_lod 1 8.64 16.21
00:48:08 test_terrain_lod 1 8.64 16.21
00:48:10 test_terrain_lod 1 8.64 16.21
00:48:12 test_terrain_lod 1 8.64 16.21
00:48:14 test_terrain_lod 1 8.64 16.20
00:48:16 test_terrain_lod 1 8.64 16.20
00:48:18 test_terrain_lod 1 8.64 16.21
00:48:20 test_terrain_lod 1 8.64 16.20
00:48:22 test_terrain_lod 1 8.64 16.21
00:48:24 test_terrain_lod 1 8.64 16.20
00:48:26 test_terrain_lod 1 8.64 16.21
00:48:28 test_terrain_lod 1 8.64 16.20
00:48:30 test_terrain_lod 1 8.64 16.21
00:48:32 test_terrain_lod 1 8.64 16.21
00:48:34 test_terrain_lod 1 8.63 16.21
00:48:36 test_terrain_lod 1 8.63 16.21
00:48:38 test_terrain_lod 1 8.63 16.21
00:48:40 test_terrain_lod 1 8.63 16.21
00:48:42 test_terrain_lod 1 8.63 16.21
00:48:44 test_terrain_lod 1 8.63 16.21
00:48:46 test_terrain_lod 1 8.63 16.21
00:48:48 test_terrain_lod 1 8.63 16.21
00:48:50 test_terrain_lod 1 8.63 16.20
00:48:52 test_terrain_lod 1 8.63 16.20
00:48:54 test_terrain_lod 1 8.63 16.20
00:48:56 test_terrain_lod 1 8.63 16.20
00:48:58 test_terrain_lod 1 8.63 16.20
00:49:00 test_terrain_lod 1 8.63 16.20
00:49:02 test_terrain_lod 1 8.63 16.21
00:49:04 test_terrain_lod 1 8.63 16.21
00:49:06 test_terrain_lod 1 8.63 16.21
00:49:08 test_terrain_lod 1 8.63 16.21
00:49:10 test_terrain_lod 1 8.96 15.88
00:49:12 test_terrain_lod 1 8.97 15.87
00:49:14 test_terrain_lod 1 8.98 15.86
00:49:16 test_terrain_lod 1 8.98 15.87
00:49:18 test_terrain_lod 1 8.98 15.87
00:49:20 test_terrain_lod 1 8.98 15.86
00:49:22 test_terrain_lod 1 8.98 15.87
00:49:24 test_terrain_lod 1 8.98 15.87
00:49:26 test_terrain_lod 1 8.98 15.87
00:49:28 test_terrain_lod 1 8.98 15.86
00:49:30 test_terrain_lod 1 8.98 15.87
00:49:32 test_terrain_lod 1 8.98 15.87
00:49:34 test_terrain_lod 1 8.98 15.87
00:49:36 test_terrain_lod 1 8.99 15.85
00:49:38 test_terrain_lod 1 9.05 15.80
00:49:40 test_terrain_lod 1 8.98 15.87
00:49:42 test_terrain_lod 1 8.98 15.87
00:49:44 test_terrain_lod 1 8.99 15.86
00:49:46 test_terrain_lod 1 8.99 15.86
00:49:48 test_terrain_lod 1 8.99 15.86
00:49:50 test_terrain_lod 1 8.99 15.86
00:49:52 test_terrain_lod 1 8.99 15.86
00:49:54 test_terrain_lod 1 8.99 15.86
00:49:56 test_terrain_lod 1 8.99 15.85
00:49:58 test_terrain_lod 1 8.99 15.85
00:50:00 test_terrain_lod 1 8.99 15.86
00:50:02 test_terrain_lod 1 8.99 15.85
00:50:04 test_terrain_lod 1 8.99 15.85
00:50:06 test_terrain_lod 1 8.99 15.85
00:50:08 test_terrain_lod 1 8.99 15.85
00:50:10 test_terrain_lod 1 8.99 15.85
00:50:12 test_terrain_lod 1 8.99 15.85
00:50:14 test_terrain_lod 1 8.99 15.85
00:50:16 test_terrain_lod 1 8.99 15.85
00:50:18 test_terrain_lod 1 8.99 15.85
00:50:20 test_terrain_lod 1 8.99 15.85
00:50:22 test_terrain_lod 1 8.99 15.85
00:50:24 test_terrain_lod 1 8.99 15.85
00:50:26 test_terrain_lod 1 8.99 15.85
00:50:28 test_terrain_lod 1 9.00 15.84
00:50:30 test_terrain_lod 1 9.00 15.84
00:50:32 test_terrain_lod 1 9.00 15.85
00:50:34 test_terrain_lod 1 9.00 15.85
00:50:36 test_terrain_lod 1 9.00 15.85
00:50:38 test_terrain_lod 1 9.01 15.84
00:50:40 test_terrain_lod 1 9.01 15.84
00:50:42 test_terrain_lod 1 9.01 15.85
00:50:44 test_terrain_lod 1 9.01 15.85
00:50:46 test_terrain_lod 1 9.01 15.84
00:50:48 test_terrain_lod 1 9.01 15.84
00:50:50 test_terrain_lod 1 9.01 15.84
00:50:52 test_terrain_lod 1 9.02 15.84
00:50:54 test_terrain_lod 1 9.02 15.84
00:50:56 test_terrain_lod 1 9.02 15.84
00:50:58 test_terrain_lod 1 9.02 15.84
00:51:00 test_terrain_lod 1 9.02 15.84
00:51:02 test_terrain_lod 1 9.02 15.84
00:51:04 test_terrain_lod 1 9.02 15.84
00:51:06 test_terrain_lod 1 9.02 15.84
00:51:08 test_terrain_lod 1 9.02 15.84
00:51:10 test_terrain_lod 1 9.02 15.84
00:51:12 test_terrain_lod 1 9.07 15.78
00:51:14 test_terrain_lod 1 9.07 15.78
00:51:16 test_terrain_lod 1 9.07 15.78
00:51:18 test_terrain_lod 1 9.08 15.77
00:51:20 test_terrain_lod 1 9.08 15.77
00:51:22 test_terrain_lod 1 9.09 15.77
00:51:24 test_terrain_lod 1 9.09 15.77
00:51:26 test_terrain_lod 1 9.09 15.77
00:51:28 test_terrain_lod 1 9.09 15.76
00:51:30 test_terrain_lod 1 9.09 15.77
00:51:32 test_terrain_lod 1 9.09 15.77
00:51:34 test_terrain_lod 1 9.09 15.79
00:51:36 test_terrain_lod 1 9.09 15.79
00:51:38 test_terrain_lod 1 9.09 15.79
00:51:40 test_terrain_lod 1 9.09 15.79
00:51:42 test_terrain_lod 1 9.09 15.79
00:51:44 test_terrain_lod 1 9.09 15.79
00:51:46 test_terrain_lod 1 9.09 15.79
00:51:48 test_terrain_lod 1 9.09 15.79
00:51:50 test_terrain_lod 1 9.09 15.79
00:51:52 test_terrain_lod 1 9.09 15.79
00:51:54 test_terrain_lod 1 9.09 15.79
00:51:56 test_terrain_lod 1 9.09 15.79
00:51:58 test_terrain_lod 1 9.09 15.79
00:52:00 test_terrain_lod 1 9.09 15.79
00:52:02 test_terrain_lod 1 9.09 15.79
00:52:04 test_terrain_lod 1 9.09 15.78
00:52:06 test_terrain_lod 1 9.09 15.78
00:52:08 test_terrain_lod 1 9.09 15.78
00:52:10 test_terrain_lod 1 9.09 15.78
00:52:12 test_terrain_lod 1 9.09 15.78
00:52:14 test_terrain_lod 1 9.09 15.78
00:52:16 test_terrain_lod 1 9.09 15.78
00:52:18 test_terrain_lod 1 9.09 15.78
00:52:20 test_terrain_lod 1 9.09 15.78
00:52:22 test_terrain_lod 1 9.09 15.78
00:52:24 test_terrain_lod 1 9.09 15.78
00:52:26 test_terrain_lod 1 9.09 15.78
00:52:28 test_terrain_lod 1 9.09 15.78
00:52:30 test_terrain_lod 1 9.09 15.78
00:52:32 test_terrain_lod 1 9.09 15.77
00:52:34 test_terrain_lod 1 9.09 15.80
00:52:36 test_terrain_lod 1 9.09 15.78
00:52:38 test_terrain_lod 1 9.09 15.79
00:52:40 test_terrain_lod 1 9.09 15.79
00:52:42 test_terrain_lod 1 9.09 15.79
00:52:44 test_terrain_lod 1 9.09 15.79
00:52:46 test_terrain_lod 1 9.09 15.79
00:52:48 test_terrain_lod 1 9.09 15.80
00:52:50 test_terrain_lod 1 9.09 15.77
00:52:52 test_terrain_lod 1 9.09 15.80
00:52:54 test_terrain_lod 1 9.10 15.79
00:52:56 test_terrain_lod 1 9.10 15.79
00:52:58 test_terrain_lod 1 9.10 15.79
00:53:00 test_terrain_lod 1 9.10 15.79
00:53:02 test_terrain_lod 1 9.10 15.79
00:53:04 test_terrain_lod 1 9.10 15.79
00:53:06 test_terrain_lod 1 9.10 15.79
00:53:08 test_terrain_lod 1 9.10 15.79
00:53:10 test_terrain_lod 1 9.10 15.78
00:53:12 test_terrain_lod 1 9.10 15.78
00:53:14 test_terrain_lod 1 9.11 15.78
00:53:16 test_terrain_lod 1 9.11 15.78
00:53:18 test_terrain_lod 1 9.11 15.78
00:53:20 test_terrain_lod 1 9.11 15.78
00:53:22 test_terrain_lod 1 9.11 15.78
00:53:24 test_terrain_lod 1 9.11 15.78
00:53:26 test_terrain_lod 1 9.11 15.77
00:53:28 test_terrain_lod 1 9.11 15.77
00:53:30 test_terrain_lod 1 9.11 15.77
00:53:32 test_terrain_lod 1 9.11 15.77
00:53:34 test_terrain_lod 1 9.11 15.77
00:53:36 test_terrain_lod 1 9.28 15.60
00:53:38 test_terrain_lod 1 9.37 15.51
00:53:40 test_terrain_lod 1 9.37 15.51
00:53:42 test_terrain_lod 1 9.37 15.51
00:53:44 test_terrain_lod 1 9.37 15.50
00:53:46 test_terrain_lod 1 9.38 15.49
00:53:48 test_terrain_lod 1 9.47 15.40
00:53:50 test_terrain_lod 1 9.45 15.42
00:53:52 test_terrain_lod 1 9.45 15.42
00:53:54 test_terrain_lod 1 9.45 15.42
00:53:56 test_terrain_lod 1 9.45 15.81
00:53:58 test_terrain_lod 1 9.45 15.53
00:54:00 test_terrain_lod 1 9.45 15.18
00:54:02 test_terrain_lod 1 9.45 15.25
00:54:04 test_terrain_lod 1 9.45 15.25
00:54:06 test_terrain_lod 1 9.45 15.25
00:54:08 test_terrain_lod 1 9.45 15.25
00:54:10 test_terrain_lod 1 9.45 15.26
00:54:12 test_terrain_lod 1 9.45 15.24
00:54:14 test_terrain_lod 1 9.45 15.47
00:54:16 test_terrain_lod 1 9.45 15.47
00:54:18 test_terrain_lod 1 9.45 15.47
00:54:20 test_terrain_lod 1 9.45 15.47
00:54:22 test_terrain_lod 1 9.45 15.47
00:54:24 test_terrain_lod 1 9.45 15.47
00:54:26 test_terrain_lod 1 9.45 15.47
00:54:28 test_terrain_lod 1 9.45 15.46
00:54:30 test_terrain_lod 1 9.45 15.46
00:54:32 test_terrain_lod 1 9.45 15.47
00:54:34 test_terrain_lod 1 9.45 15.46
00:54:36 test_terrain_lod 1 9.45 15.46
00:54:38 test_terrain_lod 1 9.45 15.46
00:54:40 test_terrain_lod 1 9.45 15.46
00:54:42 test_terrain_lod 1 9.45 15.46
00:54:44 test_terrain_lod 1 9.45 15.46
00:54:46 test_terrain_lod 1 9.45 15.46
00:54:48 test_terrain_lod 1 9.45 15.46
00:54:50 test_terrain_lod 1 9.45 15.46
00:54:52 test_terrain_lod 1 9.45 15.45
00:54:54 test_terrain_lod 1 9.45 15.45
00:54:56 test_terrain_lod 1 9.45 15.45
00:54:58 test_terrain_lod 1 9.45 15.45
00:55:00 test_terrain_lod 1 9.45 15.45
00:55:02 test_terrain_lod 1 9.45 15.45
00:55:04 test_terrain_lod 1 9.45 15.45
00:55:06 test_terrain_lod 1 9.45 15.45
00:55:08 test_terrain_lod 1 9.45 15.44
00:55:10 test_terrain_lod 1 9.45 15.44
00:55:12 test_terrain_lod 1 9.45 15.44
00:55:14 test_terrain_lod 1 9.45 15.45
00:55:16 test_terrain_lod 1 9.45 15.45
00:55:18 test_terrain_lod 1 9.45 15.45
00:55:21 test_terrain_lod 1 9.45 15.45
00:55:23 test_terrain_lod 1 9.45 15.45
00:55:25 test_terrain_lod 1 9.45 15.45
00:55:27 test_terrain_lod 1 9.45 15.45
00:55:29 test_terrain_lod 1 9.45 15.45
00:55:31 test_terrain_lod 1 9.45 15.45
00:55:33 test_terrain_lod 1 9.45 15.45
00:55:35 test_terrain_lod 1 9.45 15.45
00:55:37 test_terrain_lod 1 9.45 15.45
00:55:39 test_terrain_lod 1 9.45 15.45
00:55:41 test_terrain_lod 1 9.45 15.45
00:55:43 test_terrain_lod 1 9.45 15.45
00:55:45 test_terrain_lod 1 9.45 15.45
00:55:47 test_terrain_lod 1 9.45 15.45
00:55:49 test_terrain_lod 1 9.45 15.45
00:55:51 test_terrain_lod 1 9.45 15.45
00:55:53 test_terrain_lod 1 9.45 15.45
00:55:55 test_terrain_lod 1 9.45 15.45
00:55:57 test_terrain_lod 1 9.45 15.46
00:55:59 test_terrain_lod 1 9.45 15.46
00:56:01 test_terrain_lod 1 9.45 15.46
00:56:03 test_terrain_lod 1 9.45 15.46
00:56:05 test_terrain_lod 1 9.45 15.46
00:56:07 test_terrain_lod 1 9.45 15.46
00:56:09 test_terrain_lod 1 9.45 15.46
00:56:11 test_terrain_lod 1 9.45 15.46
00:56:13 test_terrain_lod 1 9.45 15.46
00:56:15 test_terrain_lod 1 9.45 15.46
00:56:17 test_terrain_lod 1 9.45 15.46
00:56:19 test_terrain_lod 1 9.45 15.45
00:56:21 test_terrain_lod 1 9.45 15.45
00:56:23 test_terrain_lod 1 9.45 15.45
00:56:25 test_terrain_lod 1 9.45 15.45
00:56:27 test_terrain_lod 1 9.45 15.45
00:56:29 test_terrain_lod 1 9.45 15.45
00:56:31 test_terrain_lod 1 9.45 15.45
00:56:33 test_terrain_lod 1 9.45 15.45
00:56:35 test_terrain_lod 1 9.45 15.45
00:56:37 test_terrain_lod 1 9.45 15.45
00:56:39 test_terrain_lod 1 9.45 15.45
00:56:41 test_terrain_lod 1 9.45 15.30
00:56:43 test_terrain_lod 1 9.45 15.45
00:56:45 test_terrain_lod 1 9.45 15.45
00:56:47 test_terrain_lod 1 9.45 15.45
00:56:49 test_terrain_lod 1 9.45 15.45
00:56:51 test_terrain_lod 1 9.45 15.45
00:56:53 test_terrain_lod 1 9.45 14.92
00:56:55 test_terrain_lod 1 9.45 14.91
00:56:57 test_terrain_lod 1 9.45 14.87
00:56:59 test_terrain_lod 1 9.45 14.87
00:57:01 test_terrain_lod 1 9.45 14.92
00:57:03 test_terrain_lod 1 9.45 14.81
00:57:05 test_terrain_lod 1 9.45 14.83
00:57:07 test_terrain_lod 1 9.45 14.83
00:57:09 test_terrain_lod 1 9.45 14.88
00:57:11 test_terrain_lod 1 9.45 14.84
00:57:13 test_terrain_lod 1 9.45 15.44
00:57:15 test_terrain_lod 1 9.45 15.44
00:57:17 test_terrain_lod 1 9.45 15.44
00:57:19 test_terrain_lod 1 9.45 15.44
00:57:21 test_terrain_lod 1 9.45 15.44
00:57:23 test_terrain_lod 1 9.45 15.44
00:57:25 test_terrain_lod 1 9.45 15.44
00:57:27 test_terrain_lod 1 9.45 15.44
00:57:29 test_terrain_lod 1 9.45 15.44
00:57:31 test_terrain_lod 1 9.45 15.44
00:57:33 test_terrain_lod 1 9.45 15.44
00:57:35 test_terrain_lod 1 9.45 15.44
00:57:37 test_terrain_lod 1 9.45 15.43
00:57:39 test_terrain_lod 1 9.45 15.12
00:57:41 test_terrain_lod 1 9.45 14.90
00:57:43 test_terrain_lod 1 9.45 15.44
00:57:45 test_terrain_lod 1 9.45 15.43
00:57:47 test_terrain_lod 1 9.45 15.39
00:57:49 test_terrain_lod 1 9.45 14.85
00:57:51 test_terrain_lod 1 9.45 14.90
00:57:53 test_terrain_lod 1 9.45 14.86
00:57:55 test_terrain_lod 1 9.45 14.89
00:57:57 test_terrain_lod 1 9.45 14.80
00:57:59 test_terrain_lod 1 9.45 14.90
00:58:01 test_terrain_lod 1 9.45 14.81
00:58:03 test_terrain_lod 1 9.45 14.87
00:58:05 test_terrain_lod 1 9.45 14.95
00:58:07 test_terrain_lod 1 9.45 14.89
00:58:09 test_terrain_lod 1 9.45 15.11
00:58:11 test_terrain_lod 1 9.45 14.87
00:58:13 test_terrain_lod 1 9.45 15.13
00:58:15 test_terrain_lod 1 9.45 14.89
00:58:17 test_terrain_lod 1 9.45 15.17
00:58:19 test_terrain_lod 1 9.45 14.90
00:58:21 test_terrain_lod 1 9.45 15.19
00:58:23 test_terrain_lod 1 9.45 14.80
00:58:25 test_terrain_lod 1 9.45 15.23
00:58:27 test_terrain_lod 1 9.45 14.84
00:58:29 test_terrain_lod 1 9.45 14.88
00:58:31 test_terrain_lod 1 9.45 14.81
00:58:33 test_terrain_lod 1 9.45 14.86
00:58:35 test_terrain_lod 1 9.45 14.83
00:58:37 test_terrain_lod 1 9.45 14.90
00:58:39 test_terrain_lod 1 9.45 15.07
00:58:41 test_terrain_lod 1 9.45 14.90
00:58:43 test_terrain_lod 1 9.45 15.11
00:58:45 test_terrain_lod 1 9.45 14.89
00:58:47 test_terrain_lod 1 9.45 15.17
00:58:49 test_terrain_lod 1 9.45 14.90
00:58:51 test_terrain_lod 1 9.45 15.23
00:58:53 test_terrain_lod 1 9.45 14.86
00:58:55 test_terrain_lod 1 9.45 14.90
00:58:57 test_terrain_lod 1 9.45 14.88
00:58:59 test_terrain_lod 1 9.45 14.88
00:59:01 test_terrain_lod 1 9.45 14.83
00:59:03 test_terrain_lod 1 9.45 14.88
00:59:05 test_terrain_lod 1 9.45 15.06
00:59:07 test_terrain_lod 1 9.45 14.89
00:59:09 test_terrain_lod 1 9.45 15.43
00:59:11 test_terrain_lod 1 9.45 15.43
00:59:13 test_terrain_lod 1 9.45 14.89
00:59:15 test_terrain_lod 1 9.45 14.86
00:59:17 test_terrain_lod 1 9.45 14.82
00:59:19 test_terrain_lod 1 9.45 14.88
00:59:21 test_terrain_lod 1 9.45 15.10
00:59:23 test_terrain_lod 1 9.45 14.87
00:59:25 test_terrain_lod 1 9.45 15.17
00:59:27 test_terrain_lod 1 9.45 14.85
00:59:29 test_terrain_lod 1 9.45 15.27
00:59:31 test_terrain_lod 1 9.45 14.84
00:59:33 test_terrain_lod 1 9.45 14.89
00:59:35 test_terrain_lod 1 9.45 14.82
00:59:37 test_terrain_lod 1 9.45 14.90
00:59:39 test_terrain_lod 1 9.45 14.90
00:59:41 test_terrain_lod 1 9.45 14.90
00:59:43 test_terrain_lod 1 9.45 14.85
00:59:45 test_terrain_lod 1 9.45 14.89
00:59:47 test_terrain_lod 1 9.45 14.86
00:59:49 test_terrain_lod 1 9.45 14.88
00:59:51 test_terrain_lod 1 9.45 14.81
00:59:53 test_terrain_lod 1 9.45 14.86
00:59:55 test_terrain_lod 1 9.45 15.42
00:59:57 test_terrain_lod 1 9.45 15.42
00:59:59 test_terrain_lod 1 9.45 15.42
01:00:01 test_terrain_lod 1 9.45 15.43
01:00:03 test_terrain_lod 1 9.45 15.43
01:00:05 test_terrain_lod 1 9.45 15.43
01:00:07 test_terrain_lod 1 9.45 15.43
01:00:09 test_terrain_lod 1 9.45 15.43
01:00:11 test_terrain_lod 1 9.45 15.43
01:00:13 test_terrain_lod 1 9.45 15.43
01:00:15 test_terrain_lod 1 9.45 15.43
01:00:17 test_terrain_lod 1 9.45 15.43
01:00:19 test_terrain_lod 1 9.45 15.43
01:00:21 test_terrain_lod 1 9.45 15.43
01:00:23 test_terrain_lod 1 9.45 15.16
01:00:25 test_terrain_lod 1 9.45 14.88
01:00:27 test_terrain_lod 1 9.45 15.17
01:00:29 test_terrain_lod 1 9.45 14.84
01:00:31 test_terrain_lod 1 9.45 15.23
01:00:33 test_terrain_lod 1 9.75 14.55
01:00:35 test_terrain_lod 1 9.77 14.58
01:00:37 test_terrain_lod 1 9.82 14.45
01:00:39 test_terrain_lod 1 9.77 14.56
01:00:41 test_terrain_lod 1 9.78 14.53
01:00:43 test_terrain_lod 1 9.79 14.55
01:00:45 test_terrain_lod 1 9.80 14.54
01:00:47 test_terrain_lod 1 9.79 14.54
01:00:49 test_terrain_lod 1 9.79 14.75
01:00:51 test_terrain_lod 1 9.79 14.54
01:00:53 test_terrain_lod 1 9.79 15.09
01:00:55 test_terrain_lod 1 9.79 15.09
01:00:57 test_terrain_lod 1 9.79 15.09
01:00:59 test_terrain_lod 1 9.79 15.09
01:01:01 test_terrain_lod 1 9.79 15.09
01:01:03 test_terrain_lod 1 9.79 15.08
01:01:05 test_terrain_lod 1 9.79 15.08
01:01:07 test_terrain_lod 1 9.79 15.07
01:01:09 test_terrain_lod 1 9.79 15.07
01:01:11 test_terrain_lod 1 9.79 15.07
01:01:13 test_terrain_lod 1 9.80 15.07
01:01:15 test_terrain_lod 1 9.80 15.07
01:01:17 test_terrain_lod 1 9.80 15.07
01:01:19 test_terrain_lod 1 9.80 15.07
01:01:21 test_terrain_lod 1 9.80 15.07
01:01:23 test_terrain_lod 1 9.80 15.09
01:01:25 test_terrain_lod 1 9.80 15.09
01:01:27 test_terrain_lod 1 9.80 15.08
01:01:29 test_terrain_lod 1 9.80 15.09
01:01:31 test_terrain_lod 1 9.80 15.09
01:01:33 test_terrain_lod 1 9.80 15.09
01:01:35 test_terrain_lod 1 9.80 15.03
01:01:37 test_terrain_lod 1 9.80 15.06
01:01:39 test_terrain_lod 1 9.80 15.06
01:01:41 test_terrain_lod 1 9.80 15.06
01:01:43 test_terrain_lod 1 9.80 15.07
01:01:45 test_terrain_lod 1 9.80 15.06
01:01:47 test_terrain_lod 1 9.80 15.06
01:01:49 test_terrain_lod 1 9.80 15.06
01:01:51 test_terrain_lod 1 9.80 15.06
01:01:53 test_terrain_lod 1 9.80 15.05
01:01:55 test_terrain_lod 1 9.80 15.02
01:01:57 test_terrain_lod 1 9.80 15.02
01:01:59 test_terrain_lod 1 9.80 15.02
01:02:01 test_terrain_lod 1 9.80 15.02
01:02:03 test_terrain_lod 1 9.80 15.02
01:02:05 test_terrain_lod 1 9.80 15.02
01:02:07 test_terrain_lod 1 9.80 15.02
01:02:09 test_terrain_lod 1 9.80 15.02
01:02:11 test_terrain_lod 1 9.80 15.04
01:02:13 test_terrain_lod 1 9.80 15.04
01:02:15 test_terrain_lod 1 9.80 15.04
01:02:17 test_terrain_lod 1 9.80 15.03
01:02:19 test_terrain_lod 1 9.80 15.03
01:02:21 test_terrain_lod 1 9.80 15.03
01:02:23 test_terrain_lod 1 9.80 15.03
01:02:25 test_terrain_lod 1 9.80 15.03
01:02:27 test_terrain_lod 1 9.80 15.03
01:02:29 test_terrain_lod 1 9.80 15.03
01:02:31 test_terrain_lod 1 9.80 15.03
01:02:33 test_terrain_lod 1 9.80 15.03
01:02:35 test_terrain_lod 1 9.79 15.03
01:02:37 test_terrain_lod 1 9.79 15.02
01:02:39 test_terrain_lod 1 9.79 15.03
01:02:41 test_terrain_lod 1 9.79 15.03
01:02:43 test_terrain_lod 1 9.79 15.04
01:02:45 test_terrain_lod 1 9.79 15.04
01:02:47 test_terrain_lod 1 9.80 15.04
01:02:49 test_terrain_lod 1 9.80 15.03
01:02:51 test_terrain_lod 1 9.80 15.03
01:02:53 test_terrain_lod 1 9.80 15.03
01:02:55 test_terrain_lod 1 9.80 15.03
01:02:57 test_terrain_lod 1 9.80 15.03
01:02:59 test_terrain_lod 1 9.80 15.03
01:03:01 test_terrain_lod 1 9.80 15.03
01:03:03 test_terrain_lod 1 9.80 15.03
01:03:05 test_terrain_lod 1 9.80 15.03
01:03:07 test_terrain_lod 1 9.81 15.02
01:03:09 test_terrain_lod 1 9.81 15.02
01:03:11 test_terrain_lod 1 9.81 15.02
01:03:13 test_terrain_lod 1 9.81 15.02
01:03:15 test_terrain_lod 1 9.81 15.03
01:03:17 test_terrain_lod 1 9.81 15.02
01:03:19 test_terrain_lod 1 9.81 15.02
01:03:21 test_terrain_lod 1 9.81 15.02
01:03:23 test_terrain_lod 1 9.81 15.02
01:03:25 test_terrain_lod 1 9.81 15.02
01:03:27 test_terrain_lod 1 9.81 15.02
01:03:29 test_terrain_lod 1 9.81 15.01
01:03:31 test_terrain_lod 1 9.81 15.01
01:03:33 test_terrain_lod 1 9.81 15.01
01:03:35 test_terrain_lod 1 9.81 15.01
01:03:37 test_terrain_lod 1 9.81 15.02
01:03:39 test_terrain_lod 1 9.81 15.01
01:03:41 test_terrain_lod 1 9.81 15.01
01:03:43 test_terrain_lod 1 9.81 15.01
01:03:45 test_terrain_lod 1 9.81 15.01
01:03:47 test_terrain_lod 1 9.81 15.01
01:03:49 test_terrain_lod 1 9.81 15.01
01:03:51 test_terrain_lod 1 9.81 15.00
01:03:53 test_terrain_lod 1 9.81 15.00
01:03:55 test_terrain_lod 1 9.81 15.00
01:03:57 test_terrain_lod 1 9.81 15.00
01:03:59 test_terrain_lod 1 9.81 14.75
01:04:01 test_terrain_lod 1 9.81 14.42
01:04:03 test_terrain_lod 1 9.81 15.01
01:04:05 test_terrain_lod 1 9.81 15.01
01:04:07 test_terrain_lod 1 9.81 15.01
01:04:09 test_terrain_lod 1 9.81 15.01
01:04:11 test_terrain_lod 1 9.81 15.01
01:04:13 test_terrain_lod 1 9.81 15.01
01:04:15 test_terrain_lod 1 9.81 15.01
01:04:17 test_terrain_lod 1 9.81 15.01
01:04:19 test_terrain_lod 1 9.81 15.01
01:04:21 test_terrain_lod 1 9.81 15.01
01:04:23 test_terrain_lod 1 9.81 15.00
01:04:25 test_terrain_lod 1 9.81 15.00
01:04:27 test_terrain_lod 1 9.81 15.00
01:04:29 test_terrain_lod 1 9.81 15.00
01:04:31 test_terrain_lod 1 9.81 15.00
01:04:33 test_terrain_lod 1 9.81 14.99
01:04:35 test_terrain_lod 1 9.81 14.99
01:04:37 test_terrain_lod 1 9.81 14.99
01:04:39 test_terrain_lod 1 9.81 14.99
01:04:41 test_terrain_lod 1 9.81 14.99
01:04:43 test_terrain_lod 1 9.81 14.99
01:04:45 test_terrain_lod 1 9.81 15.01
01:04:47 test_terrain_lod 1 9.81 15.01
01:04:49 test_terrain_lod 1 9.81 15.01
01:04:51 test_terrain_lod 1 9.81 15.01
01:04:53 test_terrain_lod 1 9.81 15.01
01:04:55 test_terrain_lod 1 9.81 15.01
01:04:57 test_terrain_lod 1 9.81 15.01
01:04:59 test_terrain_lod 1 9.81 15.00
01:05:01 test_terrain_lod 1 9.81 15.00
01:05:03 test_terrain_lod 1 9.81 15.00
01:05:05 test_terrain_lod 1 9.81 15.00
01:05:07 test_terrain_lod 1 9.81 15.00
01:05:09 test_terrain_lod 1 9.81 15.00
01:05:11 test_terrain_lod 1 9.81 15.00
01:05:13 test_terrain_lod 1 9.88 14.94
01:05:15 test_terrain_lod 1 9.86 14.95
01:05:17 test_terrain_lod 1 9.86 14.96
01:05:19 test_terrain_lod 1 9.86 14.96
01:05:21 test_terrain_lod 1 9.86 14.96
01:05:23 test_terrain_lod 1 9.86 14.96
01:05:25 test_terrain_lod 1 9.86 14.96
01:05:27 test_terrain_lod 1 9.86 14.96
01:05:29 test_terrain_lod 1 9.86 14.95
01:05:31 test_terrain_lod 1 9.86 14.95
01:05:33 test_terrain_lod 1 9.86 14.95
01:05:35 test_terrain_lod 1 9.86 14.95
01:05:37 test_terrain_lod 1 9.86 14.95
01:05:39 test_terrain_lod 1 9.86 14.95
01:05:41 test_terrain_lod 1 9.86 14.95
01:05:43 test_terrain_lod 1 9.86 14.95
01:05:45 test_terrain_lod 1 9.86 14.95
01:05:47 test_terrain_lod 1 9.86 14.95
01:05:49 test_terrain_lod 1 9.86 14.95
01:05:51 test_terrain_lod 1 9.86 14.95
01:05:53 test_terrain_lod 1 9.81 15.01
01:05:55 test_terrain_lod 1 9.81 15.01
01:05:57 test_terrain_lod 1 9.81 15.00
01:05:59 test_terrain_lod 1 9.81 15.00
01:06:01 test_terrain_lod 1 9.81 15.00
01:06:03 test_terrain_lod 1 9.81 15.02
01:06:05 test_terrain_lod 1 9.81 15.02
01:06:07 test_terrain_lod 1 9.81 15.02
01:06:09 test_terrain_lod 1 9.81 15.02
01:06:11 test_terrain_lod 1 9.81 15.02
01:06:13 test_terrain_lod 1 9.81 15.02
01:06:15 test_terrain_lod 1 9.81 15.02
01:06:17 test_terrain_lod 1 9.81 15.02
01:06:19 test_terrain_lod 1 9.81 15.02
01:06:21 test_terrain_lod 1 9.81 15.02
01:06:23 test_terrain_lod 1 9.81 15.02
01:06:25 test_terrain_lod 1 9.81 15.02
01:06:27 test_terrain_lod 1 9.81 15.02
01:06:29 test_terrain_lod 1 9.81 15.02
01:06:31 test_terrain_lod 1 9.81 15.02
01:06:33 test_terrain_lod 1 9.81 15.01
01:06:35 test_terrain_lod 1 9.81 15.02
01:06:37 test_terrain_lod 1 9.81 15.02
01:06:39 test_terrain_lod 1 9.81 15.02
01:06:41 test_terrain_lod 1 9.81 15.01
01:06:43 test_terrain_lod 1 9.81 15.01
01:06:45 test_terrain_lod 1 9.81 15.01
01:06:47 test_terrain_lod 1 9.81 15.01
01:06:49 test_terrain_lod 1 9.81 15.01
01:06:51 test_terrain_lod 1 9.81 15.01
01:06:53 test_terrain_lod 1 9.81 15.01
01:06:55 test_terrain_lod 1 9.81 15.00
01:06:57 test_terrain_lod 1 9.81 15.00
01:06:59 test_terrain_lod 1 9.81 15.00
01:07:01 test_terrain_lod 1 9.81 15.01
01:07:03 test_terrain_lod 1 9.81 15.01
01:07:05 test_terrain_lod 1 9.81 15.01
01:07:07 test_terrain_lod 1 9.81 15.01
01:07:09 test_terrain_lod 1 9.81 15.01
01:07:11 test_terrain_lod 1 9.81 15.45
01:07:13 test_terrain_lod 1 9.81 15.14
01:07:15 test_terrain_lod 1 9.81 15.15
01:07:17 test_terrain_lod 1 9.81 15.14
01:07:19 test_terrain_lod 1 9.81 15.13
01:07:21 test_terrain_lod 1 9.81 15.13
01:07:23 test_terrain_lod 1 9.81 15.13
01:07:25 test_terrain_lod 1 9.81 15.13
01:07:27 test_terrain_lod 1 9.81 15.11
01:07:29 test_terrain_lod 1 9.81 15.12
01:07:31 test_terrain_lod 1 9.81 15.11
01:07:33 test_terrain_lod 1 9.81 15.11
01:07:35 test_terrain_lod 1 9.81 15.11
01:07:37 test_terrain_lod 1 9.81 15.10
01:07:39 test_terrain_lod 1 9.81 15.10
01:07:41 test_terrain_lod 1 9.81 15.10
01:07:43 test_terrain_lod 1 9.81 15.10
01:07:45 test_terrain_lod 1 9.81 15.10
01:07:47 test_terrain_lod 1 9.81 15.10
01:07:49 test_terrain_lod 1 9.81 15.10
01:07:51 test_terrain_lod 1 9.81 15.10
01:07:53 test_terrain_lod 1 9.81 15.10
01:07:55 test_terrain_lod 1 9.81 15.10
01:07:57 test_terrain_lod 1 9.81 15.10
01:07:59 test_terrain_lod 1 9.81 15.10
01:08:01 test_terrain_lod 1 9.81 15.11
01:08:03 test_terrain_lod 1 9.81 15.11
01:08:05 test_terrain_lod 1 9.81 15.11
01:08:07 test_terrain_lod 1 9.81 15.11
01:08:09 test_terrain_lod 1 9.81 15.11
01:08:11 test_terrain_lod 1 9.81 15.10
01:08:13 test_terrain_lod 1 9.81 15.10
01:08:15 test_terrain_lod 1 9.81 15.10
01:08:17 test_terrain_lod 1 9.81 15.10
01:08:19 test_terrain_lod 1 9.81 15.10
01:08:21 test_terrain_lod 1 9.81 15.10
01:08:23 test_terrain_lod 1 9.81 15.09
01:08:25 test_terrain_lod 1 9.81 15.10
01:08:27 test_terrain_lod 1 9.81 15.10
01:08:29 test_terrain_lod 1 9.81 15.10
01:08:31 test_terrain_lod 1 9.81 15.10
01:08:33 test_terrain_lod 1 9.81 15.10
01:08:35 test_terrain_lod 1 9.81 15.10
01:08:37 test_terrain_lod 1 9.81 15.10
01:08:39 test_terrain_lod 1 9.81 15.10
01:08:41 test_terrain_lod 1 9.81 15.10
01:08:43 test_terrain_lod 1 9.81 15.10
01:08:45 test_terrain_lod 1 9.81 15.10
01:08:47 test_terrain_lod 1 9.81 15.10
01:08:49 test_terrain_lod 1 9.81 15.09
01:08:51 test_terrain_lod 1 9.81 15.09
01:08:53 test_terrain_lod 1 9.81 15.09
01:08:55 test_terrain_lod 1 9.81 15.09
01:08:57 test_terrain_lod 1 9.81 15.08
01:08:59 test_terrain_lod 1 9.81 15.08
01:09:02 test_terrain_lod 1 9.81 15.09
01:09:04 test_terrain_lod 1 9.81 15.09
01:09:06 test_terrain_lod 1 9.81 15.09
01:09:08 test_terrain_lod 1 9.81 15.08
01:09:10 test_terrain_lod 1 9.81 15.08
01:09:12 test_terrain_lod 1 9.82 15.08
01:09:14 test_terrain_lod 1 9.82 15.08
01:09:16 test_terrain_lod 1 9.82 15.08
01:09:18 test_terrain_lod 1 9.82 15.08
01:09:20 test_terrain_lod 1 9.82 15.08
01:09:22 test_terrain_lod 1 9.82 15.08
01:09:24 test_terrain_lod 1 9.82 15.08
01:09:26 test_terrain_lod 1 9.82 15.08
01:09:28 test_terrain_lod 1 9.82 15.08
01:09:30 test_terrain_lod 1 9.82 15.08
01:09:32 test_terrain_lod 1 9.82 15.08
01:09:34 test_terrain_lod 1 9.82 15.08
01:09:36 test_terrain_lod 1 9.82 15.08
01:09:38 test_terrain_lod 1 9.82 15.08
01:09:40 test_terrain_lod 1 9.82 15.08
01:09:42 test_terrain_lod 1 9.82 15.08
01:09:44 test_terrain_lod 1 9.82 15.07
01:09:46 test_terrain_lod 1 9.82 15.08
01:09:48 test_terrain_lod 1 9.82 15.08
01:09:50 test_terrain_lod 1 9.82 15.08
01:09:52 test_terrain_lod 1 9.82 15.07
01:09:54 test_terrain_lod 1 9.82 15.08
01:09:56 test_terrain_lod 1 9.82 15.08
01:09:58 test_terrain_lod 1 9.82 14.84
01:10:00 test_terrain_lod 1 9.82 15.08
01:10:02 test_terrain_lod 1 9.82 15.07
01:10:04 test_terrain_lod 1 9.82 14.85
01:10:06 test_terrain_lod 1 9.82 15.08
01:10:08 test_terrain_lod 1 9.82 15.07
01:10:10 test_terrain_lod 1 9.82 15.07
01:10:12 test_terrain_lod 1 9.82 15.08
01:10:14 test_terrain_lod 1 9.82 15.08
01:10:16 test_terrain_lod 1 9.82 15.08
01:10:18 test_terrain_lod 1 9.82 15.07
01:10:20 test_terrain_lod 1 9.82 15.07
01:10:22 test_terrain_lod 1 9.82 15.07
01:10:24 test_terrain_lod 1 9.82 15.07
01:10:26 test_terrain_lod 1 9.82 15.07
01:10:28 test_terrain_lod 1 9.81 15.09
01:10:30 test_terrain_lod 1 9.81 15.09
01:10:32 test_terrain_lod 1 9.81 15.09
01:10:34 test_terrain_lod 1 9.81 15.09
01:10:36 test_terrain_lod 1 9.81 15.08
01:10:38 test_terrain_lod 1 9.81 15.08
01:10:40 test_terrain_lod 1 9.81 15.08
01:10:42 test_terrain_lod 1 9.81 15.09
01:10:44 test_terrain_lod 1 9.81 15.09
01:10:46 test_terrain_lod 1 9.81 15.09
01:10:48 test_terrain_lod 1 9.81 15.09
01:10:50 test_terrain_lod 1 9.81 15.08
01:10:52 test_terrain_lod 1 9.81 15.08
01:10:54 test_terrain_lod 1 9.81 15.07
01:10:56 test_terrain_lod 1 9.81 15.07
01:10:58 test_terrain_lod 1 9.81 15.07
01:11:00 test_terrain_lod 1 9.81 15.07
01:11:02 test_terrain_lod 1 9.81 15.06
01:11:04 test_terrain_lod 1 9.81 15.06
01:11:06 test_terrain_lod 1 9.81 15.06
01:11:08 test_terrain_lod 1 9.81 15.06
01:11:10 test_terrain_lod 1 9.81 15.06
01:11:12 test_terrain_lod 1 9.81 15.06
01:11:14 test_terrain_lod 1 9.81 15.06
01:11:16 test_terrain_lod 1 9.81 15.06
01:11:18 test_terrain_lod 1 9.81 15.06
01:11:20 test_terrain_lod 1 9.81 15.05
01:11:22 test_terrain_lod 1 9.81 15.05
01:11:24 test_terrain_lod 1 9.81 15.05
01:11:26 test_terrain_lod 1 9.81 15.05
01:11:28 test_terrain_lod 1 9.81 15.05
01:11:30 test_terrain_lod 1 9.81 15.05
01:11:32 test_terrain_lod 1 9.82 15.06
01:11:34 test_terrain_lod 1 9.82 15.06
01:11:36 test_terrain_lod 1 9.82 15.06
01:11:38 test_terrain_lod 1 9.82 15.06
01:11:40 test_terrain_lod 1 9.82 15.06
01:11:42 test_terrain_lod 1 9.82 15.06
01:11:44 test_terrain_lod 1 9.82 15.06
01:11:46 test_terrain_lod 1 9.82 15.06
01:11:48 test_terrain_lod 1 9.82 15.06
01:11:50 test_terrain_lod 1 9.82 15.05
01:11:52 test_terrain_lod 1 9.82 15.05
01:11:54 test_terrain_lod 1 9.82 15.05
01:11:56 test_terrain_lod 1 9.82 15.05
01:11:58 test_terrain_lod 1 9.82 15.05
01:12:00 test_terrain_lod 1 9.82 15.05
01:12:02 test_terrain_lod 1 9.82 15.05
01:12:04 test_terrain_lod 1 9.82 15.04
01:12:06 test_terrain_lod 1 9.82 15.04
01:12:08 test_terrain_lod 1 9.82 15.05
01:12:10 test_terrain_lod 1 9.82 14.86
01:12:12 test_terrain_lod 1 9.82 14.72
01:12:14 test_terrain_lod 1 9.82 15.05
01:12:16 test_terrain_lod 1 9.82 15.05
01:12:18 test_terrain_lod 1 9.82 15.05
01:12:20 test_terrain_lod 1 9.82 15.05
01:12:22 test_terrain_lod 1 9.82 14.82
01:12:24 test_terrain_lod 1 9.82 14.71
01:12:26 test_terrain_lod 1 9.82 15.05
01:12:28 test_terrain_lod 1 9.82 15.05
01:12:30 test_terrain_lod 1 9.82 15.05
01:12:32 test_terrain_lod 1 9.83 15.04
01:12:34 test_terrain_lod 1 9.82 15.05
01:12:36 test_terrain_lod 1 9.82 15.05
01:12:38 test_terrain_lod 1 9.82 15.04
01:12:40 test_terrain_lod 1 9.82 15.05
01:12:42 test_terrain_lod 1 9.82 15.05
01:12:44 test_terrain_lod 1 9.82 15.05
01:12:46 test_terrain_lod 1 9.82 15.05
01:12:48 test_terrain_lod 1 9.82 15.05
01:12:50 test_terrain_lod 1 9.82 15.05
01:12:52 test_terrain_lod 1 9.82 15.05
01:12:54 test_terrain_lod 1 9.82 15.05
01:12:56 test_terrain_lod 1 9.81 15.07
01:12:58 test_terrain_lod 1 9.81 15.07
01:13:00 test_terrain_lod 1 9.81 15.07
01:13:02 test_terrain_lod 1 9.81 15.07
01:13:04 test_terrain_lod 1 9.81 15.07
01:13:06 test_terrain_lod 1 9.81 15.07
01:13:08 test_terrain_lod 1 9.81 15.07
01:13:10 test_terrain_lod 1 9.81 15.07
01:13:12 test_terrain_lod 1 9.81 15.07
01:13:14 test_terrain_lod 1 9.81 15.07
01:13:16 test_terrain_lod 1 9.81 15.07
01:13:18 test_terrain_lod 1 9.81 15.06
01:13:20 test_terrain_lod 1 9.81 15.06
01:13:22 test_terrain_lod 1 9.81 15.06
01:13:24 test_terrain_lod 1 9.81 15.06
01:13:26 test_terrain_lod 1 9.81 15.06
01:13:28 test_terrain_lod 1 9.81 15.06
01:13:30 test_terrain_lod 1 9.81 15.06
01:13:32 test_terrain_lod 1 9.81 15.06
01:13:34 test_terrain_lod 1 9.81 15.06
01:13:36 test_terrain_lod 1 9.81 15.06
01:13:38 test_terrain_lod 1 9.81 15.06
01:13:40 test_terrain_lod 1 9.88 14.98
01:13:42 test_terrain_lod 1 9.86 15.00
01:13:44 test_terrain_lod 1 9.86 15.00
01:13:46 test_terrain_lod 1 9.86 15.00
01:13:48 test_terrain_lod 1 9.86 15.00
01:13:50 test_terrain_lod 1 9.86 15.00
01:13:52 test_terrain_lod 1 9.86 14.77
01:13:54 test_terrain_lod 1 9.86 14.61
01:13:56 test_terrain_lod 1 9.86 14.59
01:13:58 test_terrain_lod 1 9.86 15.01
01:14:00 test_terrain_lod 1 9.86 15.01
01:14:02 test_terrain_lod 1 9.80 15.07
01:14:04 test_terrain_lod 1 9.80 15.07
01:14:06 test_terrain_lod 1 9.80 15.07
01:14:08 test_terrain_lod 1 9.80 15.07
01:14:10 test_terrain_lod 1 9.80 15.07
01:14:12 test_terrain_lod 1 9.80 15.07
01:14:14 test_terrain_lod 1 9.80 15.07
01:14:16 test_terrain_lod 1 9.80 15.07
01:14:18 test_terrain_lod 1 9.80 15.07
01:14:20 test_terrain_lod 1 9.80 15.07
01:14:22 test_terrain_lod 1 9.80 15.06
01:14:24 test_terrain_lod 1 9.80 15.06
01:14:26 test_terrain_lod 1 9.80 15.06
01:14:28 test_terrain_lod 1 9.80 15.06
01:14:30 test_terrain_lod 1 9.80 15.06
01:14:32 test_terrain_lod 1 9.80 15.06
01:14:34 test_terrain_lod 1 9.80 15.06
01:14:36 test_terrain_lod 1 9.80 15.06
01:14:38 test_terrain_lod 1 9.81 15.06
01:14:40 test_terrain_lod 1 9.81 15.05
01:14:42 test_terrain_lod 1 9.81 15.05
01:14:44 test_terrain_lod 1 9.81 15.05
01:14:46 test_terrain_lod 1 9.81 15.05
01:14:48 test_terrain_lod 1 9.81 15.05
01:14:50 test_terrain_lod 1 9.81 15.05
01:14:52 test_terrain_lod 1 9.81 15.05
01:14:54 test_terrain_lod 1 9.81 15.05
01:14:56 test_terrain_lod 1 9.81 15.05
01:14:58 test_terrain_lod 1 9.81 15.05
01:15:00 test_terrain_lod 1 9.81 15.05
01:15:02 test_terrain_lod 1 9.81 15.04
01:15:04 test_terrain_lod 1 9.81 15.04
01:15:06 test_terrain_lod 1 9.81 15.04
01:15:08 test_terrain_lod 1 9.81 15.04
01:15:10 test_terrain_lod 1 9.81 15.04
01:15:12 test_terrain_lod 1 9.81 15.05
01:15:14 test_terrain_lod 1 9.81 15.05
01:15:16 test_terrain_lod 1 9.81 15.05
01:15:18 test_terrain_lod 1 9.81 15.05
01:15:20 test_terrain_lod 1 9.81 15.05
01:15:22 test_terrain_lod 1 9.81 15.05
01:15:24 test_terrain_lod 1 9.81 15.05
01:15:26 test_terrain_lod 1 9.81 15.05
01:15:28 test_terrain_lod 1 9.81 15.05
01:15:30 test_terrain_lod 1 9.81 15.05
01:15:32 test_terrain_lod 1 9.81 15.05
01:15:34 test_terrain_lod 1 9.81 15.05
01:15:36 test_terrain_lod 1 9.81 15.05
01:15:38 test_terrain_lod 1 9.81 15.05
01:15:40 test_terrain_lod 1 9.81 15.05
01:15:42 test_terrain_lod 1 9.81 15.05
01:15:44 test_terrain_lod 1 9.81 15.05
01:15:46 test_terrain_lod 1 9.81 15.05
01:15:48 test_terrain_lod 1 9.81 15.05
01:15:50 test_terrain_lod 1 9.81 15.05
01:15:52 test_terrain_lod 1 9.81 15.05
01:15:54 test_terrain_lod 1 9.81 15.05
01:15:56 test_terrain_lod 1 9.81 14.72
01:15:58 test_terrain_lod 1 9.80 14.43
01:16:00 test_terrain_lod 1 9.80 14.43
01:16:02 test_terrain_lod 1 9.80 14.39
01:16:04 test_terrain_lod 1 9.80 15.05
01:16:06 test_terrain_lod 1 9.80 15.06
01:16:08 test_terrain_lod 1 9.80 15.05
01:16:10 test_terrain_lod 1 9.80 14.72
01:16:12 test_terrain_lod 1 9.80 14.42
01:16:14 test_terrain_lod 1 9.80 14.40
01:16:16 test_terrain_lod 1 9.80 14.41
01:16:18 test_terrain_lod 1 9.80 14.40
01:16:20 test_terrain_lod 1 9.80 14.41
01:16:22 test_terrain_lod 1 9.80 14.41
01:16:24 test_terrain_lod 1 9.80 14.41
01:16:26 test_terrain_lod 1 9.80 14.41
01:16:28 test_terrain_lod 1 9.80 14.43
01:16:30 test_terrain_lod 1 9.80 14.41
01:16:32 test_terrain_lod 1 9.80 14.41
01:16:34 test_terrain_lod 1 9.80 14.42
01:16:36 test_terrain_lod 1 9.80 14.41
01:16:38 test_terrain_lod 1 9.80 14.40
01:16:40 test_terrain_lod 1 9.80 14.40
01:16:42 test_terrain_lod 1 9.80 14.41
01:16:44 test_terrain_lod 1 9.80 14.41
01:16:46 test_terrain_lod 1 9.80 14.41
01:16:48 test_terrain_lod 1 9.80 14.41
01:16:50 test_terrain_lod 1 9.80 14.41
01:16:52 test_terrain_lod 1 9.80 14.40
01:16:54 test_terrain_lod 1 9.80 14.40
01:16:56 test_terrain_lod 1 9.80 14.41
01:16:58 test_terrain_lod 1 9.80 13.79
01:17:00 test_terrain_lod 1 9.80 13.74
01:17:02 test_terrain_lod 1 9.80 14.01
01:17:04 test_terrain_lod 1 9.80 14.01
01:17:06 test_terrain_lod 1 9.80 13.89
01:17:08 test_terrain_lod 1 9.80 13.97
01:17:10 test_terrain_lod 1 9.80 14.38
01:17:12 test_terrain_lod 1 9.80 14.38
01:17:14 test_terrain_lod 1 9.80 14.38
01:17:16 test_terrain_lod 1 9.81 14.38
01:17:18 test_terrain_lod 1 9.81 14.37
01:17:20 test_terrain_lod 1 9.81 13.78
01:17:22 test_terrain_lod 1 9.81 13.21
01:17:24 test_terrain_lod 1 9.81 13.77
01:17:26 test_terrain_lod 1 9.81 12.69
01:17:28 test_terrain_lod 1 9.81 13.74
01:17:30 test_terrain_lod 1 9.81 12.87
01:17:32 test_terrain_lod 1 9.81 13.66
01:17:34 test_terrain_lod 1 9.81 13.89
01:17:36 test_terrain_lod 1 9.81 13.69
01:17:38 test_terrain_lod 1 9.81 13.11
01:17:40 test_terrain_lod 1 9.81 12.41
01:17:42 test_terrain_lod 1 9.81 13.62
01:17:44 test_terrain_lod 1 9.81 13.84
01:17:46 test_terrain_lod 1 9.81 13.61
01:17:48 test_terrain_lod 1 9.81 13.62
01:17:50 test_terrain_lod 1 9.81 12.45
01:17:52 test_terrain_lod 1 9.81 13.69
01:17:54 test_terrain_lod 1 9.81 13.74
01:17:56 test_terrain_lod 1 9.81 13.48
01:17:58 test_terrain_lod 1 9.81 13.76
01:18:00 test_terrain_lod 1 9.81 13.13
01:18:02 test_terrain_lod 1 9.81 13.65
01:18:04 test_terrain_lod 1 9.82 13.63
01:18:06 test_terrain_lod 1 9.82 13.65
01:18:08 test_terrain_lod 1 9.82 13.75
01:18:10 test_terrain_lod 1 9.82 13.63
01:18:12 test_terrain_lod 1 9.82 13.71
01:18:14 test_terrain_lod 1 9.82 13.76
01:18:16 test_terrain_lod 1 9.82 13.71
01:18:18 test_terrain_lod 1 9.82 13.64
01:18:20 test_terrain_lod 1 9.82 13.75
01:18:22 test_terrain_lod 1 9.82 13.62
01:18:24 test_terrain_lod 1 9.82 13.61
01:18:26 test_terrain_lod 1 9.82 13.58
01:18:28 test_terrain_lod 1 9.82 13.60
01:18:30 test_terrain_lod 1 9.82 13.96
01:18:32 test_terrain_lod 1 9.82 14.37
01:18:34 test_terrain_lod 1 9.82 14.36
01:18:36 test_terrain_lod 1 9.82 14.37
01:18:38 test_terrain_lod 1 9.82 14.37
01:18:40 test_terrain_lod 1 9.82 14.38
01:18:42 test_terrain_lod 1 9.82 14.37
01:18:44 test_terrain_lod 1 9.82 14.37
01:18:46 test_terrain_lod 1 9.82 14.37
01:18:48 test_terrain_lod 1 9.82 14.37
01:18:50 test_terrain_lod 1 9.82 14.38
01:18:52 test_terrain_lod 1 9.82 14.37
01:18:54 test_terrain_lod 1 9.82 14.36
01:18:56 test_terrain_lod 1 9.82 14.36
01:18:58 test_terrain_lod 1 9.82 14.37
01:19:00 test_terrain_lod 1 9.82 14.35
01:19:02 test_terrain_lod 1 9.82 14.36
01:19:04 test_terrain_lod 1 9.82 14.36
01:19:06 test_terrain_lod 1 9.82 14.36
01:19:08 test_terrain_lod 1 9.82 14.37
01:19:10 test_terrain_lod 1 9.82 14.36
01:19:12 test_terrain_lod 1 9.82 14.37
01:19:14 test_terrain_lod 1 9.82 14.37
01:19:16 test_terrain_lod 1 9.82 14.36
01:19:18 test_terrain_lod 1 9.82 14.36
01:19:20 test_terrain_lod 1 9.82 14.36
01:19:22 test_terrain_lod 1 9.82 14.36
01:19:24 test_terrain_lod 1 9.82 14.36
01:19:26 test_terrain_lod 1 9.82 14.37
01:19:28 test_terrain_lod 1 9.82 14.36
01:19:30 test_terrain_lod 1 9.82 14.36
01:19:32 test_terrain_lod 1 9.82 14.38
01:19:34 test_terrain_lod 1 9.82 14.36
01:19:36 test_terrain_lod 1 9.82 14.35
01:19:38 test_terrain_lod 1 9.82 14.35
01:19:40 test_terrain_lod 1 9.82 14.35
01:19:42 test_terrain_lod 1 9.82 14.35
01:19:44 test_terrain_lod 1 9.82 14.37
01:19:46 test_terrain_lod 1 9.82 14.36
01:19:48 test_terrain_lod 1 9.82 14.36
01:19:50 test_terrain_lod 1 9.82 14.35
01:19:52 test_terrain_lod 1 9.82 14.35
01:19:54 test_terrain_lod 1 9.82 14.35
01:19:56 test_terrain_lod 1 9.82 14.36
01:19:58 test_terrain_lod 1 9.82 14.36
01:20:01 test_terrain_lod 1 9.82 14.36
01:20:03 test_terrain_lod 1 9.82 14.36
01:20:05 test_terrain_lod 1 9.82 14.37
01:20:07 test_terrain_lod 1 9.82 14.36
01:20:09 test_terrain_lod 1 9.82 14.36
01:20:11 test_terrain_lod 1 9.82 14.36
01:20:13 test_terrain_lod 1 9.82 14.37
01:20:15 test_terrain_lod 1 10.02 14.14
01:20:17 test_terrain_lod 1 10.10 14.08
01:20:19 test_terrain_lod 1 10.21 13.96
01:20:21 test_terrain_lod 1 10.39 13.79
01:20:23 test_terrain_lod 1 10.42 13.77
01:20:25 test_terrain_lod 1 10.49 13.69
01:20:27 test_terrain_lod 1 10.50 13.68
01:20:29 test_terrain_lod 1 10.51 13.67
01:20:31 test_terrain_lod 1 10.52 13.66
01:20:33 test_terrain_lod 1 10.52 13.65
01:20:35 test_terrain_lod 1 10.53 13.67
01:20:37 test_terrain_lod 1 10.53 13.65
01:20:39 test_terrain_lod 1 10.53 13.65
01:20:41 test_terrain_lod 1 10.53 13.65
01:20:43 test_terrain_lod 1 10.53 13.66
01:20:45 test_terrain_lod 1 10.53 13.65
01:20:47 test_terrain_lod 1 10.53 13.66
01:20:49 test_terrain_lod 1 10.53 13.65
01:20:51 test_terrain_lod 1 10.53 13.64
01:20:53 test_terrain_lod 1 10.53 13.65
01:20:55 test_terrain_lod 1 10.53 13.65
01:20:57 test_terrain_lod 1 10.53 13.63
01:20:59 test_terrain_lod 1 10.53 13.64
01:21:01 test_terrain_lod 1 10.53 13.64
01:21:03 test_terrain_lod 1 10.53 13.64
01:21:05 test_terrain_lod 1 10.53 13.63
01:21:07 test_terrain_lod 1 10.53 13.62
01:21:09 test_terrain_lod 1 10.53 13.62
01:21:11 test_terrain_lod 1 10.53 13.62
01:21:13 test_terrain_lod 1 10.53 13.65
01:21:15 test_terrain_lod 1 10.53 13.65
01:21:17 test_terrain_lod 1 10.53 13.65
01:21:19 test_terrain_lod 1 10.53 13.64
01:21:21 test_terrain_lod 1 10.53 13.63
01:21:23 test_terrain_lod 1 10.53 13.63
01:21:25 test_terrain_lod 1 10.53 13.62
01:21:27 test_terrain_lod 1 10.53 13.62
01:21:29 test_terrain_lod 1 10.53 13.62
01:21:31 test_terrain_lod 1 10.54 13.60
01:21:33 test_terrain_lod 1 10.55 13.58
01:21:35 test_terrain_lod 1 10.53 13.60
01:21:37 test_terrain_lod 1 10.53 13.62
01:21:39 test_terrain_lod 1 10.53 13.62
01:21:41 test_terrain_lod 1 10.53 13.61
01:21:43 test_terrain_lod 1 10.53 13.61
01:21:45 test_terrain_lod 1 10.53 13.61
01:21:47 test_terrain_lod 1 10.53 13.61
01:21:49 test_terrain_lod 1 10.53 13.61
01:21:51 test_terrain_lod 1 10.53 13.61
01:21:53 test_terrain_lod 1 10.53 13.60
01:21:55 test_terrain_lod 1 10.53 13.60
01:21:57 test_terrain_lod 1 10.53 13.60
01:21:59 test_terrain_lod 1 10.53 13.60
01:22:01 test_terrain_lod 1 10.53 13.60
01:22:03 test_terrain_lod 1 10.54 13.59
01:22:05 test_terrain_lod 1 10.54 13.59
01:22:07 test_terrain_lod 1 10.54 13.63
01:22:09 test_terrain_lod 1 10.54 13.62
01:22:11 test_terrain_lod 1 10.54 13.62
01:22:13 test_terrain_lod 1 10.54 13.63
01:22:15 test_terrain_lod 1 10.54 13.63
01:22:17 test_terrain_lod 1 10.54 13.63
01:22:19 test_terrain_lod 1 10.54 13.62
01:22:21 test_terrain_lod 1 10.54 13.62
01:22:23 test_terrain_lod 1 10.54 13.62
01:22:25 test_terrain_lod 1 10.54 13.61
01:22:27 test_terrain_lod 1 10.54 13.61
01:22:29 test_terrain_lod 1 10.54 13.61
01:22:31 test_terrain_lod 1 10.54 13.62
01:22:33 test_terrain_lod 1 10.54 13.61
01:22:35 test_terrain_lod 1 10.54 13.61
01:22:37 test_terrain_lod 1 10.54 13.61
01:22:39 test_terrain_lod 1 10.54 13.60
01:22:41 test_terrain_lod 1 10.54 13.60
01:22:43 test_terrain_lod 1 10.53 13.61
01:22:45 test_terrain_lod 1 10.53 13.60
01:22:47 test_terrain_lod 1 10.53 13.61
01:22:49 test_terrain_lod 1 10.53 13.60
01:22:51 test_terrain_lod 1 10.53 13.60
01:22:53 test_terrain_lod 1 10.53 13.59
01:22:55 test_terrain_lod 1 10.53 13.58
01:22:57 test_terrain_lod 1 10.53 13.58
01:22:59 test_terrain_lod 1 10.53 13.62
01:23:01 test_terrain_lod 1 10.53 13.62
01:23:03 test_terrain_lod 1 10.53 13.62
01:23:05 test_terrain_lod 1 10.53 13.61
01:23:07 test_terrain_lod 1 10.53 13.61
01:23:09 test_terrain_lod 1 10.53 13.61
01:23:11 test_terrain_lod 1 10.53 13.60
01:23:13 test_terrain_lod 1 10.53 13.60
01:23:15 test_terrain_lod 1 10.54 13.59
01:23:17 test_terrain_lod 1 10.54 13.62
01:23:19 test_terrain_lod 1 10.54 13.61
01:23:21 test_terrain_lod 1 10.54 13.61
01:23:23 test_terrain_lod 1 10.54 13.60
01:23:25 test_terrain_lod 1 10.54 13.59
01:23:27 test_terrain_lod 1 10.54 13.60
01:23:29 test_terrain_lod 1 10.54 13.59
01:23:31 test_terrain_lod 1 10.54 13.59
01:23:33 test_terrain_lod 1 10.54 13.59
01:23:35 test_terrain_lod 1 10.54 13.58
01:23:37 test_terrain_lod 1 10.54 13.60
01:23:39 test_terrain_lod 1 10.54 13.60
01:23:41 test_terrain_lod 1 10.54 13.59
01:23:43 test_terrain_lod 1 10.54 13.59
01:23:45 test_terrain_lod 1 10.54 13.59
01:23:47 test_terrain_lod 1 10.54 13.59
01:23:49 test_terrain_lod 1 10.54 13.58
01:23:51 test_terrain_lod 1 10.54 13.58
01:23:53 test_terrain_lod 1 10.54 13.58
01:23:55 test_terrain_lod 1 10.54 13.57
01:23:57 test_terrain_lod 1 10.54 13.56
01:23:59 test_terrain_lod 1 10.54 13.59
01:24:01 test_terrain_lod 1 10.54 13.59
01:24:03 test_terrain_lod 1 10.54 13.59
01:24:05 test_terrain_lod 1 10.54 13.59
01:24:07 test_terrain_lod 1 10.54 13.58
01:24:09 test_terrain_lod 1 10.54 13.58
01:24:11 test_terrain_lod 1 10.54 13.57
01:24:13 test_terrain_lod 1 10.54 13.60
01:24:15 test_terrain_lod 1 10.54 13.60
01:24:17 test_terrain_lod 1 10.54 13.60
01:24:19 test_terrain_lod 1 10.54 13.59
01:24:21 test_terrain_lod 1 10.54 13.59
01:24:23 test_terrain_lod 1 10.54 13.59
01:24:25 test_terrain_lod 1 10.54 13.59
01:24:27 test_terrain_lod 1 10.54 13.59
01:24:29 test_terrain_lod 1 10.54 13.59
01:24:31 test_terrain_lod 1 10.54 13.60
01:24:33 test_terrain_lod 1 10.54 13.60
01:24:35 test_terrain_lod 1 10.54 13.60
01:24:37 test_terrain_lod 1 10.54 13.60
01:24:39 test_terrain_lod 1 10.54 13.60
01:24:41 test_terrain_lod 1 10.54 13.60
01:24:43 test_terrain_lod 1 10.54 13.60
01:24:45 test_terrain_lod 1 10.54 13.60
01:24:47 test_terrain_lod 1 10.54 13.60
01:24:49 test_terrain_lod 1 10.54 14.03
01:24:51 test_terrain_lod 1 10.54 13.69
01:24:53 test_terrain_lod 1 10.54 13.43
01:24:55 test_terrain_lod 1 10.54 13.46
01:24:57 test_terrain_lod 1 10.54 13.47
01:24:59 test_terrain_lod 1 10.54 13.48
01:25:01 test_terrain_lod 1 10.54 13.47
01:25:03 test_terrain_lod 1 10.54 13.46
01:25:05 test_terrain_lod 1 10.54 13.46
01:25:07 test_terrain_lod 1 10.54 13.69
01:25:09 test_terrain_lod 1 10.54 13.69
01:25:11 test_terrain_lod 1 10.54 13.69
01:25:13 test_terrain_lod 1 10.54 13.69
01:25:15 test_terrain_lod 1 10.54 13.69
01:25:17 test_terrain_lod 1 10.54 13.69
01:25:19 test_terrain_lod 1 10.54 13.69
01:25:21 test_terrain_lod 1 10.54 13.68
01:25:23 test_terrain_lod 1 10.54 13.68
01:25:25 test_terrain_lod 1 10.54 13.68
01:25:27 test_terrain_lod 1 10.55 13.67
01:25:29 test_terrain_lod 1 10.55 13.67
01:25:31 test_terrain_lod 1 10.55 13.67
01:25:33 test_terrain_lod 1 10.55 13.66
01:25:35 test_terrain_lod 1 10.55 13.66
01:25:37 test_terrain_lod 1 10.55 13.66
01:25:39 test_terrain_lod 1 10.55 13.66
01:25:41 test_terrain_lod 1 10.55 13.63
01:25:43 test_terrain_lod 1 10.55 13.63
01:25:45 test_terrain_lod 1 10.55 13.62
01:25:47 test_terrain_lod 1 10.55 13.61
01:25:49 test_terrain_lod 1 10.55 13.62
01:25:51 test_terrain_lod 1 10.55 13.61
01:25:53 test_terrain_lod 1 10.55 13.61
01:25:55 test_terrain_lod 1 10.55 13.63
01:25:57 test_terrain_lod 1 10.55 13.63
01:25:59 test_terrain_lod 1 10.56 13.62
01:26:01 test_terrain_lod 1 10.56 13.63
01:26:03 test_terrain_lod 1 10.56 13.63
01:26:05 test_terrain_lod 1 10.56 13.63
01:26:07 test_terrain_lod 1 10.56 13.62
01:26:09 test_terrain_lod 1 10.56 13.62
01:26:11 test_terrain_lod 1 10.56 13.62
01:26:13 test_terrain_lod 1 10.56 13.62
01:26:15 test_terrain_lod 1 10.56 13.62
01:26:17 test_terrain_lod 1 10.57 13.61
01:26:19 test_terrain_lod 1 10.57 13.61
01:26:21 test_terrain_lod 1 10.57 13.62
01:26:23 test_terrain_lod 1 10.57 13.62
01:26:25 test_terrain_lod 1 10.57 13.61
01:26:27 test_terrain_lod 1 10.57 13.62
01:26:29 test_terrain_lod 1 10.57 13.61
01:26:31 test_terrain_lod 1 10.57 13.61
01:26:33 test_terrain_lod 1 10.57 13.61
01:26:35 test_terrain_lod 1 10.57 13.61
01:26:37 test_terrain_lod 1 10.57 13.61
01:26:39 test_terrain_lod 1 10.57 13.61
01:26:41 test_terrain_lod 1 10.57 13.61
01:26:43 test_terrain_lod 1 10.57 13.60
01:26:45 test_terrain_lod 1 10.57 13.60
01:26:47 test_terrain_lod 1 10.57 13.60
01:26:49 test_terrain_lod 1 10.57 13.60
01:26:51 test_terrain_lod 1 10.57 13.60
01:26:53 test_terrain_lod 1 10.57 13.60
01:26:55 test_terrain_lod 1 10.57 13.60
01:26:57 test_terrain_lod 1 10.57 13.61
01:26:59 test_terrain_lod 1 10.57 13.61
01:27:01 test_terrain_lod 1 10.57 13.60
01:27:03 test_terrain_lod 1 10.57 13.61
01:27:05 test_terrain_lod 1 10.57 13.61
01:27:07 test_terrain_lod 1 10.57 13.61
01:27:09 test_terrain_lod 1 10.57 13.61
01:27:11 test_terrain_lod 1 10.57 13.60
01:27:13 test_terrain_lod 1 10.57 13.60
01:27:15 test_terrain_lod 1 10.57 13.60
01:27:17 test_terrain_lod 1 10.57 13.60
01:27:19 test_terrain_lod 1 10.57 13.60
01:27:21 test_terrain_lod 1 10.57 13.60
01:27:23 test_terrain_lod 1 10.57 13.60
01:27:25 test_terrain_lod 1 10.57 13.60
01:27:27 test_terrain_lod 1 10.57 13.60
01:27:29 test_terrain_lod 1 10.57 13.60
01:27:31 test_terrain_lod 1 10.57 13.60
01:27:34 test_terrain_lod 1 10.57 13.60
01:27:36 test_terrain_lod 1 10.57 13.60
01:27:38 test_terrain_lod 1 10.57 13.60
01:27:40 test_terrain_lod 1 10.57 13.59
01:27:42 test_terrain_lod 1 10.57 13.58
01:27:44 test_terrain_lod 1 10.57 13.59
01:27:46 test_terrain_lod 1 10.57 13.59
01:27:48 test_terrain_lod 1 10.57 13.59
01:27:50 test_terrain_lod 1 10.57 13.59
01:27:52 test_terrain_lod 1 10.58 13.59
01:27:54 test_terrain_lod 1 10.58 13.59
01:27:56 test_terrain_lod 1 10.58 13.60
01:27:58 test_terrain_lod 1 10.58 13.59
01:28:00 test_terrain_lod 1 10.58 13.59
01:28:02 test_terrain_lod 1 10.58 13.59
01:28:04 test_terrain_lod 1 10.58 13.59
01:28:06 test_terrain_lod 1 10.58 13.59
01:28:08 test_terrain_lod 1 10.58 13.59
01:28:10 test_terrain_lod 1 10.58 13.59
01:28:12 test_terrain_lod 1 10.58 13.59
01:28:14 test_terrain_lod 1 10.58 13.59
01:28:16 test_terrain_lod 1 10.58 13.59
01:28:18 test_terrain_lod 1 10.58 13.59
01:28:20 test_terrain_lod 1 10.58 13.58
01:28:22 test_terrain_lod 1 10.58 13.58
01:28:24 test_terrain_lod 1 10.58 13.58
01:28:26 test_terrain_lod 1 10.58 13.59
01:28:28 test_terrain_lod 1 10.58 13.58
01:28:30 test_terrain_lod 1 10.59 13.58
01:28:32 test_terrain_lod 1 10.59 13.58
01:28:34 test_terrain_lod 1 10.59 13.58
01:28:36 test_terrain_lod 1 10.59 13.58
01:28:38 test_terrain_lod 1 10.59 13.58
01:28:40 test_terrain_lod 1 10.59 13.58
01:28:42 test_terrain_lod 1 10.59 13.58
01:28:44 test_terrain_lod 1 10.59 13.58
01:28:46 test_terrain_lod 1 10.59 13.58
01:28:48 test_terrain_lod 1 10.59 13.58
01:28:50 test_terrain_lod 1 10.59 13.58
01:28:52 test_terrain_lod 1 10.59 13.57
01:28:54 test_terrain_lod 1 10.59 13.57
01:28:56 test_terrain_lod 1 10.59 13.58
01:28:58 test_terrain_lod 1 10.59 13.58
01:29:00 test_terrain_lod 1 10.59 13.58
01:29:02 test_terrain_lod 1 10.59 13.58
01:29:04 test_terrain_lod 1 10.59 13.58
01:29:06 test_terrain_lod 1 10.59 13.58
01:29:08 test_terrain_lod 1 10.59 13.58
01:29:10 test_terrain_lod 1 10.59 13.58
01:29:12 test_terrain_lod 1 10.59 13.57
01:29:14 test_terrain_lod 1 10.59 13.57
01:29:16 test_terrain_lod 1 10.59 13.57
01:29:18 test_terrain_lod 1 10.59 13.57
01:29:20 test_terrain_lod 1 10.59 13.57
01:29:22 test_terrain_lod 1 10.59 13.57
01:29:24 test_terrain_lod 1 10.59 13.57
01:29:26 test_terrain_lod 1 10.59 13.58
01:29:28 test_terrain_lod 1 10.59 13.58
01:29:30 test_terrain_lod 1 10.59 13.57
01:29:32 test_terrain_lod 1 10.59 13.57
01:29:34 test_terrain_lod 1 10.59 13.57
01:29:36 test_terrain_lod 1 10.59 13.57
01:29:38 test_terrain_lod 1 10.59 13.57
01:29:40 test_terrain_lod 1 10.59 13.57
01:29:42 test_terrain_lod 1 10.59 13.58
01:29:44 test_terrain_lod 1 10.59 13.58
01:29:46 test_terrain_lod 1 10.59 13.58
01:29:48 test_terrain_lod 1 10.59 13.58
01:29:50 test_terrain_lod 1 10.59 13.58
01:29:52 test_terrain_lod 1 10.59 13.57
01:29:54 test_terrain_lod 1 10.59 13.57
01:29:56 test_terrain_lod 1 10.59 13.58
01:29:58 test_terrain_lod 1 10.59 13.58
01:30:00 test_terrain_lod 1 10.59 13.58
01:30:02 test_terrain_lod 1 10.59 13.58
01:30:04 test_terrain_lod 1 10.59 13.58
01:30:06 test_terrain_lod 1 10.59 13.58
01:30:08 test_terrain_lod 1 10.59 13.58
01:30:10 test_terrain_lod 1 10.59 13.58
01:30:12 test_terrain_lod 1 10.59 13.58
01:30:14 test_terrain_lod 1 10.59 13.58
01:30:16 test_terrain_lod 1 10.59 13.57
01:30:18 test_terrain_lod 1 10.59 13.57
01:30:20 test_terrain_lod 1 10.59 13.57
01:30:22 test_terrain_lod 1 10.59 13.57
01:30:24 test_terrain_lod 1 10.59 13.57
01:30:26 test_terrain_lod 1 10.59 13.57
01:30:28 test_terrain_lod 1 10.59 13.58
01:30:30 test_terrain_lod 1 10.59 13.58
01:30:32 test_terrain_lod 1 10.59 13.58
01:30:34 test_terrain_lod 1 10.59 13.58
01:30:36 test_terrain_lod 1 10.59 13.58
01:30:38 test_terrain_lod 1 10.59 13.58
01:30:40 test_terrain_lod 1 10.59 13.58
01:30:42 test_terrain_lod 1 10.59 13.57
01:30:44 test_terrain_lod 1 10.59 13.57
01:30:46 test_terrain_lod 1 10.59 13.57
01:30:48 test_terrain_lod 1 10.59 13.57
01:30:50 test_terrain_lod 1 10.59 13.57
01:30:52 test_terrain_lod 1 10.59 13.57
01:30:54 test_terrain_lod 1 10.59 13.57
01:30:56 test_terrain_lod 1 10.59 13.57
01:30:58 test_terrain_lod 1 10.59 13.57
01:31:00 test_terrain_lod 1 10.59 13.57
01:31:02 test_terrain_lod 1 10.59 13.57
01:31:04 test_terrain_lod 1 10.59 13.57
01:31:06 test_terrain_lod 1 10.59 13.57
01:31:08 test_terrain_lod 1 10.59 13.57
01:31:10 test_terrain_lod 1 10.59 13.57
01:31:12 test_terrain_lod 1 10.59 13.57
01:31:14 test_terrain_lod 1 10.59 13.57
01:31:16 test_terrain_lod 1 10.59 13.57
01:31:18 test_terrain_lod 1 10.59 13.57
01:31:20 test_terrain_lod 1 10.59 13.57
01:31:22 test_terrain_lod 1 10.59 13.57
01:31:24 test_terrain_lod 1 10.59 13.57
01:31:26 test_terrain_lod 1 10.59 13.57
01:31:28 test_terrain_lod 1 10.59 13.58
01:31:30 test_terrain_lod 1 10.59 13.58
01:31:32 test_terrain_lod 1 10.59 13.58
01:31:34 test_terrain_lod 1 10.59 13.58
01:31:36 test_terrain_lod 1 10.59 13.57
01:31:38 test_terrain_lod 1 10.59 13.57
01:31:40 test_terrain_lod 1 10.59 13.57
01:31:42 test_terrain_lod 1 10.59 13.57
01:31:44 test_terrain_lod 1 10.59 13.57
01:31:46 test_terrain_lod 1 10.59 13.57
01:31:48 test_terrain_lod 1 10.59 13.57
01:31:50 test_terrain_lod 1 10.59 13.57
01:31:52 test_terrain_lod 1 10.59 13.57
01:31:54 test_terrain_lod 1 10.59 13.57
01:31:56 test_terrain_lod 1 10.59 13.57
01:31:58 test_terrain_lod 1 10.59 13.56
01:32:00 test_terrain_lod 1 10.59 13.56
01:32:02 test_terrain_lod 1 10.59 13.56
01:32:04 test_terrain_lod 1 10.59 13.56
01:32:06 test_terrain_lod 1 10.59 13.56
01:32:08 test_terrain_lod 1 10.59 13.56
01:32:10 test_terrain_lod 1 10.59 13.56
01:32:12 test_terrain_lod 1 10.59 13.57
01:32:14 test_terrain_lod 1 10.59 13.57
01:32:16 test_terrain_lod 1 10.59 13.57
01:32:18 test_terrain_lod 1 10.59 13.57
01:32:20 test_terrain_lod 1 10.59 13.57
01:32:22 test_terrain_lod 1 10.59 13.57
01:32:24 test_terrain_lod 1 10.59 13.57
01:32:26 test_terrain_lod 1 10.59 13.57
01:32:28 test_terrain_lod 1 10.59 13.57
01:32:30 test_terrain_lod 1 10.59 13.57
01:32:32 test_terrain_lod 1 10.59 13.57
01:32:34 test_terrain_lod 1 10.59 13.56
01:32:36 test_terrain_lod 1 10.59 13.56
01:32:38 test_terrain_lod 1 10.59 13.57
01:32:40 test_terrain_lod 1 10.59 13.57
01:32:42 test_terrain_lod 1 10.59 13.56
01:32:44 test_terrain_lod 1 10.59 13.57
01:32:46 test_terrain_lod 1 10.59 13.57
01:32:48 test_terrain_lod 1 10.59 13.57
01:32:50 test_terrain_lod 1 10.59 13.57
01:32:52 test_terrain_lod 1 10.59 13.57
01:32:54 test_terrain_lod 1 10.59 13.57
01:32:56 test_terrain_lod 1 10.59 13.57
01:32:58 test_terrain_lod 1 10.59 13.56
01:33:00 test_terrain_lod 1 10.59 13.56
01:33:02 test_terrain_lod 1 10.59 13.56
01:33:04 test_terrain_lod 1 10.59 13.56
01:33:06 test_terrain_lod 1 10.59 13.56
01:33:08 test_terrain_lod 1 10.59 13.56
01:33:10 test_terrain_lod 1 10.59 13.56
01:33:12 test_terrain_lod 1 10.59 13.56
01:33:14 test_terrain_lod 1 10.59 13.56
01:33:16 test_terrain_lod 1 10.59 13.55
01:33:18 test_terrain_lod 1 10.59 13.55
01:33:20 test_terrain_lod 1 10.59 13.55
01:33:22 test_terrain_lod 1 10.59 13.57
01:33:24 test_terrain_lod 1 10.59 13.57
01:33:26 test_terrain_lod 1 10.59 13.57
01:33:28 test_terrain_lod 1 10.59 13.57
01:33:30 test_terrain_lod 1 10.59 13.57
01:33:32 test_terrain_lod 1 10.59 13.57
01:33:34 test_terrain_lod 1 10.59 13.57
01:33:36 test_terrain_lod 1 10.59 13.57
01:33:38 test_terrain_lod 1 10.59 13.57
01:33:40 test_terrain_lod 1 10.59 13.57
01:33:42 test_terrain_lod 1 10.59 13.57
01:33:44 test_terrain_lod 1 10.59 13.56
01:33:46 test_terrain_lod 1 10.59 13.56
01:33:48 test_terrain_lod 1 10.59 13.57
01:33:50 test_terrain_lod 1 10.59 13.57
01:33:52 test_terrain_lod 1 10.59 13.57
01:33:54 test_terrain_lod 1 10.59 13.57
01:33:56 test_terrain_lod 1 10.59 13.57
01:33:58 test_terrain_lod 1 10.59 13.57
01:34:00 test_terrain_lod 1 10.59 13.57
01:34:02 test_terrain_lod 1 10.59 13.57
01:34:04 test_terrain_lod 1 10.59 13.57
01:34:06 test_terrain_lod 1 10.59 13.57
01:34:08 test_terrain_lod 1 10.59 13.57
01:34:10 test_terrain_lod 1 10.59 13.57
01:34:12 test_terrain_lod 1 10.59 13.57
01:34:14 test_terrain_lod 1 10.59 13.56
01:34:16 test_terrain_lod 1 10.59 13.56
01:34:18 test_terrain_lod 1 10.59 13.56
01:34:20 test_terrain_lod 1 10.59 13.56
01:34:22 test_terrain_lod 1 10.59 13.56
01:34:24 test_terrain_lod 1 10.59 13.56
01:34:26 test_terrain_lod 1 10.59 13.55
01:34:28 test_terrain_lod 1 10.59 13.55
01:34:30 test_terrain_lod 1 10.59 13.55
01:34:32 test_terrain_lod 1 10.59 13.57
01:34:34 test_terrain_lod 1 10.59 13.57
01:34:36 test_terrain_lod 1 10.59 13.57
01:34:38 test_terrain_lod 1 10.59 14.27
01:34:40 test_terrain_lod 1 10.59 14.28
01:34:42 test_terrain_lod 1 10.59 14.28
01:34:44 test_terrain_lod 1 10.59 14.28
01:34:46 test_terrain_lod 1 10.59 14.28
01:34:48 test_terrain_lod 1 10.59 14.27
01:34:50 test_terrain_lod 1 10.59 14.27
01:34:52 test_terrain_lod 1 10.59 14.27
01:34:54 test_terrain_lod 1 10.59 14.27
01:34:56 test_terrain_lod 1 10.59 14.28
01:34:58 test_terrain_lod 1 10.59 14.27
01:35:00 test_terrain_lod 1 10.59 14.27
01:35:02 test_terrain_lod 1 10.59 14.28
01:35:04 test_terrain_lod 1 10.59 14.28
01:35:06 test_terrain_lod 1 10.59 14.28
01:35:08 test_terrain_lod 1 10.59 14.28
01:35:10 test_terrain_lod 1 10.59 14.28
01:35:12 test_terrain_lod 1 10.59 14.28
01:35:14 test_terrain_lod 1 10.59 14.28
01:35:16 test_terrain_lod 1 10.59 14.27
01:35:18 test_terrain_lod 1 10.59 14.28
01:35:20 test_terrain_lod 1 10.59 14.27
01:35:22 test_terrain_lod 1 10.59 14.23
01:35:24 test_terrain_lod 1 10.59 14.23
01:35:26 test_terrain_lod 1 10.59 14.24
01:35:28 test_terrain_lod 1 10.59 14.24
01:35:30 test_terrain_lod 1 10.59 14.24
01:35:32 test_terrain_lod 1 10.59 14.24
01:35:34 test_terrain_lod 1 10.59 14.24
01:35:36 test_terrain_lod 1 10.59 14.24
01:35:38 test_terrain_lod 1 10.59 14.24
01:35:40 test_terrain_lod 1 10.59 14.24
01:35:42 test_terrain_lod 1 10.59 14.24
01:35:44 test_terrain_lod 1 10.59 14.24
01:35:46 test_terrain_lod 1 10.59 14.24
01:35:48 test_terrain_lod 1 10.59 14.24
01:35:50 test_terrain_lod 1 10.59 14.24
01:35:52 test_terrain_lod 1 10.59 14.24
01:35:54 test_terrain_lod 1 10.59 14.24
01:35:56 test_terrain_lod 1 10.59 14.23
01:35:58 test_terrain_lod 1 10.59 14.23
01:36:00 test_terrain_lod 1 10.59 14.23
01:36:02 test_terrain_lod 1 10.59 14.23
01:36:04 test_terrain_lod 1 10.59 14.23
01:36:06 test_terrain_lod 1 10.59 14.24
01:36:08 test_terrain_lod 1 10.59 14.24
01:36:10 test_terrain_lod 1 10.59 14.23
01:36:12 test_terrain_lod 1 10.59 14.23
01:36:14 test_terrain_lod 1 10.59 14.23
01:36:16 test_terrain_lod 1 10.59 14.23
01:36:18 test_terrain_lod 1 10.59 14.23
01:36:20 test_terrain_lod 1 10.59 14.23
01:36:22 test_terrain_lod 1 10.59 14.23
01:36:24 test_terrain_lod 1 10.59 14.23
01:36:26 test_terrain_lod 1 10.59 14.23
01:36:28 test_terrain_lod 1 10.59 14.23
01:36:30 test_terrain_lod 1 10.59 14.23
01:36:32 test_terrain_lod 1 10.59 14.23
01:36:34 test_terrain_lod 1 10.59 14.23
01:36:36 test_terrain_lod 1 10.59 14.23
01:36:39 test_terrain_lod 1 10.59 14.23
01:36:41 test_terrain_lod 1 10.59 14.23
01:36:43 test_terrain_lod 1 10.59 14.23
01:36:45 test_terrain_lod 1 10.59 14.23
01:36:47 test_terrain_lod 1 10.59 14.23
01:36:49 test_terrain_lod 1 10.59 14.23
01:36:51 test_terrain_lod 1 10.59 14.23
01:36:53 test_terrain_lod 1 10.59 14.23
01:36:55 test_terrain_lod 1 10.59 14.23
01:36:57 test_terrain_lod 1 10.59 14.23
01:36:59 test_terrain_lod 1 10.59 14.23
01:37:01 test_terrain_lod 1 10.59 14.23
01:37:03 test_terrain_lod 1 10.59 14.23
01:37:05 test_terrain_lod 1 10.59 14.23
01:37:07 test_terrain_lod 1 10.59 14.23
01:37:09 test_terrain_lod 1 10.59 14.23
01:37:11 test_terrain_lod 1 10.59 14.23
01:37:13 test_terrain_lod 1 10.59 14.23
01:37:15 test_terrain_lod 1 10.59 14.23
01:37:17 test_terrain_lod 1 10.59 14.23
01:37:19 test_terrain_lod 1 10.59 14.23
01:37:21 test_terrain_lod 1 10.59 14.23
01:37:23 test_terrain_lod 1 10.59 14.23
01:37:25 test_terrain_lod 1 10.59 14.23
01:37:27 test_terrain_lod 1 10.59 14.23
01:37:29 test_terrain_lod 1 10.59 14.22
01:37:31 test_terrain_lod 1 10.59 14.22
01:37:33 test_terrain_lod 1 10.59 14.22
01:37:35 test_terrain_lod 1 10.59 14.22
01:37:37 test_terrain_lod 1 10.59 14.22
01:37:39 test_terrain_lod 1 10.59 14.22
01:37:41 test_terrain_lod 1 10.59 14.21
01:37:43 test_terrain_lod 1 10.59 14.22
01:37:45 test_terrain_lod 1 10.59 14.23
01:37:47 test_terrain_lod 1 10.59 14.23
01:37:49 test_terrain_lod 1 10.59 14.23
01:37:51 test_terrain_lod 1 10.59 14.23
01:37:53 test_terrain_lod 1 10.59 14.23
01:37:55 test_terrain_lod 1 10.59 14.23
01:37:57 test_terrain_lod 1 10.59 14.23
01:37:59 test_terrain_lod 1 10.59 14.23
01:38:01 test_terrain_lod 1 10.59 14.23
01:38:03 test_terrain_lod 1 10.59 14.23
01:38:05 test_terrain_lod 1 10.59 14.23
01:38:07 test_terrain_lod 1 10.59 14.23
01:38:09 test_terrain_lod 1 10.59 14.23
01:38:11 test_terrain_lod 1 10.59 14.23
01:38:13 test_terrain_lod 1 10.59 14.23
01:38:15 test_terrain_lod 1 10.59 14.23
01:38:17 test_terrain_lod 1 10.59 14.23
01:38:19 test_terrain_lod 1 10.59 14.23
01:38:21 test_terrain_lod 1 10.59 14.23
01:38:23 test_terrain_lod 1 10.59 14.23
01:38:25 test_terrain_lod 1 10.59 14.23
01:38:27 test_terrain_lod 1 10.59 14.23
01:38:29 test_terrain_lod 1 10.59 14.23
01:38:31 test_terrain_lod 1 10.59 14.23
01:38:33 test_terrain_lod 1 10.58 14.23
01:38:35 test_terrain_lod 1 10.58 14.23
01:38:37 test_terrain_lod 1 10.58 14.22
01:38:39 test_terrain_lod 1 10.58 14.22
01:38:41 test_terrain_lod 1 10.58 14.22
01:38:43 test_terrain_lod 1 10.58 14.22
01:38:45 test_terrain_lod 1 10.58 14.22
01:38:47 test_terrain_lod 1 10.58 14.23
01:38:49 test_terrain_lod 1 10.58 14.24
01:38:51 test_terrain_lod 1 10.58 14.23
01:38:53 test_terrain_lod 1 10.58 14.23
01:38:55 test_terrain_lod 1 10.58 14.23
01:38:57 test_terrain_lod 1 10.58 14.23
01:38:59 test_terrain_lod 1 10.58 14.23
01:39:01 test_terrain_lod 1 10.58 14.23
01:39:03 test_terrain_lod 1 10.58 14.23
01:39:05 test_terrain_lod 1 10.58 14.23
01:39:07 test_terrain_lod 1 10.58 14.23
01:39:09 test_terrain_lod 1 10.58 14.23
01:39:11 test_terrain_lod 1 10.58 14.24
01:39:13 test_terrain_lod 1 10.58 14.24
01:39:15 test_terrain_lod 1 10.58 14.24
01:39:17 test_terrain_lod 1 10.59 14.23
01:39:19 test_terrain_lod 1 10.59 14.23
01:39:21 test_terrain_lod 1 10.59 14.23
01:39:23 test_terrain_lod 1 10.59 14.24
01:39:25 test_terrain_lod 1 10.59 14.24
01:39:27 test_terrain_lod 1 10.59 14.24
01:39:29 test_terrain_lod 1 10.59 14.24
01:39:31 test_terrain_lod 1 10.59 14.24
01:39:33 test_terrain_lod 1 10.59 14.24
01:39:35 test_terrain_lod 1 10.59 14.24
01:39:37 test_terrain_lod 1 10.59 14.24
01:39:39 test_terrain_lod 1 10.59 14.24
01:39:41 test_terrain_lod 1 10.59 14.23
01:39:43 test_terrain_lod 1 10.59 14.23
01:39:45 test_terrain_lod 1 10.59 14.23
01:39:47 test_terrain_lod 1 10.59 14.23
01:39:49 test_terrain_lod 1 10.59 14.23
01:39:51 test_terrain_lod 1 10.59 14.23
01:39:53 test_terrain_lod 1 10.59 14.23
01:39:55 test_terrain_lod 1 10.59 14.22
01:39:57 test_terrain_lod 1 10.63 14.18
01:39:59 test_terrain_lod 1 10.58 14.23
01:40:01 test_terrain_lod 1 10.58 14.23
01:40:03 test_terrain_lod 1 10.58 14.23
01:40:05 test_terrain_lod 1 10.58 14.23
01:40:07 test_terrain_lod 1 10.58 14.65
01:40:09 test_terrain_lod 1 10.58 14.30
01:40:11 test_terrain_lod 1 10.58 14.07
01:40:13 test_terrain_lod 1 10.58 14.13
01:40:15 test_terrain_lod 1 10.58 14.11
01:40:17 test_terrain_lod 1 10.58 14.12
01:40:19 test_terrain_lod 1 10.58 14.11
01:40:21 test_terrain_lod 1 10.58 14.11
01:40:23 test_terrain_lod 1 10.58 14.11
01:40:25 test_terrain_lod 1 10.58 14.33
01:40:27 test_terrain_lod 1 10.58 14.33
01:40:29 test_terrain_lod 1 10.58 14.33
01:40:31 test_terrain_lod 1 10.58 14.33
01:40:33 test_terrain_lod 1 10.58 14.33
01:40:35 test_terrain_lod 1 10.58 14.33
01:40:37 test_terrain_lod 1 10.58 14.33
01:40:39 test_terrain_lod 1 10.58 14.32
01:40:41 test_terrain_lod 1 10.58 14.32
01:40:43 test_terrain_lod 1 10.58 14.32
01:40:45 test_terrain_lod 1 10.58 14.32
01:40:47 test_terrain_lod 1 10.58 14.32
01:40:49 test_terrain_lod 1 10.58 14.31
01:40:51 test_terrain_lod 1 10.58 14.31
01:40:53 test_terrain_lod 1 10.58 14.31
01:40:55 test_terrain_lod 1 10.58 14.31
01:40:57 test_terrain_lod 1 10.58 14.31
01:40:59 test_terrain_lod 1 10.58 14.31
01:41:01 test_terrain_lod 1 10.58 14.30
01:41:03 test_terrain_lod 1 10.58 14.32
01:41:05 test_terrain_lod 1 10.58 14.32
01:41:07 test_terrain_lod 1 10.58 14.32
01:41:09 test_terrain_lod 1 10.58 14.32
01:41:11 test_terrain_lod 1 10.58 14.32
01:41:13 test_terrain_lod 1 10.58 14.32
01:41:15 test_terrain_lod 1 10.58 14.32
01:41:17 test_terrain_lod 1 10.58 14.32
01:41:19 test_terrain_lod 1 10.58 14.31
01:41:21 test_terrain_lod 1 10.58 14.31
01:41:23 test_terrain_lod 1 10.58 14.31
01:41:25 test_terrain_lod 1 10.58 14.31
01:41:27 test_terrain_lod 1 10.58 14.31
01:41:29 test_terrain_lod 1 10.58 14.32
01:41:31 test_terrain_lod 1 10.58 14.32
01:41:33 test_terrain_lod 1 10.58 14.32
01:41:35 test_terrain_lod 1 10.58 14.32
01:41:37 test_terrain_lod 1 10.58 14.32
01:41:39 test_terrain_lod 1 10.58 14.32
01:41:41 test_terrain_lod 1 10.58 14.32
01:41:43 test_terrain_lod 1 10.58 14.32
01:41:45 test_terrain_lod 1 10.58 14.32
01:41:47 test_terrain_lod 1 10.58 14.32
01:41:49 test_terrain_lod 1 10.58 14.32
01:41:51 test_terrain_lod 1 10.58 14.32
01:41:53 test_terrain_lod 1 10.58 14.32
01:41:55 test_terrain_lod 1 10.58 14.32
01:41:57 test_terrain_lod 1 10.58 14.32
01:41:59 test_terrain_lod 1 10.58 14.32
01:42:01 test_terrain_lod 1 10.58 14.32
01:42:03 test_terrain_lod 1 10.58 14.32
01:42:05 test_terrain_lod 1 10.58 14.31
01:42:07 test_terrain_lod 1 10.58 14.31
01:42:09 test_terrain_lod 1 10.58 14.31
01:42:11 test_terrain_lod 1 10.58 14.30
01:42:13 test_terrain_lod 1 10.58 14.31
01:42:15 test_terrain_lod 1 10.58 14.31
01:42:17 test_terrain_lod 1 10.58 14.30
01:42:19 test_terrain_lod 1 10.58 14.30
01:42:21 test_terrain_lod 1 10.58 14.30
01:42:23 test_terrain_lod 1 10.58 14.30
01:42:25 test_terrain_lod 1 10.58 14.30
01:42:27 test_terrain_lod 1 10.58 14.29
01:42:29 test_terrain_lod 1 10.58 14.29
01:42:31 test_terrain_lod 1 10.58 14.29
01:42:33 test_terrain_lod 1 10.58 14.29
01:42:35 test_terrain_lod 1 10.58 14.30
01:42:37 test_terrain_lod 1 10.58 14.29
01:42:39 test_terrain_lod 1 10.58 14.29
01:42:41 test_terrain_lod 1 10.58 14.29
01:42:43 test_terrain_lod 1 10.58 14.29
01:42:45 test_terrain_lod 1 10.58 14.30
01:42:47 test_terrain_lod 1 10.58 14.29
01:42:49 test_terrain_lod 1 10.58 14.29
01:42:51 test_terrain_lod 1 10.58 14.29
01:42:53 test_terrain_lod 1 10.58 14.29
01:42:55 test_terrain_lod 1 10.58 14.29
01:42:57 test_terrain_lod 1 10.58 14.29
01:42:59 test_terrain_lod 1 10.58 14.29
01:43:01 test_terrain_lod 1 10.58 14.28
01:43:03 test_terrain_lod 1 10.58 14.28
01:43:05 test_terrain_lod 1 10.58 14.29
01:43:07 test_terrain_lod 1 10.58 14.30
01:43:09 test_terrain_lod 1 10.58 14.30
01:43:11 test_terrain_lod 1 10.58 14.30
01:43:13 test_terrain_lod 1 10.58 14.30
01:43:15 test_terrain_lod 1 10.58 14.30
01:43:17 test_terrain_lod 1 10.58 14.30
01:43:19 test_terrain_lod 1 10.58 14.30
01:43:21 test_terrain_lod 1 10.58 14.30
01:43:23 test_terrain_lod 1 10.58 14.30
01:43:25 test_terrain_lod 1 10.58 14.30
01:43:27 test_terrain_lod 1 10.58 14.30
01:43:29 test_terrain_lod 1 10.58 14.29
01:43:31 test_terrain_lod 1 10.58 14.29
01:43:33 test_terrain_lod 1 10.58 14.29
01:43:35 test_terrain_lod 1 10.58 14.29
01:43:37 test_terrain_lod 1 10.58 14.29
01:43:39 test_terrain_lod 1 10.58 14.29
01:43:41 test_terrain_lod 1 10.58 14.29
01:43:43 test_terrain_lod 1 10.58 14.29
01:43:45 test_terrain_lod 1 10.58 14.28
01:43:47 test_terrain_lod 1 10.58 14.28
01:43:49 test_terrain_lod 1 10.58 14.28
01:43:51 test_terrain_lod 1 10.58 14.28
01:43:53 test_terrain_lod 1 10.58 14.28
01:43:55 test_terrain_lod 1 10.58 14.28
01:43:57 test_terrain_lod 1 10.58 14.29
01:43:59 test_terrain_lod 1 10.58 14.30
01:44:01 test_terrain_lod 1 10.58 14.29
01:44:03 test_terrain_lod 1 10.58 14.29
01:44:05 test_terrain_lod 1 10.58 14.29
01:44:07 test_terrain_lod 1 10.58 14.29
01:44:09 test_terrain_lod 1 10.61 14.26
01:44:11 test_terrain_lod 1 10.60 14.28
01:44:13 test_terrain_lod 1 10.60 14.28
01:44:15 test_terrain_lod 1 10.60 14.28
01:44:17 test_terrain_lod 1 10.60 14.27
01:44:19 test_terrain_lod 1 10.60 14.27
01:44:21 test_terrain_lod 1 10.60 14.27
01:44:23 test_terrain_lod 1 10.60 14.27
01:44:25 test_terrain_lod 1 10.60 14.27
01:44:27 test_terrain_lod 1 10.60 14.27
01:44:29 test_terrain_lod 1 10.60 14.27
01:44:31 test_terrain_lod 1 10.60 14.27
01:44:33 test_terrain_lod 1 10.60 14.27
01:44:35 test_terrain_lod 1 10.60 14.27
01:44:37 test_terrain_lod 1 10.60 14.27
01:44:39 test_terrain_lod 1 10.60 14.27
01:44:41 test_terrain_lod 1 10.60 14.27
01:44:43 test_terrain_lod 1 10.60 14.27
01:44:45 test_terrain_lod 1 10.60 14.28
01:44:47 test_terrain_lod 1 10.60 14.28
01:44:49 test_terrain_lod 1 10.60 14.28
01:44:51 test_terrain_lod 1 10.60 14.28
01:44:53 test_terrain_lod 1 10.60 14.28
01:44:55 test_terrain_lod 1 10.60 14.28
01:44:57 test_terrain_lod 1 10.60 14.28
01:44:59 test_terrain_lod 1 10.60 14.26
01:45:01 test_terrain_lod 1 10.60 14.27
01:45:03 test_terrain_lod 1 10.60 14.27
01:45:05 test_terrain_lod 1 10.60 14.27
01:45:07 test_terrain_lod 1 10.60 14.27
01:45:09 test_terrain_lod 1 10.60 13.76
01:45:11 test_terrain_lod 1 10.60 13.71
01:45:13 test_terrain_lod 1 10.60 13.71
01:45:15 test_terrain_lod 1 10.60 13.75
01:45:17 test_terrain_lod 1 10.60 13.70
01:45:19 test_terrain_lod 1 10.60 13.75
01:45:21 test_terrain_lod 1 10.60 13.75
01:45:23 test_terrain_lod 1 10.60 13.77
01:45:25 test_terrain_lod 1 10.60 13.78
01:45:27 test_terrain_lod 1 10.60 13.75
01:45:29 test_terrain_lod 1 10.60 13.75
01:45:31 test_terrain_lod 1 10.60 13.75
01:45:33 test_terrain_lod 1 10.60 13.77
01:45:35 test_terrain_lod 1 10.60 13.77
01:45:37 test_terrain_lod 1 10.60 13.74
01:45:39 test_terrain_lod 1 10.60 13.74
01:45:41 test_terrain_lod 1 10.60 14.26
01:45:43 test_terrain_lod 1 10.60 14.26
01:45:45 test_terrain_lod 1 10.60 14.26
01:45:47 test_terrain_lod 1 10.60 14.26
01:45:49 test_terrain_lod 1 10.60 14.26
01:45:51 test_terrain_lod 1 10.60 14.26
01:45:53 test_terrain_lod 1 10.60 14.26
01:45:55 test_terrain_lod 1 10.60 14.26
01:45:57 test_terrain_lod 1 10.60 14.26
01:45:59 test_terrain_lod 1 10.60 14.26
01:46:01 test_terrain_lod 1 10.60 14.26
01:46:03 test_terrain_lod 1 10.60 14.26
01:46:05 test_terrain_lod 1 10.60 14.26
01:46:07 test_terrain_lod 1 10.60 14.26
01:46:09 test_terrain_lod 1 10.60 14.27
01:46:11 test_terrain_lod 1 10.60 14.27
01:46:13 test_terrain_lod 1 10.60 14.27
01:46:15 test_terrain_lod 1 10.60 14.27
01:46:17 test_terrain_lod 1 10.60 14.27
01:46:19 test_terrain_lod 1 10.60 14.27
01:46:21 test_terrain_lod 1 10.60 14.27
01:46:23 test_terrain_lod 1 10.60 14.27
01:46:25 test_terrain_lod 1 10.60 14.27
01:46:27 test_terrain_lod 1 10.60 14.27
01:46:29 test_terrain_lod 1 10.60 14.27
01:46:31 test_terrain_lod 1 10.60 14.27
01:46:33 test_terrain_lod 1 10.60 14.27
01:46:35 test_terrain_lod 1 10.60 14.27
01:46:37 test_terrain_lod 1 10.60 14.27
01:46:39 test_terrain_lod 1 10.60 14.27
01:46:41 test_terrain_lod 1 10.60 14.27
01:46:43 test_terrain_lod 1 10.60 14.27
01:46:45 test_terrain_lod 1 10.60 14.27
01:46:47 test_terrain_lod 1 10.60 14.27
01:46:49 test_terrain_lod 1 10.60 14.27
01:46:51 test_terrain_lod 1 10.60 14.27
01:46:53 test_terrain_lod 1 10.60 14.27
01:46:55 test_terrain_lod 1 10.60 14.27
01:46:57 test_terrain_lod 1 10.60 14.27
01:46:59 test_terrain_lod 1 10.60 14.27
01:47:01 test_terrain_lod 1 10.60 14.28
01:47:03 test_terrain_lod 1 10.60 14.28
01:47:05 test_terrain_lod 1 10.60 14.28
01:47:07 test_terrain_lod 1 10.60 14.27
01:47:09 test_terrain_lod 1 10.60 14.27
01:47:11 test_terrain_lod 1 10.60 14.27
01:47:13 test_terrain_lod 1 10.60 14.27
01:47:15 test_terrain_lod 1 10.60 14.27
01:47:17 test_terrain_lod 1 10.60 14.27
01:47:19 test_terrain_lod 1 10.60 14.27
01:47:21 test_terrain_lod 1 10.60 14.27
01:47:23 test_terrain_lod 1 10.60 14.27
01:47:25 test_terrain_lod 1 10.60 14.27
01:47:27 test_terrain_lod 1 10.60 14.27
01:47:29 test_terrain_lod 1 10.60 14.27
01:47:31 test_terrain_lod 1 10.60 14.27
01:47:33 test_terrain_lod 1 10.60 14.27
01:47:35 test_terrain_lod 1 10.60 14.27
01:47:37 test_terrain_lod 1 10.60 14.27
01:47:39 test_terrain_lod 1 10.60 14.27
01:47:41 test_terrain_lod 1 10.60 14.27
01:47:43 test_terrain_lod 1 10.60 14.26
01:47:45 test_terrain_lod 1 10.60 14.27
01:47:47 test_terrain_lod 1 10.60 14.27
01:47:49 test_terrain_lod 1 10.60 14.28
01:47:51 test_terrain_lod 1 10.60 14.28
01:47:53 test_terrain_lod 1 10.60 14.27
01:47:55 test_terrain_lod 1 10.60 14.27
01:47:57 test_terrain_lod 1 10.60 13.81
01:47:59 test_terrain_lod 1 10.60 13.81
01:48:01 test_terrain_lod 1 10.60 13.81
01:48:03 test_terrain_lod 1 10.60 13.81
01:48:05 test_terrain_lod 1 10.60 13.81
01:48:07 test_terrain_lod 1 10.60 13.76
01:48:09 test_terrain_lod 1 10.60 13.76
01:48:11 test_terrain_lod 1 10.60 13.76
01:48:13 test_terrain_lod 1 10.60 13.76
01:48:15 test_terrain_lod 1 10.60 13.76
01:48:17 test_terrain_lod 1 10.60 13.76
01:48:19 test_terrain_lod 1 10.60 13.75
01:48:21 test_terrain_lod 1 10.60 13.70
01:48:23 test_terrain_lod 1 10.60 13.63
01:48:25 test_terrain_lod 1 10.60 13.68
01:48:27 test_terrain_lod 1 10.60 13.73
01:48:29 test_terrain_lod 1 10.60 13.73
01:48:31 test_terrain_lod 1 10.60 13.70
01:48:33 test_terrain_lod 1 10.60 13.71
01:48:35 test_terrain_lod 1 10.60 13.72
01:48:37 test_terrain_lod 1 10.60 13.74
01:48:39 test_terrain_lod 1 10.60 13.73
01:48:41 test_terrain_lod 1 10.60 13.75
01:48:43 test_terrain_lod 1 10.60 13.74
01:48:45 test_terrain_lod 1 10.60 13.74
01:48:47 test_terrain_lod 1 10.60 13.74
01:48:49 test_terrain_lod 1 10.60 13.74
01:48:51 test_terrain_lod 1 10.60 13.74
01:48:53 test_terrain_lod 1 10.60 13.74
01:48:55 test_terrain_lod 1 10.60 13.74
01:48:57 test_terrain_lod 1 10.60 13.74
01:48:59 test_terrain_lod 1 10.60 13.75
01:49:01 test_terrain_lod 1 10.60 13.76
01:49:03 test_terrain_lod 1 10.60 13.76
01:49:05 test_terrain_lod 1 10.60 13.76
01:49:07 test_terrain_lod 1 10.60 13.76
01:49:09 test_terrain_lod 1 10.60 13.76
01:49:11 test_terrain_lod 1 10.60 13.76
01:49:13 test_terrain_lod 1 10.60 13.75
01:49:15 test_terrain_lod 1 10.60 13.75
01:49:17 test_terrain_lod 1 10.60 13.75
01:49:19 test_terrain_lod 1 10.60 13.75
01:49:22 test_terrain_lod 1 10.60 13.75
01:49:24 test_terrain_lod 1 10.60 13.75
01:49:26 test_terrain_lod 1 10.60 13.75
01:49:28 test_terrain_lod 1 10.60 13.75
01:49:30 test_terrain_lod 1 10.60 13.74
01:49:32 test_terrain_lod 1 10.60 13.75
01:49:34 test_terrain_lod 1 10.60 13.74
01:49:36 test_terrain_lod 1 10.60 13.74
01:49:38 test_terrain_lod 1 10.60 13.74
01:49:40 test_terrain_lod 1 10.60 13.74
01:49:42 test_terrain_lod 1 10.60 13.73
01:49:44 test_terrain_lod 1 10.60 13.74
01:49:46 test_terrain_lod 1 10.60 13.73
01:49:48 test_terrain_lod 1 10.60 13.75
01:49:50 test_terrain_lod 1 10.60 13.75
01:49:52 test_terrain_lod 1 10.60 13.75
01:49:54 test_terrain_lod 1 10.60 13.75
01:49:56 test_terrain_lod 1 10.60 13.75
01:49:58 test_terrain_lod 1 10.60 14.27
01:50:00 test_terrain_lod 1 10.60 14.27
01:50:02 test_terrain_lod 1 10.60 14.27
01:50:04 test_terrain_lod 1 10.60 14.27
01:50:06 test_terrain_lod 1 10.60 13.79
01:50:08 test_terrain_lod 1 10.60 13.79
01:50:10 test_terrain_lod 1 10.60 13.74
01:50:12 test_terrain_lod 1 10.60 13.74
01:50:14 test_terrain_lod 1 10.60 13.75
01:50:16 test_terrain_lod 1 10.60 13.74
01:50:18 test_terrain_lod 1 10.60 13.75
01:50:20 test_terrain_lod 1 10.60 13.75
01:50:22 test_terrain_lod 1 10.60 13.75
01:50:24 test_terrain_lod 1 10.60 13.75
01:50:26 test_terrain_lod 1 10.60 13.75
01:50:28 test_terrain_lod 1 10.60 13.75
01:50:30 test_terrain_lod 1 10.60 13.75
01:50:32 test_terrain_lod 1 10.60 13.75
01:50:34 test_terrain_lod 1 10.60 13.73
01:50:36 test_terrain_lod 1 10.60 13.74
01:50:38 test_terrain_lod 1 10.60 13.74
01:50:40 test_terrain_lod 1 10.60 13.73
01:50:42 test_terrain_lod 1 10.60 13.74
01:50:44 test_terrain_lod 1 10.60 13.77
01:50:46 test_terrain_lod 1 10.60 13.74
01:50:48 test_terrain_lod 1 10.60 13.67
01:50:50 test_terrain_lod 1 10.60 13.71
01:50:52 test_terrain_lod 1 10.60 13.74
01:50:54 test_terrain_lod 1 10.60 13.75
01:50:56 test_terrain_lod 1 10.60 13.74
01:50:58 test_terrain_lod 1 10.60 13.72
01:51:00 test_terrain_lod 1 10.60 13.77
01:51:02 test_terrain_lod 1 10.60 13.74
01:51:04 test_terrain_lod 1 10.60 13.75
01:51:06 test_terrain_lod 1 10.60 13.74
01:51:08 test_terrain_lod 1 10.60 13.75
01:51:10 test_terrain_lod 1 10.60 13.74
01:51:12 test_terrain_lod 1 10.60 13.74
01:51:14 test_terrain_lod 1 10.60 13.76
01:51:16 test_terrain_lod 1 10.60 13.74
01:51:18 test_terrain_lod 1 10.60 13.73
01:51:20 test_terrain_lod 1 10.60 13.74
01:51:22 test_terrain_lod 1 10.60 13.75
01:51:24 test_terrain_lod 1 10.60 13.75
01:51:26 test_terrain_lod 1 10.60 13.76
01:51:28 test_terrain_lod 1 10.60 13.73
01:51:30 test_terrain_lod 1 10.60 13.73
01:51:32 test_terrain_lod 1 10.60 13.74
01:51:34 test_terrain_lod 1 10.60 13.72
01:51:36 test_terrain_lod 1 10.60 13.73
01:51:38 test_terrain_lod 1 10.60 13.73
01:51:40 test_terrain_lod 1 10.60 13.73
01:51:42 test_terrain_lod 1 10.60 13.74
01:51:44 test_terrain_lod 1 10.60 13.74
01:51:46 test_terrain_lod 1 10.60 13.74
01:51:48 test_terrain_lod 1 10.60 13.73
01:51:50 test_terrain_lod 1 10.60 13.75
01:51:52 test_terrain_lod 1 10.60 13.74
01:51:54 test_terrain_lod 1 10.60 13.74
01:51:56 test_terrain_lod 1 10.60 13.73
01:51:58 test_terrain_lod 1 10.60 13.73
01:52:00 test_terrain_lod 1 10.60 13.73
01:52:02 test_terrain_lod 1 10.60 13.73
01:52:04 test_terrain_lod 1 10.60 13.73
01:52:06 test_terrain_lod 1 10.60 13.74
01:52:08 test_terrain_lod 1 10.60 13.73
01:52:10 test_terrain_lod 1 10.60 13.73
01:52:12 test_terrain_lod 1 10.60 13.73
01:52:14 test_terrain_lod 1 10.60 13.73
01:52:16 test_terrain_lod 1 10.60 13.72
01:52:18 test_terrain_lod 1 10.60 13.72
01:52:20 test_terrain_lod 1 10.60 13.72
01:52:22 test_terrain_lod 1 10.60 13.72
01:52:24 test_terrain_lod 1 10.60 13.72
01:52:26 test_terrain_lod 1 10.60 13.73
01:52:28 test_terrain_lod 1 10.60 13.73
01:52:30 test_terrain_lod 1 10.60 13.74
01:52:32 test_terrain_lod 1 10.60 13.74
01:52:34 test_terrain_lod 1 10.60 13.74
01:52:36 test_terrain_lod 1 10.60 13.60
01:52:38 test_terrain_lod 1 10.60 13.70
01:52:40 test_terrain_lod 1 10.60 13.66
01:52:42 test_terrain_lod 1 10.60 13.62
01:52:44 test_terrain_lod 1 10.60 13.62
01:52:46 test_terrain_lod 1 10.60 13.66
01:52:48 test_terrain_lod 1 10.60 13.62
01:52:50 test_terrain_lod 1 10.60 13.65
01:52:52 test_terrain_lod 1 10.60 13.68
01:52:54 test_terrain_lod 1 10.60 13.62
01:52:56 test_terrain_lod 1 10.60 13.65
01:52:58 test_terrain_lod 1 10.60 13.65
01:53:00 test_terrain_lod 1 10.60 13.70
01:53:02 test_terrain_lod 1 10.60 13.75
01:53:04 test_terrain_lod 1 10.60 14.25
01:53:06 test_terrain_lod 1 10.60 14.26
01:53:08 test_terrain_lod 1 10.60 14.27
01:53:10 test_terrain_lod 1 10.60 14.27
01:53:12 test_terrain_lod 1 10.60 14.27
01:53:14 test_terrain_lod 1 10.60 14.27
01:53:16 test_terrain_lod 1 10.60 14.27
01:53:18 test_terrain_lod 1 10.60 14.27
01:53:20 test_terrain_lod 1 10.60 14.27
01:53:22 test_terrain_lod 1 10.60 14.27
01:53:24 test_terrain_lod 1 10.60 14.27
01:53:26 test_terrain_lod 1 10.60 14.27
01:53:28 test_terrain_lod 1 10.60 14.27
01:53:30 test_terrain_lod 1 10.60 14.27
01:53:32 test_terrain_lod 1 10.60 14.26
01:53:34 test_terrain_lod 1 10.60 14.26
01:53:36 test_terrain_lod 1 10.60 14.26
01:53:38 test_terrain_lod 1 10.60 14.26
01:53:40 test_terrain_lod 1 10.60 14.27
01:53:42 test_terrain_lod 1 10.60 14.27
01:53:44 test_terrain_lod 1 10.60 14.27
01:53:46 test_terrain_lod 1 10.60 14.27
01:53:48 test_terrain_lod 1 10.60 14.27
01:53:50 test_terrain_lod 1 10.60 14.27
01:53:52 test_terrain_lod 1 10.63 14.24
01:53:54 test_terrain_lod 1 10.60 14.27
01:53:56 test_terrain_lod 1 10.60 14.27
01:53:58 test_terrain_lod 1 10.60 14.06
01:54:00 test_terrain_lod 1 10.60 14.27
01:54:02 test_terrain_lod 1 10.60 14.27
01:54:04 test_terrain_lod 1 10.60 14.27
01:54:06 test_terrain_lod 1 10.60 14.27
01:54:08 test_terrain_lod 1 10.60 14.27
01:54:10 test_terrain_lod 1 10.60 14.27
01:54:12 test_terrain_lod 1 10.60 14.27
01:54:14 test_terrain_lod 1 10.60 14.27
01:54:16 test_terrain_lod 1 10.60 14.27
01:54:18 test_terrain_lod 1 10.60 14.27
01:54:20 test_terrain_lod 1 10.60 14.27
01:54:22 test_terrain_lod 1 10.60 14.27
01:54:24 test_terrain_lod 1 10.60 14.27
01:54:26 test_terrain_lod 1 10.60 14.27
01:54:28 test_terrain_lod 1 10.60 14.27
01:54:30 test_terrain_lod 1 10.60 14.27
01:54:32 test_terrain_lod 1 10.60 14.27
01:54:34 test_terrain_lod 1 10.60 14.27
01:54:36 test_terrain_lod 1 10.60 14.27
01:54:38 test_terrain_lod 1 10.60 14.27
01:54:40 test_terrain_lod 1 10.60 14.28
01:54:42 test_terrain_lod 1 10.60 14.28
01:54:44 test_terrain_lod 1 10.60 14.28
01:54:46 test_terrain_lod 1 10.60 14.27
01:54:48 test_terrain_lod 1 10.60 14.28
01:54:50 test_terrain_lod 1 10.60 14.28
01:54:52 test_terrain_lod 1 10.60 14.28
01:54:54 test_terrain_lod 1 10.60 14.27
01:54:56 test_terrain_lod 1 10.60 14.27
01:54:58 test_terrain_lod 1 10.60 14.27
01:55:00 test_terrain_lod 1 10.60 14.27
01:55:02 test_terrain_lod 1 10.60 14.27
01:55:04 test_terrain_lod 1 10.60 14.27
01:55:06 test_terrain_lod 1 10.60 14.27
01:55:08 test_terrain_lod 1 10.60 14.27
01:55:10 test_terrain_lod 1 10.60 14.27
01:55:12 test_terrain_lod 1 10.60 14.27
01:55:14 test_terrain_lod 1 10.60 14.27
01:55:16 test_terrain_lod 1 10.60 14.27
01:55:18 test_terrain_lod 1 10.60 14.27
01:55:20 test_terrain_lod 1 10.60 14.27
01:55:22 test_terrain_lod 1 10.60 14.27
01:55:24 test_terrain_lod 1 10.60 14.27
01:55:26 test_terrain_lod 1 10.60 14.26
01:55:28 test_terrain_lod 1 10.60 14.27
01:55:30 test_terrain_lod 1 10.60 14.27
01:55:32 test_terrain_lod 1 10.60 14.27
01:55:34 test_terrain_lod 1 10.60 14.27
01:55:36 test_terrain_lod 1 10.60 14.27
01:55:38 test_terrain_lod 1 10.60 14.27
01:55:40 test_terrain_lod 1 10.60 14.26
01:55:42 test_terrain_lod 1 10.60 14.26
01:55:44 test_terrain_lod 1 10.60 14.26
01:55:46 test_terrain_lod 1 10.60 14.27
01:55:48 test_terrain_lod 1 10.60 14.27
01:55:50 test_terrain_lod 1 10.60 14.27
01:55:52 test_terrain_lod 1 10.60 14.27
01:55:54 test_terrain_lod 1 10.60 14.27
01:55:56 test_terrain_lod 1 10.60 14.27
01:55:58 test_terrain_lod 1 10.60 14.27
01:56:00 test_terrain_lod 1 10.60 14.27
01:56:02 test_terrain_lod 1 10.60 14.27
01:56:04 test_terrain_lod 1 10.60 14.27
01:56:06 test_terrain_lod 1 10.60 14.27
01:56:08 test_terrain_lod 1 10.60 13.98
01:56:10 test_terrain_lod 1 10.60 14.26
01:56:12 test_terrain_lod 1 10.60 14.25
01:56:14 test_terrain_lod 1 10.60 14.25
01:56:16 test_terrain_lod 1 10.60 14.25
01:56:18 test_terrain_lod 1 10.60 14.25
01:56:20 test_terrain_lod 1 10.60 14.25
01:56:22 test_terrain_lod 1 10.60 14.25
01:56:24 test_terrain_lod 1 10.60 14.01
01:56:26 test_terrain_lod 1 10.60 14.26
01:56:28 test_terrain_lod 1 10.60 14.24
01:56:30 test_terrain_lod 1 10.60 14.24
01:56:32 test_terrain_lod 1 10.60 14.24
01:56:34 test_terrain_lod 1 10.60 14.24
01:56:36 test_terrain_lod 1 10.60 14.24
01:56:38 test_terrain_lod 1 10.60 14.24
01:56:40 test_terrain_lod 1 10.60 14.24
01:56:42 test_terrain_lod 1 10.60 14.24
01:56:44 test_terrain_lod 1 10.60 14.24
01:56:46 test_terrain_lod 1 10.60 14.24
01:56:48 test_terrain_lod 1 10.60 14.24
01:56:50 test_terrain_lod 1 10.60 14.24
01:56:52 test_terrain_lod 1 10.60 14.24
01:56:54 test_terrain_lod 1 10.60 14.24
01:56:56 test_terrain_lod 1 10.60 14.25
01:56:58 test_terrain_lod 1 10.60 14.25
01:57:00 test_terrain_lod 1 10.60 14.25
01:57:02 test_terrain_lod 1 10.60 14.25
01:57:04 test_terrain_lod 1 10.60 14.25
01:57:06 test_terrain_lod 1 10.60 14.25
01:57:08 test_terrain_lod 1 10.60 14.25
01:57:10 test_terrain_lod 1 10.60 14.25
01:57:12 test_terrain_lod 1 10.60 14.25
01:57:14 test_terrain_lod 1 10.60 14.25
01:57:16 test_terrain_lod 1 10.60 14.25
01:57:18 test_terrain_lod 1 10.60 14.25
01:57:20 test_terrain_lod 1 10.60 14.25
01:57:22 test_terrain_lod 1 10.60 14.25
01:57:24 test_terrain_lod 1 10.60 14.24
01:57:26 test_terrain_lod 1 10.60 14.24
01:57:28 test_terrain_lod 1 10.60 14.24
01:57:30 test_terrain_lod 1 10.60 14.24
01:57:32 test_terrain_lod 1 10.60 14.24
01:57:34 test_terrain_lod 1 10.60 14.24
01:57:36 test_terrain_lod 1 10.60 14.25
01:57:38 test_terrain_lod 1 10.60 14.25
01:57:40 test_terrain_lod 1 10.60 14.25
01:57:42 test_terrain_lod 1 10.60 14.25
01:57:44 test_terrain_lod 1 10.60 14.24
01:57:46 test_terrain_lod 1 10.60 14.24
01:57:48 test_terrain_lod 1 10.60 14.24
01:57:50 test_terrain_lod 1 10.60 14.24
01:57:52 test_terrain_lod 1 10.60 14.25
01:57:54 test_terrain_lod 1 10.60 14.24
01:57:56 test_terrain_lod 1 10.60 14.24
01:57:58 test_terrain_lod 1 10.60 14.24
01:58:00 test_terrain_lod 1 10.60 14.24
01:58:02 test_terrain_lod 1 10.60 14.25
01:58:04 test_terrain_lod 1 10.60 14.25
01:58:06 test_terrain_lod 1 10.60 14.25
01:58:08 test_terrain_lod 1 10.60 14.23
01:58:10 test_terrain_lod 1 10.60 14.24
01:58:12 test_terrain_lod 1 10.60 14.24
01:58:14 test_terrain_lod 1 10.60 14.24
01:58:16 test_terrain_lod 1 10.60 14.24
01:58:18 test_terrain_lod 1 10.60 14.24
01:58:20 test_terrain_lod 1 10.60 14.24
01:58:22 test_terrain_lod 1 10.60 14.23
01:58:24 test_terrain_lod 1 10.60 14.23
01:58:26 test_terrain_lod 1 10.60 14.23
01:58:28 test_terrain_lod 1 10.60 14.23
01:58:30 test_terrain_lod 1 10.60 14.23
01:58:32 test_terrain_lod 1 10.60 14.24
01:58:34 test_terrain_lod 1 10.60 14.25
01:58:36 test_terrain_lod 1 10.60 14.24
01:58:38 test_terrain_lod 1 10.60 14.24
01:58:40 test_terrain_lod 1 10.60 14.24
01:58:42 test_terrain_lod 1 10.60 14.24
01:58:44 test_terrain_lod 1 10.60 14.24
01:58:46 test_terrain_lod 1 10.60 14.24
01:58:48 test_terrain_lod 1 10.60 14.24
01:58:50 test_terrain_lod 1 10.60 14.23
01:58:52 test_terrain_lod 1 10.60 14.24
01:58:54 test_terrain_lod 1 10.60 14.24
01:58:56 test_terrain_lod 1 10.60 14.23
01:58:58 test_terrain_lod 1 10.60 14.24
01:59:00 test_terrain_lod 1 10.60 14.24
01:59:02 test_terrain_lod 1 10.60 14.24
01:59:04 test_terrain_lod 1 10.60 14.23
01:59:06 test_terrain_lod 1 10.60 14.23
01:59:08 test_terrain_lod 1 10.60 14.23
01:59:10 test_terrain_lod 1 10.60 14.24
01:59:12 test_terrain_lod 1 10.60 14.24
01:59:14 test_terrain_lod 1 10.60 14.24
01:59:16 test_terrain_lod 1 10.60 14.25
01:59:18 test_terrain_lod 1 10.60 14.25
01:59:20 test_terrain_lod 1 10.60 14.24
01:59:22 test_terrain_lod 1 10.60 14.24
01:59:24 test_terrain_lod 1 10.60 14.24
01:59:26 test_terrain_lod 1 10.60 14.24
01:59:28 test_terrain_lod 1 10.60 14.24
01:59:30 test_terrain_lod 1 10.60 14.24
01:59:32 test_terrain_lod 1 10.60 14.24
01:59:34 test_terrain_lod 1 10.60 14.24
01:59:36 test_terrain_lod 1 10.60 14.24
01:59:38 test_terrain_lod 1 10.60 14.24
01:59:40 test_terrain_lod 1 10.60 14.24
01:59:42 test_terrain_lod 1 10.60 14.24
01:59:45 test_terrain_lod 1 10.60 14.24
01:59:47 test_terrain_lod 1 10.60 14.24
01:59:49 test_terrain_lod 1 10.60 14.24
01:59:51 test_terrain_lod 1 10.60 14.24
01:59:53 test_terrain_lod 1 10.60 14.24
01:59:55 test_terrain_lod 1 10.60 14.24
01:59:57 test_terrain_lod 1 10.60 14.24
01:59:59 test_terrain_lod 1 10.60 14.24
02:00:01 test_terrain_lod 1 10.60 14.24
02:00:03 test_terrain_lod 1 10.60 14.24
02:00:05 test_terrain_lod 1 10.60 14.24
02:00:07 test_terrain_lod 1 10.60 14.24
02:00:09 test_terrain_lod 1 10.60 14.24
02:00:11 test_terrain_lod 1 10.60 14.24
02:00:13 test_terrain_lod 1 10.60 14.24
02:00:15 test_terrain_lod 1 10.60 14.24
02:00:17 test_terrain_lod 1 10.60 14.23
02:00:19 test_terrain_lod 1 10.60 14.23
02:00:21 test_terrain_lod 1 10.60 14.23
02:00:23 test_terrain_lod 1 10.60 14.23
02:00:25 test_terrain_lod 1 10.60 14.23
02:00:27 test_terrain_lod 1 10.60 14.23
02:00:29 test_terrain_lod 1 10.60 14.23
02:00:31 test_terrain_lod 1 10.60 14.17
02:00:33 test_terrain_lod 1 10.60 14.22
02:00:35 test_terrain_lod 1 10.60 14.24
02:00:37 test_terrain_lod 1 10.60 14.24
02:00:39 test_terrain_lod 1 10.60 14.24
02:00:41 test_terrain_lod 1 10.60 14.64
02:00:43 test_terrain_lod 1 10.60 14.27
02:00:45 test_terrain_lod 1 10.60 14.27
02:00:47 test_terrain_lod 1 10.60 14.29
02:00:49 test_terrain_lod 1 10.60 14.27
02:00:51 test_terrain_lod 1 10.60 14.65
02:00:53 test_terrain_lod 1 10.60 14.09
02:00:55 test_terrain_lod 1 10.60 14.10
02:00:57 test_terrain_lod 1 10.60 14.11
02:00:59 test_terrain_lod 1 10.60 14.11
02:01:01 test_terrain_lod 1 10.60 14.10
02:01:03 test_terrain_lod 1 10.60 14.10
02:01:05 test_terrain_lod 1 10.60 14.10
02:01:07 test_terrain_lod 1 10.60 14.09
02:01:09 test_terrain_lod 1 10.60 14.32
02:01:11 test_terrain_lod 1 10.60 14.27
02:01:13 test_terrain_lod 1 10.60 14.27
02:01:15 test_terrain_lod 1 10.60 14.26
02:01:17 test_terrain_lod 1 10.60 14.26
02:01:19 test_terrain_lod 1 10.60 14.25
02:01:21 test_terrain_lod 1 10.60 14.25
02:01:23 test_terrain_lod 1 10.60 14.24
02:01:25 test_terrain_lod 1 10.60 14.24
02:01:27 test_terrain_lod 1 10.60 14.24
02:01:29 test_terrain_lod 1 10.60 14.24
02:01:31 test_terrain_lod 1 10.60 14.26
02:01:33 test_terrain_lod 1 10.60 14.26
02:01:35 test_terrain_lod 1 10.60 14.26
02:01:37 test_terrain_lod 1 10.60 14.26
02:01:39 test_terrain_lod 1 10.60 14.26
02:01:41 test_terrain_lod 1 10.60 14.25
02:01:43 test_terrain_lod 1 10.60 14.25
02:01:45 test_terrain_lod 1 10.60 14.25
02:01:47 test_terrain_lod 1 10.60 14.26
02:01:49 test_terrain_lod 1 10.60 14.25
02:01:51 test_terrain_lod 1 10.60 14.25
02:01:53 test_terrain_lod 1 10.60 14.25
02:01:55 test_terrain_lod 1 10.60 14.25
02:01:57 test_terrain_lod 1 10.60 14.25
02:01:59 test_terrain_lod 1 10.60 14.27
02:02:01 test_terrain_lod 1 10.60 14.27
02:02:03 test_terrain_lod 1 10.60 14.27
02:02:05 test_terrain_lod 1 10.60 14.27
02:02:07 test_terrain_lod 1 10.60 14.27
02:02:09 test_terrain_lod 1 10.60 14.27
02:02:11 test_terrain_lod 1 10.60 14.27
02:02:13 test_terrain_lod 1 10.60 14.27
02:02:15 test_terrain_lod 1 10.60 14.27
02:02:17 test_terrain_lod 1 10.60 14.27
02:02:19 test_terrain_lod 1 10.60 14.27
02:02:21 test_terrain_lod 1 10.60 14.27
02:02:23 test_terrain_lod 1 10.60 14.27
02:02:25 test_terrain_lod 1 10.60 14.27
02:02:27 test_terrain_lod 1 10.60 14.27
02:02:29 test_terrain_lod 1 10.60 14.26
02:02:31 test_terrain_lod 1 10.60 14.26
02:02:33 test_terrain_lod 1 10.60 14.26
02:02:35 test_terrain_lod 1 10.60 14.26
02:02:37 test_terrain_lod 1 10.60 14.26
02:02:39 test_terrain_lod 1 10.60 14.26
02:02:41 test_terrain_lod 1 10.60 14.26
02:02:43 test_terrain_lod 1 10.60 14.26
02:02:45 test_terrain_lod 1 10.60 14.26
02:02:47 test_terrain_lod 1 10.60 14.26
02:02:49 test_terrain_lod 1 10.60 14.26
02:02:51 test_terrain_lod 1 10.60 14.26
02:02:53 test_terrain_lod 1 10.60 14.26
02:02:55 test_terrain_lod 1 10.60 14.26
02:02:57 test_terrain_lod 1 10.60 14.26
02:02:59 test_terrain_lod 1 10.60 14.26
02:03:01 test_terrain_lod 1 10.60 14.26
02:03:03 test_terrain_lod 1 10.60 14.26
02:03:05 test_terrain_lod 1 10.60 14.26
02:03:07 test_terrain_lod 1 10.60 14.26
02:03:09 test_terrain_lod 1 10.60 14.26
02:03:11 test_terrain_lod 1 10.60 14.26
02:03:13 test_terrain_lod 1 10.60 14.26
02:03:15 test_terrain_lod 1 10.60 14.26
02:03:17 test_terrain_lod 1 10.60 14.26
02:03:19 test_terrain_lod 1 10.60 14.26
02:03:21 test_terrain_lod 1 10.60 14.26
02:03:23 test_terrain_lod 1 10.60 14.26
02:03:25 test_terrain_lod 1 10.60 14.26
02:03:27 test_terrain_lod 1 10.60 14.26
02:03:29 test_terrain_lod 1 10.60 14.26
02:03:31 test_terrain_lod 1 10.60 14.26
02:03:33 test_terrain_lod 1 10.60 14.26
02:03:35 test_terrain_lod 1 10.60 14.26
02:03:37 test_terrain_lod 1 10.60 14.26
02:03:39 test_terrain_lod 1 10.60 14.26
02:03:41 test_terrain_lod 1 10.60 14.26
02:03:43 test_terrain_lod 1 10.60 14.26
02:03:45 test_terrain_lod 1 10.60 14.26
02:03:47 test_terrain_lod 1 10.60 14.26
02:03:49 test_terrain_lod 1 10.60 14.25
02:03:51 test_terrain_lod 1 10.60 14.25
02:03:53 test_terrain_lod 1 10.60 14.26
02:03:55 test_terrain_lod 1 10.60 14.26
02:03:57 test_terrain_lod 1 10.60 14.26
02:03:59 test_terrain_lod 1 10.60 14.26
02:04:01 test_terrain_lod 1 10.60 14.26
02:04:03 test_terrain_lod 1 10.60 14.26
02:04:05 test_terrain_lod 1 10.60 14.26
02:04:07 test_terrain_lod 1 10.60 14.26
02:04:09 test_terrain_lod 1 10.60 14.26
02:04:11 test_terrain_lod 1 10.60 14.26
02:04:13 test_terrain_lod 1 10.60 14.26
02:04:15 test_terrain_lod 1 10.60 14.26
02:04:17 test_terrain_lod 1 10.60 14.26
02:04:19 test_terrain_lod 1 10.60 14.25
02:04:21 test_terrain_lod 1 10.60 14.25
02:04:23 test_terrain_lod 1 10.60 14.25
02:04:25 test_terrain_lod 1 10.60 14.25
02:04:27 test_terrain_lod 1 10.60 14.25
02:04:29 test_terrain_lod 1 10.60 14.25
02:04:31 test_terrain_lod 1 10.60 14.25
02:04:33 test_terrain_lod 1 10.60 14.25
02:04:35 test_terrain_lod 1 10.60 14.25
02:04:37 test_terrain_lod 1 10.60 14.25
02:04:39 test_terrain_lod 1 10.60 14.25
02:04:41 test_terrain_lod 1 10.60 14.25
02:04:43 test_terrain_lod 1 10.60 14.25
02:04:45 test_terrain_lod 1 10.60 14.25
02:04:47 test_terrain_lod 1 10.60 14.25
02:04:49 test_terrain_lod 1 10.60 14.25
02:04:51 test_terrain_lod 1 10.60 14.25
02:04:53 test_terrain_lod 1 10.60 14.25
02:04:55 test_terrain_lod 1 10.60 14.25
02:04:57 test_terrain_lod 1 10.60 14.25
02:04:59 test_terrain_lod 1 10.60 14.25
02:05:01 test_terrain_lod 1 10.60 14.25
02:05:03 test_terrain_lod 1 10.60 14.25
02:05:05 test_terrain_lod 1 10.60 14.25
02:05:07 test_terrain_lod 1 10.60 14.24
02:05:09 test_terrain_lod 1 10.60 14.24
02:05:11 test_terrain_lod 1 10.60 14.24
02:05:13 test_terrain_lod 1 10.60 14.24
02:05:15 test_terrain_lod 1 10.60 14.24
02:05:17 test_terrain_lod 1 10.60 14.24
02:05:19 test_terrain_lod 1 10.60 14.25
02:05:21 test_terrain_lod 1 10.60 14.25
02:05:23 test_terrain_lod 1 10.60 14.25
02:05:25 test_terrain_lod 1 10.60 14.25
02:05:27 test_terrain_lod 1 10.60 14.25
02:05:29 test_terrain_lod 1 10.60 14.25
02:05:31 test_terrain_lod 1 10.60 14.25
02:05:33 test_terrain_lod 1 10.60 14.25
02:05:35 test_terrain_lod 1 10.60 14.25
02:05:37 test_terrain_lod 1 10.60 14.25
02:05:39 test_terrain_lod 1 10.60 14.25
02:05:41 test_terrain_lod 1 10.60 14.25
02:05:43 test_terrain_lod 1 10.60 14.25
02:05:45 test_terrain_lod 1 10.60 14.25
02:05:47 test_terrain_lod 1 10.60 14.24
02:05:49 test_terrain_lod 1 10.60 14.24
02:05:51 test_terrain_lod 1 10.60 14.24
02:05:53 test_terrain_lod 1 10.60 14.24
02:05:55 test_terrain_lod 1 10.60 14.25
02:05:57 test_terrain_lod 1 10.60 14.25
02:05:59 test_terrain_lod 1 10.60 14.25
02:06:01 test_terrain_lod 1 10.60 14.25
02:06:03 test_terrain_lod 1 10.60 14.25
02:06:05 test_terrain_lod 1 10.60 14.25
02:06:07 test_terrain_lod 1 10.60 14.25
02:06:09 test_terrain_lod 1 10.60 14.25
02:06:11 test_terrain_lod 1 10.60 14.25
02:06:13 test_terrain_lod 1 10.60 14.25
02:06:15 test_terrain_lod 1 10.60 14.24
02:06:17 test_terrain_lod 1 10.60 14.24
02:06:19 test_terrain_lod 1 10.60 14.24
02:06:21 test_terrain_lod 1 10.60 14.24
02:06:23 test_terrain_lod 1 10.60 14.24
02:06:25 test_terrain_lod 1 10.60 14.23
02:06:27 test_terrain_lod 1 10.60 14.23
02:06:29 test_terrain_lod 1 10.60 14.23
02:06:31 test_terrain_lod 1 10.60 14.23
02:06:33 test_terrain_lod 1 10.60 14.23
02:06:35 test_terrain_lod 1 10.60 14.23
02:06:37 test_terrain_lod 1 10.60 14.23
02:06:39 test_terrain_lod 1 10.60 14.23
02:06:41 test_terrain_lod 1 10.60 14.23
02:06:43 test_terrain_lod 1 10.60 14.23
02:06:45 test_terrain_lod 1 10.60 14.23
02:06:47 test_terrain_lod 1 10.60 14.23
02:06:49 test_terrain_lod 1 10.60 14.23
02:06:51 test_terrain_lod 1 10.60 14.24
02:06:53 test_terrain_lod 1 10.60 14.24
02:06:55 test_terrain_lod 1 10.60 14.24
02:06:57 test_terrain_lod 1 10.60 14.24
02:06:59 test_terrain_lod 1 10.60 14.24
02:07:01 test_terrain_lod 1 10.60 14.24
02:07:03 test_terrain_lod 1 10.60 14.24
02:07:05 test_terrain_lod 1 10.60 14.24
02:07:07 test_terrain_lod 1 10.60 14.24
02:07:09 test_terrain_lod 1 10.60 14.23
02:07:11 test_terrain_lod 1 10.60 14.23
02:07:13 test_terrain_lod 1 10.60 14.23
02:07:15 test_terrain_lod 1 10.60 14.23
02:07:17 test_terrain_lod 1 10.60 14.23
02:07:19 test_terrain_lod 1 10.60 14.23
02:07:21 test_terrain_lod 1 10.60 14.23
02:07:23 test_terrain_lod 1 10.60 14.23
02:07:25 test_terrain_lod 1 10.60 14.23
02:07:27 test_terrain_lod 1 10.60 14.23
02:07:29 test_terrain_lod 1 10.60 14.23
02:07:31 test_terrain_lod 1 10.60 14.23
02:07:33 test_terrain_lod 1 10.60 14.23
02:07:35 test_terrain_lod 1 10.60 14.24
02:07:37 test_terrain_lod 1 10.60 14.24
02:07:39 test_terrain_lod 1 10.60 14.24
02:07:41 test_terrain_lod 1 10.60 14.24
02:07:43 test_terrain_lod 1 10.60 14.24
02:07:45 test_terrain_lod 1 10.60 14.23
02:07:47 test_terrain_lod 1 10.60 14.24
02:07:49 test_terrain_lod 1 10.60 14.24
02:07:51 test_terrain_lod 1 10.60 14.24
02:07:53 test_terrain_lod 1 10.60 14.23
02:07:55 test_terrain_lod 1 10.60 14.23
02:07:57 test_terrain_lod 1 10.60 14.23
02:07:59 test_terrain_lod 1 10.60 14.23
02:08:01 test_terrain_lod 1 10.60 14.23
02:08:03 test_terrain_lod 1 10.60 14.23
02:08:05 test_terrain_lod 1 10.60 14.23
02:08:07 test_terrain_lod 1 10.60 14.23
02:08:09 test_terrain_lod 1 10.60 14.23
02:08:11 test_terrain_lod 1 10.60 14.23
02:08:13 test_terrain_lod 1 10.60 14.24
02:08:15 test_terrain_lod 1 10.60 14.24
02:08:17 test_terrain_lod 1 10.60 14.23
02:08:19 test_terrain_lod 1 10.60 14.23
02:08:21 test_terrain_lod 1 10.60 14.23
02:08:23 test_terrain_lod 1 10.60 14.23
02:08:25 test_terrain_lod 1 10.60 14.23
02:08:27 test_terrain_lod 1 10.60 14.22
02:08:29 test_terrain_lod 1 10.60 14.22
02:08:31 test_terrain_lod 1 10.60 14.17
02:08:33 test_terrain_lod 1 10.60 14.22
02:08:35 test_terrain_lod 1 10.60 14.22
02:08:37 test_terrain_lod 1 10.60 14.23
02:08:39 test_terrain_lod 1 10.60 14.64
02:08:41 test_terrain_lod 1 10.60 14.44
02:08:43 test_terrain_lod 1 10.60 14.33
02:08:45 test_terrain_lod 1 10.60 14.32
02:08:47 test_terrain_lod 1 10.60 14.32
02:08:49 test_terrain_lod 1 10.60 14.31
02:08:51 test_terrain_lod 1 10.60 14.29
02:08:53 test_terrain_lod 1 10.60 14.30
02:08:55 test_terrain_lod 1 10.60 14.29
02:08:57 test_terrain_lod 1 10.60 14.29
02:08:59 test_terrain_lod 1 10.60 14.29
02:09:01 test_terrain_lod 1 10.60 14.29
02:09:03 test_terrain_lod 1 10.60 14.29
02:09:05 test_terrain_lod 1 10.60 14.29
02:09:07 test_terrain_lod 1 10.60 14.29
02:09:09 test_terrain_lod 1 10.60 14.29
02:09:11 test_terrain_lod 1 10.60 14.29
02:09:13 test_terrain_lod 1 10.60 14.29
02:09:15 test_terrain_lod 1 10.60 14.29
02:09:17 test_terrain_lod 1 10.60 14.29
02:09:19 test_terrain_lod 1 10.60 14.28
02:09:21 test_terrain_lod 1 10.60 14.29
02:09:23 test_terrain_lod 1 10.60 14.28
02:09:25 test_terrain_lod 1 10.60 14.29
02:09:27 test_terrain_lod 1 10.60 14.29
02:09:29 test_terrain_lod 1 10.60 14.29
02:09:31 test_terrain_lod 1 10.60 14.29
02:09:33 test_terrain_lod 1 10.60 14.29
02:09:35 test_terrain_lod 1 10.60 14.29
02:09:37 test_terrain_lod 1 10.60 14.29
02:09:39 test_terrain_lod 1 10.60 14.29
02:09:41 test_terrain_lod 1 10.60 14.29
02:09:43 test_terrain_lod 1 10.60 14.28
02:09:45 test_terrain_lod 1 10.60 14.28
02:09:47 test_terrain_lod 1 10.60 14.28
02:09:49 test_terrain_lod 1 10.60 14.28
02:09:51 test_terrain_lod 1 10.60 14.27
02:09:53 test_terrain_lod 1 10.60 14.28
02:09:55 test_terrain_lod 1 10.60 14.29
02:09:57 test_terrain_lod 1 10.60 14.28
02:09:59 test_terrain_lod 1 10.60 14.28
02:10:01 test_terrain_lod 1 10.60 14.28
02:10:03 test_terrain_lod 1 10.60 14.28
02:10:05 test_terrain_lod 1 10.60 14.28
02:10:07 test_terrain_lod 1 10.60 14.28
02:10:09 test_terrain_lod 1 10.60 14.28
02:10:11 test_terrain_lod 1 10.60 14.28
02:10:13 test_terrain_lod 1 10.60 14.28
02:10:15 test_terrain_lod 1 10.60 14.27
02:10:17 test_terrain_lod 1 10.60 14.28
02:10:19 test_terrain_lod 1 10.60 14.27
02:10:21 test_terrain_lod 1 10.60 14.26
02:10:23 test_terrain_lod 1 10.60 14.27
02:10:25 test_terrain_lod 1 10.60 14.27
02:10:27 test_terrain_lod 1 10.60 14.27
02:10:29 test_terrain_lod 1 10.60 14.27
02:10:31 test_terrain_lod 1 10.60 14.27
02:10:33 test_terrain_lod 1 10.60 14.27
02:10:35 test_terrain_lod 1 10.60 14.27
02:10:37 test_terrain_lod 1 10.60 14.27
02:10:39 test_terrain_lod 1 10.60 14.27
02:10:41 test_terrain_lod 1 10.60 14.27
02:10:43 test_terrain_lod 1 10.60 14.27
02:10:45 test_terrain_lod 1 10.60 14.27
02:10:47 test_terrain_lod 1 10.60 14.27
02:10:49 test_terrain_lod 1 10.60 14.27
02:10:51 test_terrain_lod 1 10.60 14.26
02:10:53 test_terrain_lod 1 10.60 14.27
02:10:55 test_terrain_lod 1 10.60 14.26
02:10:57 test_terrain_lod 1 10.60 14.27
02:10:59 test_terrain_lod 1 10.60 14.27
02:11:01 test_terrain_lod 1 10.60 14.27
02:11:03 test_terrain_lod 1 10.60 14.27
02:11:05 test_terrain_lod 1 10.60 14.27
02:11:07 test_terrain_lod 1 10.60 14.27
02:11:09 test_terrain_lod 1 10.60 14.27
02:11:11 test_terrain_lod 1 10.60 14.27
02:11:13 test_terrain_lod 1 10.60 14.27
02:11:15 test_terrain_lod 1 10.60 14.27
02:11:17 test_terrain_lod 1 10.60 14.26
02:11:19 test_terrain_lod 1 10.60 14.26
02:11:21 test_terrain_lod 1 10.60 14.26
02:11:23 test_terrain_lod 1 10.60 14.26
02:11:25 test_terrain_lod 1 10.60 14.26
02:11:27 test_terrain_lod 1 10.60 14.26
02:11:29 test_terrain_lod 1 10.60 14.26
02:11:31 test_terrain_lod 1 10.60 14.26
02:11:33 test_terrain_lod 1 10.60 14.26
02:11:35 test_terrain_lod 1 10.60 14.26
02:11:37 test_terrain_lod 1 10.60 14.26
02:11:39 test_terrain_lod 1 10.60 14.26
02:11:41 test_terrain_lod 1 10.60 14.26
02:11:43 test_terrain_lod 1 10.60 14.26
02:11:45 test_terrain_lod 1 10.60 14.26
02:11:47 test_terrain_lod 1 10.60 14.21
02:11:49 test_terrain_lod 1 10.60 14.26
02:11:51 test_terrain_lod 1 10.60 14.26
02:11:53 test_terrain_lod 1 10.60 14.26
02:11:55 test_terrain_lod 1 10.60 14.26
02:11:57 test_terrain_lod 1 10.60 14.38
02:11:59 test_terrain_lod 1 10.60 14.31
02:12:01 test_terrain_lod 1 10.60 14.64
02:12:03 test_terrain_lod 1 10.60 14.25
02:12:05 test_terrain_lod 1 10.60 14.33
02:12:07 test_terrain_lod 1 10.60 14.33
02:12:09 test_terrain_lod 1 10.60 14.32
02:12:11 test_terrain_lod 1 10.60 14.32
02:12:13 test_terrain_lod 1 10.60 14.32
02:12:15 test_terrain_lod 1 10.60 14.31
02:12:17 test_terrain_lod 1 10.60 14.30
02:12:19 test_terrain_lod 1 10.60 14.30
02:12:21 test_terrain_lod 1 10.60 14.30
02:12:23 test_terrain_lod 1 10.60 14.30
02:12:25 test_terrain_lod 1 10.60 14.30
02:12:27 test_terrain_lod 1 10.60 14.30
02:12:29 test_terrain_lod 1 10.60 14.29
02:12:31 test_terrain_lod 1 10.60 14.29
02:12:33 test_terrain_lod 1 10.60 14.29
02:12:35 test_terrain_lod 1 10.60 14.29
02:12:37 test_terrain_lod 1 10.60 14.29
02:12:39 test_terrain_lod 1 10.60 14.28
02:12:41 test_terrain_lod 1 10.60 14.28
02:12:43 test_terrain_lod 1 10.60 14.28
02:12:45 test_terrain_lod 1 10.60 14.27
02:12:47 test_terrain_lod 1 10.60 14.27
02:12:49 test_terrain_lod 1 10.60 14.27
02:12:51 test_terrain_lod 1 10.60 14.27
02:12:53 test_terrain_lod 1 10.60 14.27
02:12:55 test_terrain_lod 1 10.60 14.29
02:12:57 test_terrain_lod 1 10.60 14.29
02:12:59 test_terrain_lod 1 10.60 14.29
02:13:01 test_terrain_lod 1 10.60 14.29
02:13:03 test_terrain_lod 1 10.60 14.29
02:13:05 test_terrain_lod 1 10.60 14.29
02:13:07 test_terrain_lod 1 10.60 14.29
02:13:09 test_terrain_lod 1 10.60 14.28
02:13:11 test_terrain_lod 1 10.60 14.28
02:13:13 test_terrain_lod 1 10.60 14.28
02:13:15 test_terrain_lod 1 10.60 14.28
02:13:17 test_terrain_lod 1 10.60 14.28
02:13:19 test_terrain_lod 1 10.60 14.28
02:13:21 test_terrain_lod 1 10.60 14.28
02:13:23 test_terrain_lod 1 10.60 14.28
02:13:25 test_terrain_lod 1 10.60 14.28
02:13:27 test_terrain_lod 1 10.60 14.28
02:13:29 test_terrain_lod 1 10.60 14.28
02:13:31 test_terrain_lod 1 10.60 14.28
02:13:33 test_terrain_lod 1 10.60 14.28
02:13:35 test_terrain_lod 1 10.60 14.28
02:13:37 test_terrain_lod 1 10.60 14.28
02:13:39 test_terrain_lod 1 10.60 14.28
02:13:41 test_terrain_lod 1 10.60 14.28
02:13:43 test_terrain_lod 1 10.60 14.27
02:13:45 test_terrain_lod 1 10.60 14.27
02:13:47 test_terrain_lod 1 10.60 14.27
02:13:49 test_terrain_lod 1 10.60 14.27
02:13:51 test_terrain_lod 1 10.60 14.27
02:13:53 test_terrain_lod 1 10.60 14.27
02:13:55 test_terrain_lod 1 10.60 14.27
02:13:57 test_terrain_lod 1 10.60 14.27
02:13:59 test_terrain_lod 1 10.60 14.27
02:14:01 test_terrain_lod 1 10.60 14.27
02:14:03 test_terrain_lod 1 10.60 14.27
02:14:05 test_terrain_lod 1 10.60 14.28
02:14:07 test_terrain_lod 1 10.60 14.28
02:14:09 test_terrain_lod 1 10.60 14.28
02:14:11 test_terrain_lod 1 10.60 14.28
02:14:13 test_terrain_lod 1 10.60 14.28
02:14:15 test_terrain_lod 1 10.60 14.28
02:14:17 test_terrain_lod 1 10.60 14.28
02:14:19 test_terrain_lod 1 10.60 14.28
02:14:21 test_terrain_lod 1 10.60 14.28
02:14:23 test_terrain_lod 1 10.60 14.27
02:14:25 test_terrain_lod 1 10.60 14.27
02:14:27 test_terrain_lod 1 10.60 14.28
02:14:29 test_terrain_lod 1 10.60 14.27
02:14:31 test_terrain_lod 1 10.60 14.27
02:14:33 test_terrain_lod 1 10.60 14.27
02:14:35 test_terrain_lod 1 10.60 14.27
02:14:37 test_terrain_lod 1 10.60 14.27
02:14:39 test_terrain_lod 1 10.60 14.27
02:14:41 test_terrain_lod 1 10.60 14.27
02:14:43 test_terrain_lod 1 10.60 14.27
02:14:45 test_terrain_lod 1 10.60 14.27
02:14:47 test_terrain_lod 1 10.60 14.27
02:14:50 test_terrain_lod 1 10.60 14.27
02:14:52 test_terrain_lod 1 10.60 14.27
02:14:54 test_terrain_lod 1 10.60 14.27
02:14:56 test_terrain_lod 1 10.60 14.27
02:14:58 test_terrain_lod 1 10.60 14.27
02:15:00 test_terrain_lod 1 10.60 14.27
02:15:02 test_terrain_lod 1 10.60 14.27
02:15:04 test_terrain_lod 1 10.60 14.27
02:15:06 test_terrain_lod 1 10.60 14.27
02:15:08 test_terrain_lod 1 10.60 14.27
02:15:10 test_terrain_lod 1 10.60 14.27
02:15:12 test_terrain_lod 1 10.60 14.27
02:15:14 test_terrain_lod 1 10.60 14.27
02:15:16 test_terrain_lod 1 10.60 14.27
02:15:18 test_terrain_lod 1 10.60 14.27
02:15:20 test_terrain_lod 1 10.60 14.27
02:15:22 test_terrain_lod 1 10.60 14.27
02:15:24 test_terrain_lod 1 10.60 14.27
02:15:26 test_terrain_lod 1 10.60 14.27
02:15:28 test_terrain_lod 1 10.60 14.27
02:15:30 test_terrain_lod 1 10.60 14.27
02:15:32 test_terrain_lod 1 10.60 14.27
02:15:34 test_terrain_lod 1 10.60 14.26
02:15:36 test_terrain_lod 1 10.60 14.26
02:15:38 test_terrain_lod 1 10.60 14.26
02:15:40 test_terrain_lod 1 10.60 14.26
02:15:42 test_terrain_lod 1 10.60 14.26
02:15:44 test_terrain_lod 1 10.60 14.26
02:15:46 test_terrain_lod 1 10.60 14.27
02:15:48 test_terrain_lod 1 10.60 14.27
02:15:50 test_terrain_lod 1 10.60 14.27
02:15:52 test_terrain_lod 1 10.60 14.27
02:15:54 test_terrain_lod 1 10.60 14.27
02:15:56 test_terrain_lod 1 10.60 14.27
02:15:58 test_terrain_lod 1 10.60 14.27
02:16:00 test_terrain_lod 1 10.60 14.27
02:16:02 test_terrain_lod 1 10.60 14.27
02:16:04 test_terrain_lod 1 10.60 14.27
02:16:06 test_terrain_lod 1 10.60 14.27
02:16:08 test_terrain_lod 1 10.60 14.27
02:16:10 test_terrain_lod 1 10.60 14.26
02:16:12 test_terrain_lod 1 10.60 14.26
02:16:14 test_terrain_lod 1 10.60 14.26
02:16:16 test_terrain_lod 1 10.60 14.27
02:16:18 test_terrain_lod 1 10.60 14.26
02:16:20 test_terrain_lod 1 10.60 14.27
02:16:22 test_terrain_lod 1 10.60 14.27
02:16:24 test_terrain_lod 1 10.60 14.27
02:16:26 test_terrain_lod 1 10.60 14.27
02:16:28 test_terrain_lod 1 10.60 14.27
02:16:30 test_terrain_lod 1 10.60 14.27
02:16:32 test_terrain_lod 1 10.60 14.27
02:16:34 test_terrain_lod 1 10.60 14.27
02:16:36 test_terrain_lod 1 10.60 14.27
02:16:38 test_terrain_lod 1 10.60 14.26
02:16:40 test_terrain_lod 1 10.60 14.27
02:16:42 test_terrain_lod 1 10.60 14.27
02:16:44 test_terrain_lod 1 10.60 14.27
02:16:46 test_terrain_lod 1 10.60 14.27
02:16:48 test_terrain_lod 1 10.60 14.26
02:16:50 test_terrain_lod 1 10.60 14.26
02:16:52 test_terrain_lod 1 10.60 14.26
02:16:54 test_terrain_lod 1 10.60 14.27
02:16:56 test_terrain_lod 1 10.60 14.27
02:16:58 test_terrain_lod 1 10.60 14.27
02:17:00 test_terrain_lod 1 10.60 14.27
02:17:02 test_terrain_lod 1 10.60 14.27
02:17:04 test_terrain_lod 1 10.60 14.27
02:17:06 test_terrain_lod 1 10.60 14.27
02:17:08 test_terrain_lod 1 10.60 14.27
02:17:10 test_terrain_lod 1 10.60 14.27
02:17:12 test_terrain_lod 1 10.60 14.26
02:17:14 test_terrain_lod 1 10.60 14.27
02:17:16 test_terrain_lod 1 10.60 14.27
02:17:18 test_terrain_lod 1 10.60 14.26
02:17:20 test_terrain_lod 1 10.60 14.26
02:17:22 test_terrain_lod 1 10.60 14.26
02:17:24 test_terrain_lod 1 10.60 14.26
02:17:26 test_terrain_lod 1 10.60 14.26
02:17:28 test_terrain_lod 1 10.60 14.26
02:17:30 test_terrain_lod 1 10.60 14.26
02:17:32 test_terrain_lod 1 10.60 14.26
02:17:34 test_terrain_lod 1 10.60 14.26
02:17:36 test_terrain_lod 1 10.60 14.27
02:17:38 test_terrain_lod 1 10.60 14.27
02:17:40 test_terrain_lod 1 10.60 14.27
02:17:42 test_terrain_lod 1 10.60 14.27
02:17:44 test_terrain_lod 1 10.60 14.27
02:17:46 test_terrain_lod 1 10.60 14.26
02:17:48 test_terrain_lod 1 10.60 14.27
02:17:50 test_terrain_lod 1 10.60 14.26
02:17:52 test_terrain_lod 1 10.60 14.26
02:17:54 test_terrain_lod 1 10.60 14.26
02:17:56 test_terrain_lod 1 10.60 14.26
02:17:58 test_terrain_lod 1 10.60 14.26
02:18:00 test_terrain_lod 1 10.60 14.26
02:18:02 test_terrain_lod 1 10.60 14.26
02:18:04 test_terrain_lod 1 10.60 14.26
02:18:06 test_terrain_lod 1 10.60 14.26
02:18:08 test_terrain_lod 1 10.60 14.26
02:18:10 test_terrain_lod 1 10.60 14.25
02:18:12 test_terrain_lod 1 10.60 14.25
02:18:14 test_terrain_lod 1 10.60 14.26
02:18:16 test_terrain_lod 1 10.60 14.26
02:18:18 test_terrain_lod 1 10.60 14.26
02:18:20 test_terrain_lod 1 10.60 14.26
02:18:22 test_terrain_lod 1 10.60 14.26
02:18:24 test_terrain_lod 1 10.60 14.26
02:18:26 test_terrain_lod 1 10.60 14.26
02:18:28 test_terrain_lod 1 10.60 14.26
02:18:30 test_terrain_lod 1 10.60 14.27
02:18:32 test_terrain_lod 1 10.60 14.26
02:18:34 test_terrain_lod 1 10.60 14.26
02:18:36 test_terrain_lod 1 10.60 14.26
02:18:38 test_terrain_lod 1 10.60 14.25
02:18:40 test_terrain_lod 1 10.60 14.25
02:18:42 test_terrain_lod 1 10.60 14.25
02:18:44 test_terrain_lod 1 10.60 14.25
02:18:46 test_terrain_lod 1 10.60 14.25
02:18:48 test_terrain_lod 1 10.60 14.25
02:18:50 test_terrain_lod 1 10.60 14.26
02:18:52 test_terrain_lod 1 10.60 14.26
02:18:54 test_terrain_lod 1 10.60 14.26
02:18:56 test_terrain_lod 1 10.60 14.26
02:18:58 test_terrain_lod 1 10.60 14.26
02:19:00 test_terrain_lod 1 10.60 14.26
02:19:02 test_terrain_lod 1 10.60 14.26
02:19:04 test_terrain_lod 1 10.60 14.26
02:19:06 test_terrain_lod 1 10.60 14.26
02:19:08 test_terrain_lod 1 10.60 14.26
02:19:10 test_terrain_lod 1 10.60 14.25
02:19:12 test_terrain_lod 1 10.60 14.25
02:19:14 test_terrain_lod 1 10.60 14.25
02:19:16 test_terrain_lod 1 10.60 14.25
