# resident memory of every engine of one ./run_tests.sh run
# this machine has 27.4 GiB
# time suite engines rss_gib avail_gib transcript_bytes
03:48:48 (starting) 1 0.05 23.67 0
03:48:50 (starting) 1 0.27 23.50 0
03:48:52 (starting) 1 0.08 23.67 1
03:48:54 (starting) 1 0.27 23.51 1
03:48:56 test_rng 0 0.00 23.70 59
03:48:58 test_rng 1 0.27 23.49 60
03:49:00 test_rng 1 0.29 23.47 60
03:49:02 test_determinism 1 0.30 23.45 83
03:49:04 test_determinism 1 0.30 23.45 83
03:49:06 test_determinism 1 0.30 23.43 83
03:49:08 test_determinism 1 0.30 23.44 83
03:49:10 test_determinism 1 0.30 23.33 83
03:49:12 test_determinism 1 0.30 23.10 83
03:49:14 test_determinism 1 0.30 22.91 83
03:49:16 test_determinism 1 0.30 22.94 83
03:49:18 test_determinism 1 0.30 22.92 83
03:49:20 test_determinism 1 0.30 23.41 83
03:49:22 test_determinism 1 0.30 23.47 83
03:49:24 test_determinism 1 0.30 23.46 83
03:49:26 test_determinism 1 0.30 23.46 83
03:49:28 test_determinism 1 0.35 23.41 83
03:49:30 test_determinism 1 0.44 23.33 83
03:49:32 test_determinism 1 0.51 23.25 83
03:49:34 test_determinism 1 0.70 23.07 83
03:49:36 test_determinism 1 0.71 23.05 83
03:49:38 test_determinism 1 0.85 22.91 83
03:49:40 test_determinism 1 0.85 22.90 83
03:49:42 test_determinism 1 0.86 22.90 83
03:49:44 test_determinism 1 0.93 22.83 83
03:49:46 test_determinism 1 1.30 22.46 83
03:49:48 test_determinism 1 1.34 22.42 83
03:49:50 test_determinism 1 1.58 22.18 83
03:49:52 test_determinism 1 1.74 22.02 83
03:49:54 test_determinism 1 1.74 22.01 83
03:49:56 test_determinism 1 1.74 22.01 83
03:49:58 test_determinism 1 1.98 21.77 83
03:50:00 test_determinism 1 2.30 21.45 83
03:50:02 test_determinism 1 2.39 21.36 83
03:50:04 test_determinism 1 2.54 21.22 83
03:50:06 test_determinism 1 2.61 21.15 83
03:50:08 test_determinism 1 2.84 20.91 83
03:50:10 test_determinism 1 3.06 20.70 83
03:50:12 test_determinism 1 3.08 20.67 83
03:50:14 test_determinism 1 3.25 20.50 83
03:50:16 test_determinism 1 3.57 20.19 83
03:50:18 test_determinism 1 3.58 20.18 83
03:50:20 test_determinism 1 3.84 19.92 83
03:50:22 test_determinism 1 3.99 19.76 83
03:50:24 test_determinism 1 4.11 20.08 83
03:50:26 test_determinism 1 4.23 19.96 83
03:50:28 test_determinism 1 4.39 19.79 83
03:50:30 test_determinism 1 4.50 19.68 83
03:50:32 test_determinism 1 4.51 19.67 83
03:50:34 test_determinism 1 4.52 19.66 83
03:50:36 test_determinism 1 4.52 19.68 83
03:50:38 test_determinism 1 4.60 19.59 83
03:50:40 test_determinism 1 4.79 19.40 83
03:50:42 test_determinism 1 4.84 19.36 83
03:50:44 test_determinism 1 4.86 19.34 83
03:50:46 test_determinism 1 4.98 19.21 83
03:50:48 test_determinism 1 5.00 19.16 83
03:50:50 test_determinism 1 5.01 19.13 83
03:50:52 test_determinism 1 5.01 19.12 83
03:50:54 test_determinism 1 5.01 19.12 83
03:50:56 test_determinism 1 5.01 19.12 83
03:50:58 test_determinism 1 5.02 19.12 83
03:51:00 test_determinism 1 5.02 19.12 83
03:51:02 test_determinism 1 5.02 19.11 83
03:51:04 test_determinism 1 5.02 19.11 83
03:51:07 test_determinism 1 5.02 19.11 83
03:51:09 test_determinism 1 5.02 19.12 83
03:51:11 test_determinism 1 5.02 19.12 83
03:51:13 test_determinism 1 5.02 19.11 83
03:51:15 test_determinism 1 5.02 19.11 83
03:51:17 test_determinism 1 5.02 19.11 83
03:51:19 test_determinism 1 5.02 19.11 83
03:51:21 test_determinism 1 5.17 18.96 83
03:51:23 test_determinism 1 5.25 18.88 83
03:51:25 test_determinism 1 5.25 18.88 83
03:51:27 test_determinism 1 5.26 18.88 83
03:51:29 test_determinism 1 5.26 18.87 83
03:51:31 test_determinism 1 5.32 18.82 83
03:51:33 test_determinism 1 5.36 18.78 83
03:51:35 test_determinism 1 5.34 18.80 83
03:51:37 test_determinism 1 5.34 18.80 83
03:51:39 test_determinism 1 5.34 18.80 83
03:51:41 test_determinism 1 5.25 18.89 83
03:51:43 test_determinism 1 5.25 18.89 83
03:51:45 test_determinism 1 5.25 18.89 83
03:51:47 test_determinism 1 5.25 18.89 83
03:51:49 test_determinism 1 5.25 18.88 83
03:51:51 test_determinism 1 5.25 18.88 83
03:51:53 test_determinism 1 5.25 18.89 83
03:51:55 test_determinism 1 5.25 18.88 83
03:51:57 test_determinism 1 5.25 18.88 83
03:51:59 test_determinism 1 5.25 18.88 83
03:52:01 test_determinism 1 5.25 18.88 83
03:52:03 test_determinism 1 5.25 18.88 83
03:52:05 test_determinism 1 5.25 18.88 83
03:52:07 test_determinism 1 5.25 18.87 83
03:52:09 test_determinism 1 5.25 18.89 83
03:52:11 test_determinism 1 5.27 18.86 83
03:52:13 test_determinism 1 5.27 18.86 83
03:52:15 test_determinism 1 5.27 18.86 83
03:52:17 test_determinism 1 5.40 18.74 83
03:52:19 test_determinism 1 5.48 18.65 83
03:52:21 test_determinism 1 5.48 18.65 83
03:52:23 test_determinism 1 5.48 18.65 83
03:52:25 test_determinism 1 5.67 18.46 83
03:52:27 test_determinism 1 5.73 18.41 83
03:52:29 test_determinism 1 5.76 18.37 83
03:52:31 test_determinism 1 5.83 18.30 83
03:52:33 test_determinism 1 5.96 18.16 83
03:52:35 test_determinism 1 5.96 18.17 83
03:52:37 test_determinism 1 6.16 17.97 83
03:52:39 test_determinism 1 6.25 17.88 83
03:52:41 test_determinism 1 6.47 17.67 83
03:52:43 test_determinism 1 6.55 17.58 83
03:52:45 test_determinism 1 6.76 17.37 83
03:52:47 test_determinism 1 6.83 17.30 83
03:52:49 test_determinism 1 6.83 17.30 83
03:52:51 test_determinism 1 7.03 17.10 83
03:52:53 test_determinism 1 7.09 17.04 83
03:52:55 test_determinism 1 7.26 16.87 83
03:52:57 test_determinism 1 7.36 16.77 83
03:52:59 test_determinism 1 7.52 16.61 83
03:53:01 test_determinism 1 7.71 16.42 83
03:53:03 test_determinism 1 7.85 16.28 83
03:53:05 test_determinism 1 8.04 16.09 83
03:53:07 test_determinism 1 8.05 16.08 83
03:53:09 test_determinism 1 8.05 16.08 83
03:53:11 test_determinism 1 8.05 16.08 83
03:53:13 test_determinism 1 8.05 16.08 83
03:53:15 test_determinism 1 8.05 16.08 83
03:53:17 test_determinism 1 8.05 16.08 83
03:53:19 test_determinism 1 8.05 16.08 83
03:53:21 test_determinism 1 8.06 16.07 83
03:53:23 test_determinism 1 8.06 16.07 83
03:53:25 test_determinism 1 8.06 16.07 83
03:53:27 test_determinism 1 8.06 16.07 83
03:53:29 test_determinism 1 8.06 16.07 83
03:53:31 test_determinism 1 8.06 16.07 83
03:53:33 test_determinism 1 8.33 15.79 83
03:53:35 test_determinism 1 8.35 15.77 83
03:53:37 test_determinism 1 8.36 15.77 83
03:53:39 test_determinism 1 8.36 15.76 83
03:53:41 test_determinism 1 8.36 15.76 83
03:53:43 test_determinism 1 8.36 15.76 83
03:53:45 test_determinism 1 8.36 15.76 83
03:53:47 test_determinism 1 8.36 15.76 83
03:53:49 test_determinism 1 8.37 15.77 83
03:53:51 test_determinism 1 8.37 15.77 83
03:53:53 test_determinism 1 8.37 15.77 83
03:53:55 test_determinism 1 8.39 15.75 83
03:53:57 test_determinism 1 8.65 15.48 83
03:53:59 test_determinism 1 8.80 15.34 83
03:54:01 test_determinism 1 8.80 15.33 83
03:54:03 test_determinism 1 8.80 15.32 83
03:54:05 test_determinism 1 8.80 15.32 83
03:54:07 test_determinism 1 8.81 15.32 83
03:54:09 test_determinism 1 8.81 15.31 83
03:54:11 test_determinism 1 8.81 15.31 83
03:54:13 test_determinism 1 8.81 15.31 83
03:54:15 test_determinism 1 8.81 15.32 83
03:54:17 test_determinism 1 8.81 15.32 83
03:54:19 test_determinism 1 8.81 15.32 83
03:54:21 test_determinism 1 9.06 15.07 83
03:54:23 test_determinism 1 9.07 15.06 83
03:54:25 test_determinism 1 9.08 15.04 83
03:54:27 test_determinism 1 9.09 15.04 83
03:54:29 test_determinism 1 9.09 15.03 83
03:54:31 test_determinism 1 9.08 15.04 83
03:54:33 test_determinism 1 9.20 14.92 83
03:54:35 test_determinism 1 9.21 14.91 83
03:54:37 test_determinism 1 9.21 14.91 83
03:54:39 test_determinism 1 9.22 14.90 83
03:54:41 test_determinism 1 9.22 14.90 83
03:54:43 test_determinism 1 9.22 14.89 83
03:54:45 test_determinism 1 9.22 14.90 83
03:54:47 test_determinism 1 9.22 14.90 83
03:54:49 test_determinism 1 9.22 14.90 83
03:54:51 test_determinism 1 9.22 14.90 83
03:54:53 test_determinism 1 9.23 14.89 83
03:54:55 test_determinism 1 9.23 14.91 83
03:54:57 test_determinism 1 9.23 15.58 83
03:54:59 test_determinism 1 9.23 15.58 83
03:55:01 test_determinism 1 9.23 15.58 83
03:55:03 test_determinism 1 9.23 15.58 83
03:55:05 test_determinism 1 9.23 15.58 83
03:55:07 test_determinism 1 9.23 15.58 83
03:55:09 test_determinism 1 9.23 15.58 171
03:55:11 test_determinism 1 9.23 15.58 171
03:55:13 test_determinism 1 9.23 15.58 171
03:55:15 test_determinism 1 9.23 15.58 171
03:55:17 test_determinism 1 9.23 15.58 171
03:55:19 test_determinism 1 9.23 15.58 171
03:55:21 test_determinism 1 9.23 15.58 171
03:55:23 test_determinism 1 9.23 15.58 171
03:55:25 test_determinism 1 9.23 15.58 171
03:55:27 test_determinism 1 9.23 15.58 171
03:55:29 test_determinism 1 9.23 15.58 171
03:55:31 test_determinism 1 9.23 15.58 171
03:55:33 test_determinism 1 9.23 15.58 171
03:55:35 test_determinism 1 9.23 15.58 171
03:55:37 test_determinism 1 9.23 15.57 171
03:55:39 test_determinism 1 9.23 15.58 171
03:55:41 test_determinism 1 9.23 15.58 171
03:55:43 test_determinism 1 9.23 15.57 171
03:55:45 test_determinism 1 9.23 15.57 171
03:55:47 test_determinism 1 9.23 15.57 171
03:55:49 test_determinism 1 9.23 15.57 171
03:55:51 test_determinism 1 9.23 15.58 171
03:55:53 test_determinism 1 9.23 15.58 171
03:55:55 test_determinism 1 9.23 15.58 171
03:55:57 test_determinism 1 9.23 15.58 171
03:55:59 test_determinism 1 9.23 15.58 171
03:56:01 test_determinism 1 9.23 15.58 171
03:56:03 test_determinism 1 9.23 15.58 171
03:56:05 test_determinism 1 9.23 15.58 171
03:56:07 test_determinism 1 9.23 15.58 171
03:56:09 test_determinism 1 9.23 15.58 171
03:56:11 test_determinism 1 9.23 15.58 171
03:56:13 test_determinism 1 9.23 15.58 171
03:56:15 test_determinism 1 9.23 15.58 171
03:56:17 test_determinism 1 9.23 15.58 171
03:56:19 test_determinism 1 9.23 15.58 171
03:56:21 test_determinism 1 9.23 15.58 171
03:56:23 test_determinism 1 9.23 15.58 171
03:56:25 test_determinism 1 9.23 15.58 171
03:56:27 test_determinism 1 9.23 15.58 171
03:56:29 test_determinism 1 9.23 15.58 171
03:56:31 test_determinism 1 9.23 15.58 171
03:56:33 test_determinism 1 9.23 15.58 171
03:56:35 test_determinism 1 9.23 15.58 250
03:56:37 test_determinism 1 9.23 15.57 250
03:56:39 test_determinism 1 9.23 15.58 250
03:56:41 test_determinism 1 9.23 15.58 250
03:56:43 test_determinism 1 9.23 15.58 250
03:56:45 test_determinism 1 9.23 15.58 250
03:56:47 test_determinism 1 9.23 15.58 250
03:56:49 test_determinism 1 9.23 15.57 250
03:56:51 test_determinism 1 9.23 15.58 250
03:56:53 test_determinism 1 9.23 15.58 250
03:56:55 test_determinism 1 9.23 15.58 250
03:56:57 test_determinism 1 9.23 15.57 250
03:56:59 test_determinism 1 9.23 15.58 250
03:57:01 test_determinism 1 9.23 15.57 250
03:57:03 test_determinism 1 9.23 15.57 250
03:57:05 test_determinism 1 9.23 15.57 250
03:57:07 test_determinism 1 9.23 15.57 250
03:57:09 test_determinism 1 9.23 15.57 250
03:57:11 test_determinism 1 9.23 15.57 250
03:57:13 test_determinism 1 9.23 15.57 250
03:57:15 test_determinism 1 9.23 15.57 250
03:57:17 test_determinism 1 9.23 15.56 250
03:57:19 test_determinism 1 9.23 15.56 250
03:57:21 test_determinism 1 9.23 15.56 250
03:57:23 test_determinism 1 9.23 15.58 250
03:57:25 test_determinism 1 9.23 15.58 250
03:57:27 test_determinism 1 9.23 15.58 250
03:57:29 test_determinism 1 9.23 15.58 250
03:57:31 test_determinism 1 9.23 15.58 250
03:57:33 test_determinism 1 9.23 15.58 250
03:57:35 test_determinism 1 9.23 15.58 250
03:57:37 test_determinism 1 9.23 15.58 250
03:57:39 test_determinism 1 9.23 15.58 250
03:57:41 test_determinism 1 9.23 15.58 250
03:57:43 test_determinism 1 9.23 15.58 250
03:57:45 test_determinism 1 9.23 15.58 250
03:57:47 test_determinism 1 9.23 15.57 250
03:57:49 test_determinism 1 9.23 15.57 250
03:57:51 test_determinism 1 9.23 15.57 250
03:57:53 test_determinism 1 9.23 15.19 250
03:57:55 test_determinism 1 9.23 14.96 250
03:57:57 test_determinism 1 9.23 15.57 250
03:57:59 test_determinism 1 9.23 15.57 250
03:58:01 test_determinism 1 9.23 15.58 250
03:58:03 test_determinism 1 9.23 15.57 250
03:58:05 test_determinism 1 9.25 15.56 250
03:58:07 test_determinism 1 9.26 15.54 250
03:58:09 test_determinism 1 9.25 15.57 250
03:58:11 test_determinism 1 9.25 15.56 250
03:58:13 test_determinism 1 9.27 15.54 250
03:58:15 test_determinism 1 9.26 15.55 250
03:58:17 test_determinism 1 9.27 15.54 250
03:58:19 test_determinism 1 9.26 15.55 250
03:58:21 test_determinism 1 9.47 15.34 250
03:58:23 test_determinism 1 9.70 15.11 250
03:58:25 test_determinism 1 9.71 15.10 250
03:58:27 test_determinism 1 9.72 15.09 250
03:58:29 test_determinism 1 9.74 15.07 250
03:58:31 test_determinism 1 9.71 15.10 250
03:58:33 test_determinism 1 9.72 15.10 250
03:58:35 test_determinism 1 9.72 15.09 250
03:58:37 test_determinism 1 9.72 15.09 250
03:58:39 test_determinism 1 9.73 15.08 250
03:58:41 test_determinism 1 9.75 15.06 250
03:58:43 test_determinism 1 9.73 15.08 250
03:58:45 test_determinism 1 9.73 15.08 250
03:58:47 test_determinism 1 9.74 15.07 250
03:58:49 test_determinism 1 9.73 15.08 250
03:58:51 test_determinism 1 9.73 15.08 250
03:58:53 test_determinism 1 9.73 15.08 250
03:58:55 test_determinism 1 9.73 15.08 250
03:58:57 test_determinism 1 9.73 15.08 250
03:58:59 test_determinism 1 9.75 15.07 250
03:59:01 test_determinism 1 9.75 15.06 250
03:59:03 test_determinism 1 9.75 15.03 250
03:59:05 test_determinism 1 9.77 15.02 250
03:59:07 test_determinism 1 9.75 15.04 250
03:59:09 test_determinism 1 9.75 15.04 250
03:59:11 test_determinism 1 9.75 15.03 250
03:59:13 test_determinism 1 9.77 15.01 250
03:59:15 test_determinism 1 9.75 15.04 250
03:59:17 test_determinism 1 9.76 15.03 250
03:59:19 test_determinism 1 9.77 15.01 250
03:59:21 test_determinism 1 9.78 15.02 250
03:59:23 test_determinism 1 9.80 14.99 250
03:59:25 test_determinism 1 9.79 14.99 250
03:59:27 test_determinism 1 9.79 14.99 250
03:59:29 test_determinism 1 9.80 14.96 250
03:59:31 test_determinism 1 9.80 14.95 250
03:59:33 test_determinism 1 9.81 14.94 250
03:59:35 test_determinism 1 9.81 14.94 250
03:59:37 test_determinism 1 9.81 14.93 250
03:59:39 test_determinism 1 9.82 14.93 250
03:59:41 test_determinism 1 9.84 14.93 250
03:59:43 test_determinism 1 9.84 14.89 250
03:59:45 test_determinism 1 9.90 14.85 250
03:59:47 test_determinism 1 9.85 14.90 250
03:59:49 test_determinism 1 9.85 14.90 250
03:59:51 test_determinism 1 9.85 14.89 250
03:59:53 test_determinism 1 9.85 14.89 332
03:59:55 test_determinism 1 9.82 14.92 332
03:59:57 test_determinism 1 9.82 14.89 332
03:59:59 test_determinism 1 9.82 14.92 332
04:00:01 test_determinism 1 9.82 14.93 332
04:00:03 test_determinism 1 9.82 14.93 332
04:00:05 test_determinism 1 9.82 14.93 332
04:00:07 test_determinism 1 9.82 14.93 332
04:00:09 test_determinism 1 9.82 14.92 332
04:00:11 test_determinism 1 9.82 14.93 332
04:00:13 test_determinism 1 9.82 14.92 332
04:00:15 test_determinism 1 9.82 14.93 332
04:00:17 test_determinism 1 9.82 14.92 332
04:00:19 test_determinism 1 9.82 14.92 332
04:00:21 test_determinism 1 9.82 14.92 332
04:00:23 test_determinism 1 9.82 14.92 332
04:00:25 test_determinism 1 9.82 14.92 332
04:00:27 test_determinism 1 9.82 14.88 332
04:00:29 test_determinism 1 9.82 14.93 332
04:00:31 test_determinism 1 9.82 14.91 332
04:00:33 test_determinism 1 9.82 14.91 332
04:00:35 test_determinism 1 9.82 14.91 332
04:00:37 test_determinism 1 9.82 14.91 332
04:00:39 test_determinism 1 9.82 14.91 332
04:00:41 test_determinism 1 9.82 14.91 332
04:00:43 test_determinism 1 9.82 14.91 332
04:00:45 test_determinism 1 9.82 14.91 332
04:00:47 test_determinism 1 9.82 14.91 332
04:00:49 test_determinism 1 9.82 14.91 332
04:00:51 test_determinism 1 9.82 14.91 332
04:00:53 test_determinism 1 9.82 14.90 332
04:00:55 test_determinism 1 9.82 14.92 332
04:00:57 test_determinism 1 9.82 14.91 332
04:00:59 test_determinism 1 9.82 14.91 332
04:01:01 test_determinism 1 9.82 14.91 332
04:01:03 test_determinism 1 9.82 14.94 332
04:01:05 test_determinism 1 9.82 14.93 332
04:01:07 test_determinism 1 9.82 14.91 332
04:01:09 test_determinism 1 9.82 14.92 332
04:01:11 test_determinism 1 9.82 14.90 332
04:01:13 test_determinism 1 9.82 14.91 332
04:01:15 test_determinism 2 10.03 14.79 445
04:01:17 test_determinism 2 10.03 14.79 445
04:01:19 test_determinism 2 10.03 14.79 445
04:01:21 test_determinism 2 10.03 14.79 445
04:01:23 test_determinism 2 10.03 14.79 445
04:01:25 test_determinism 2 10.06 14.76 445
04:01:27 test_determinism 2 10.06 14.73 445
04:01:29 test_determinism 2 10.14 14.66 445
04:01:31 test_determinism 2 10.22 14.57 445
04:01:33 test_determinism 2 10.50 14.30 445
04:01:35 test_determinism 2 10.63 14.16 445
04:01:37 test_determinism 2 10.64 14.15 445
04:01:39 test_determinism 2 10.77 14.00 445
04:01:41 test_determinism 2 11.10 13.67 445
04:01:43 test_determinism 2 11.52 13.25 445
04:01:45 test_determinism 2 11.53 13.24 445
04:01:47 test_determinism 2 11.80 12.97 445
04:01:49 test_determinism 2 12.13 12.64 445
04:01:51 test_determinism 2 12.33 12.44 445
04:01:53 test_determinism 2 12.64 12.13 445
04:01:55 test_determinism 2 12.86 11.91 445
04:01:57 test_determinism 2 13.15 11.63 445
04:01:59 test_determinism 2 13.37 11.40 445
04:02:01 test_determinism 2 13.77 11.00 445
04:02:03 test_determinism 2 13.98 10.79 445
04:02:05 test_determinism 2 14.17 10.59 445
04:02:07 test_determinism 2 14.29 10.45 445
04:02:09 test_determinism 2 14.31 10.42 445
04:02:11 test_determinism 2 14.46 10.32 445
04:02:13 test_determinism 2 14.62 10.16 445
04:02:15 test_determinism 2 14.77 10.01 445
04:02:17 test_determinism 2 14.78 10.00 445
04:02:19 test_determinism 2 14.80 9.98 445
04:02:21 test_determinism 2 14.80 9.98 445
04:02:23 test_determinism 2 14.80 9.98 445
04:02:25 test_determinism 2 14.80 9.98 445
04:02:27 test_determinism 2 14.80 9.98 445
04:02:29 test_determinism 2 14.80 9.98 445
04:02:31 test_determinism 2 14.80 9.98 445
04:02:33 test_determinism 2 14.81 9.97 445
04:02:35 test_determinism 2 14.81 9.97 445
04:02:37 test_determinism 2 15.02 9.76 445
04:02:39 test_determinism 2 15.03 9.76 445
04:02:41 test_determinism 2 15.04 9.75 445
04:02:43 test_determinism 2 15.14 9.64 445
04:02:45 test_determinism 2 15.12 9.66 445
04:02:47 test_determinism 2 15.12 9.66 445
04:02:49 test_determinism 2 15.02 9.76 445
04:02:51 test_determinism 2 10.02 14.77 445
04:02:53 test_determinism 2 10.02 14.77 445
04:02:55 test_determinism 2 10.02 14.76 445
04:02:57 test_determinism 2 10.02 14.78 445
04:02:59 test_determinism 2 10.02 14.78 445
04:03:01 test_determinism 2 10.05 14.75 445
04:03:03 test_determinism 2 10.06 14.75 445
04:03:05 test_determinism 2 10.12 14.69 445
04:03:08 test_determinism 2 10.22 14.58 445
04:03:10 test_determinism 2 10.39 14.41 445
04:03:12 test_determinism 2 10.50 14.31 445
04:03:14 test_determinism 2 10.64 14.17 445
04:03:16 test_determinism 2 10.65 13.89 445
04:03:18 test_determinism 2 11.09 13.71 445
04:03:20 test_determinism 2 11.36 13.44 445
04:03:22 test_determinism 2 11.52 13.28 445
04:03:24 test_determinism 2 11.52 13.28 445
04:03:26 test_determinism 2 12.05 12.75 445
04:03:28 test_determinism 2 12.27 12.53 445
04:03:30 test_determinism 2 12.47 12.33 445
04:03:32 test_determinism 2 12.84 11.96 445
04:03:34 test_determinism 2 12.98 11.82 445
04:03:36 test_determinism 2 13.35 11.44 445
04:03:38 test_determinism 2 13.62 11.17 445
04:03:40 test_determinism 2 13.87 10.92 445
04:03:42 test_determinism 2 14.01 10.78 445
04:03:44 test_determinism 2 14.28 10.51 445
04:03:46 test_determinism 2 14.31 10.08 445
04:03:48 test_determinism 2 14.30 9.81 445
04:03:50 test_determinism 2 14.38 9.63 445
04:03:52 test_determinism 2 14.56 9.49 445
04:03:54 test_determinism 2 14.62 10.15 445
04:03:56 test_determinism 2 14.76 10.01 445
04:03:58 test_determinism 2 14.78 10.03 445
04:04:00 test_determinism 2 14.79 10.01 445
04:04:02 test_determinism 2 14.79 10.01 445
04:04:04 test_determinism 2 14.80 9.99 445
04:04:06 test_determinism 2 14.80 9.99 445
04:04:08 test_determinism 2 14.80 9.99 445
04:04:10 test_determinism 2 14.80 9.99 445
04:04:12 test_determinism 2 14.81 9.98 445
04:04:14 test_determinism 2 14.81 9.98 445
04:04:16 test_determinism 2 14.81 9.98 445
04:04:18 test_determinism 2 15.03 9.77 445
04:04:20 test_determinism 2 15.04 9.77 445
04:04:22 test_determinism 2 15.08 9.73 445
04:04:24 test_determinism 2 15.12 9.69 445
04:04:26 test_determinism 2 15.12 9.69 445
04:04:28 test_determinism 2 15.02 9.79 445
04:04:30 test_determinism 2 9.82 14.22 445
04:04:32 test_determinism 2 10.03 14.79 445
04:04:34 test_determinism 2 10.03 14.79 445
04:04:36 test_determinism 2 10.03 14.79 445
04:04:38 test_determinism 2 10.03 14.79 445
04:04:40 test_determinism 2 10.03 14.79 445
04:04:42 test_determinism 2 10.03 14.79 445
04:04:44 test_determinism 2 10.03 14.79 445
04:04:46 test_determinism 2 10.05 14.76 445
04:04:48 test_determinism 2 10.09 14.72 445
04:04:50 test_determinism 2 10.19 14.62 445
04:04:52 test_determinism 2 10.24 14.57 445
04:04:54 test_determinism 2 10.70 14.11 445
04:04:56 test_determinism 2 11.07 13.74 445
04:04:58 test_determinism 2 11.35 13.45 445
04:05:00 test_determinism 2 11.69 13.11 445
04:05:02 test_determinism 2 11.84 12.97 445
04:05:04 test_determinism 2 12.03 12.77 445
04:05:06 test_determinism 2 12.19 12.61 445
04:05:08 test_determinism 2 12.44 12.37 445
04:05:10 test_determinism 2 12.58 12.23 445
04:05:12 test_determinism 2 12.77 12.04 445
04:05:14 test_determinism 2 12.79 12.02 445
04:05:16 test_determinism 2 12.78 12.02 445
04:05:18 test_determinism 2 12.78 12.01 445
04:05:20 test_determinism 2 12.80 11.99 445
04:05:22 test_determinism 2 12.79 12.00 445
04:05:24 test_determinism 2 12.79 12.02 445
04:05:26 test_determinism 2 12.81 12.00 445
04:05:28 test_determinism 2 12.80 12.01 445
04:05:30 test_determinism 2 12.81 12.00 445
04:05:32 test_determinism 2 12.87 11.94 445
04:05:34 test_determinism 2 12.89 11.92 445
04:05:36 test_determinism 2 12.95 11.84 445
04:05:38 test_determinism 2 13.15 11.63 445
04:05:40 test_determinism 2 13.29 11.50 445
04:05:42 test_determinism 2 13.29 11.49 445
04:05:44 test_determinism 2 13.29 11.50 445
04:05:46 test_determinism 2 13.29 11.48 445
04:05:48 test_determinism 2 13.32 11.45 445
04:05:50 test_determinism 2 13.34 11.43 445
04:05:52 test_determinism 2 13.33 11.46 445
04:05:54 test_determinism 2 13.33 11.45 445
04:05:56 test_determinism 1 9.82 14.89 600
04:05:58 test_determinism 1 9.77 14.94 600
04:06:00 test_determinism 0 0.00 24.67 600
04:06:02 test_determinism 1 0.27 24.46 601
04:06:04 test_terrain 1 0.30 24.43 620
04:06:06 test_terrain 1 0.30 24.43 620
04:06:08 test_terrain 1 0.30 24.43 620
04:06:10 test_terrain 1 0.30 24.37 620
04:06:12 test_terrain 1 0.30 24.43 620
04:06:14 test_terrain 1 0.30 24.46 620
04:06:16 test_terrain 1 0.30 24.46 620
04:06:18 test_terrain 1 0.30 24.46 620
04:06:20 test_terrain 1 0.41 24.35 620
04:06:22 test_terrain 1 0.50 24.27 620
04:06:24 test_terrain 1 0.71 24.05 620
04:06:26 test_terrain 1 0.80 23.97 620
04:06:28 test_terrain 1 1.19 23.57 620
04:06:30 test_terrain 1 1.46 23.31 620
04:06:32 test_terrain 1 1.71 23.06 620
04:06:34 test_terrain 1 1.93 22.83 620
04:06:36 test_terrain 1 2.09 22.67 620
04:06:38 test_terrain 1 2.34 22.42 620
04:06:40 test_terrain 1 2.77 22.00 620
04:06:42 test_terrain 1 2.82 21.95 620
04:06:44 test_terrain 1 2.83 21.94 620
04:06:46 test_terrain 1 3.13 21.64 620
04:06:48 test_terrain 1 3.23 21.53 620
04:06:50 test_terrain 1 3.64 21.12 620
04:06:52 test_terrain 1 3.67 21.08 620
04:06:54 test_terrain 1 3.82 20.93 620
04:06:56 test_terrain 1 3.87 20.88 620
04:06:58 test_terrain 1 3.89 20.85 620
04:07:00 test_terrain 1 4.12 20.62 620
04:07:02 test_terrain 1 4.39 20.38 620
04:07:04 test_terrain 1 4.79 19.97 620
04:07:06 test_terrain 1 4.81 19.95 620
04:07:08 test_terrain 1 4.82 19.94 620
04:07:10 test_terrain 1 4.81 19.95 620
04:07:12 test_terrain 1 4.82 19.95 620
04:07:14 test_terrain 1 4.82 19.94 620
04:07:16 test_terrain 1 4.81 19.95 620
04:07:18 test_terrain 1 4.81 19.95 620
04:07:20 test_terrain 1 4.94 19.82 620
04:07:22 test_terrain 1 5.46 19.30 620
04:07:24 test_terrain 1 5.46 19.30 620
04:07:26 test_terrain 1 5.56 19.20 620
04:07:28 test_terrain 1 6.01 18.75 620
04:07:30 test_terrain 1 6.16 18.60 620
04:07:32 test_terrain 1 6.24 18.51 620
04:07:34 test_terrain 1 6.30 18.46 620
04:07:36 test_terrain 1 6.32 18.44 620
04:07:38 test_terrain 1 6.31 18.45 620
04:07:40 test_terrain 1 6.33 18.42 620
04:07:42 test_terrain 1 6.46 18.28 620
04:07:44 test_terrain 1 6.49 18.25 620
04:07:46 test_terrain 1 6.50 18.23 620
04:07:48 test_terrain 1 6.51 18.23 620
04:07:50 test_terrain 1 6.83 17.91 620
04:07:52 test_terrain 1 6.84 17.89 620
04:07:54 test_terrain 1 6.84 17.89 620
04:07:56 test_terrain 1 6.86 17.87 620
04:07:58 test_terrain 1 7.50 17.24 620
04:08:00 test_terrain 1 7.75 17.00 620
04:08:02 test_terrain 1 7.76 16.99 620
04:08:04 test_terrain 1 7.77 16.98 620
04:08:06 test_terrain 1 7.79 16.97 620
04:08:08 test_terrain 1 7.79 16.97 620
04:08:10 test_terrain 1 7.96 16.80 620
04:08:12 test_terrain 1 7.97 16.77 620
04:08:14 test_terrain 1 7.98 16.78 620
04:08:16 test_terrain 1 7.98 16.78 620
04:08:18 test_terrain 1 8.00 16.76 620
04:08:20 test_terrain 1 8.05 16.70 620
04:08:22 test_terrain 1 8.62 16.13 620
04:08:24 test_terrain 1 8.63 16.12 620
04:08:26 test_terrain 1 8.64 16.12 620
04:08:28 test_terrain 1 8.64 16.11 620
04:08:30 test_terrain 1 8.65 16.10 620
04:08:32 test_terrain 1 8.67 16.08 620
04:08:34 test_terrain 1 8.66 16.09 620
04:08:36 test_terrain 1 8.66 16.09 620
04:08:38 test_terrain 1 8.67 16.08 620
04:08:40 test_terrain 1 8.66 16.07 620
04:08:42 test_terrain 1 8.66 16.07 620
04:08:44 test_terrain 1 8.66 16.07 620
04:08:46 test_terrain 1 8.66 16.07 620
04:08:48 test_terrain 1 8.66 16.07 620
04:08:50 test_terrain 1 8.66 16.07 620
04:08:52 test_terrain 1 8.66 16.07 620
04:08:54 test_terrain 1 8.66 16.07 620
04:08:56 test_terrain 1 8.66 16.07 620
04:08:58 test_terrain 1 8.66 16.07 620
04:09:00 test_terrain 1 8.66 16.07 620
04:09:02 test_terrain 1 8.66 16.07 620
04:09:04 test_terrain 1 8.66 16.07 620
04:09:06 test_terrain 1 8.66 16.07 620
04:09:08 test_terrain 1 8.66 16.07 620
04:09:10 test_terrain 1 8.66 16.05 620
04:09:12 test_terrain 1 8.66 16.05 620
04:09:14 test_terrain 1 8.66 16.07 620
04:09:16 test_terrain 1 8.66 16.07 620
04:09:18 test_terrain 1 8.66 16.07 620
04:09:20 test_terrain 1 8.66 16.07 620
04:09:22 test_terrain 1 8.66 16.07 620
04:09:24 test_terrain 1 8.66 16.07 620
04:09:26 test_terrain 1 8.68 16.05 620
04:09:28 test_terrain 1 8.66 16.06 620
04:09:30 test_terrain 1 8.66 16.06 620
04:09:32 test_terrain 1 8.66 16.06 620
04:09:34 test_terrain 1 8.66 16.07 620
04:09:36 test_terrain 1 8.66 16.06 620
04:09:38 test_terrain 1 8.66 16.06 620
04:09:40 test_terrain 1 8.66 16.06 620
04:09:42 test_terrain 1 8.66 16.06 620
04:09:44 test_terrain 1 8.66 16.07 620
04:09:46 test_terrain 1 8.67 16.08 620
04:09:48 test_terrain 1 8.66 16.09 711
04:09:50 test_terrain 1 8.66 16.07 711
04:09:52 test_terrain 1 8.64 16.09 711
04:09:54 test_terrain 1 8.66 16.08 711
04:09:56 test_terrain 1 8.65 16.08 711
04:09:58 test_terrain 1 8.65 16.08 711
04:10:00 test_terrain 1 8.65 16.10 711
04:10:02 test_terrain 1 8.64 16.11 711
04:10:04 test_terrain 1 8.65 16.10 711
04:10:06 test_terrain 1 8.65 16.10 711
04:10:08 test_terrain 1 8.65 16.05 711
04:10:10 test_terrain 1 8.65 16.11 711
04:10:12 test_terrain 2 8.86 15.96 711
04:10:14 test_terrain 2 8.86 15.96 711
04:10:16 test_terrain 2 8.86 16.45 711
04:10:18 test_terrain 2 8.86 16.44 711
04:10:20 test_terrain 2 8.86 16.13 711
04:10:22 test_terrain 2 8.88 15.82 711
04:10:24 test_terrain 2 8.89 15.87 711
04:10:26 test_terrain 2 8.97 15.79 711
04:10:28 test_terrain 2 9.05 15.70 711
04:10:30 test_terrain 2 9.33 15.41 711
04:10:32 test_terrain 2 9.46 15.27 711
04:10:34 test_terrain 2 9.47 15.26 711
04:10:36 test_terrain 2 9.60 15.36 711
04:10:38 test_terrain 2 9.93 15.01 711
04:10:40 test_terrain 2 10.35 14.60 711
04:10:42 test_terrain 2 10.35 14.59 711
04:10:44 test_terrain 2 10.57 14.37 711
04:10:46 test_terrain 2 10.96 13.98 711
04:10:48 test_terrain 2 11.15 13.78 711
04:10:50 test_terrain 2 11.45 13.48 711
04:10:52 test_terrain 2 11.69 13.24 711
04:10:54 test_terrain 2 11.91 13.02 711
04:10:56 test_terrain 2 12.19 12.73 711
04:10:58 test_terrain 2 12.55 12.37 711
04:11:00 test_terrain 2 12.81 12.12 711
04:11:02 test_terrain 2 13.00 11.92 711
04:11:04 test_terrain 2 13.12 11.80 711
04:11:06 test_terrain 2 13.14 11.78 711
04:11:08 test_terrain 2 13.31 11.60 711
04:11:10 test_terrain 2 13.45 11.47 711
04:11:12 test_terrain 2 13.60 11.32 711
04:11:14 test_terrain 2 13.61 11.30 711
04:11:16 test_terrain 2 13.62 11.28 711
04:11:18 test_terrain 2 13.62 11.28 711
04:11:20 test_terrain 2 13.63 11.28 711
04:11:22 test_terrain 2 13.63 11.28 711
04:11:24 test_terrain 2 13.63 11.28 711
04:11:26 test_terrain 2 13.63 11.27 711
04:11:28 test_terrain 2 13.63 11.27 711
04:11:30 test_terrain 2 13.64 11.27 711
04:11:32 test_terrain 2 13.64 11.26 711
04:11:34 test_terrain 2 13.85 11.05 711
04:11:36 test_terrain 2 13.86 11.04 711
04:11:38 test_terrain 2 13.87 11.05 711
04:11:40 test_terrain 2 13.97 10.96 711
04:11:42 test_terrain 2 13.95 10.98 711
04:11:44 test_terrain 2 13.84 11.09 711
04:11:46 test_terrain 2 8.86 16.08 711
04:11:48 test_terrain 2 8.86 16.08 711
04:11:50 test_terrain 2 8.86 16.08 711
04:11:52 test_terrain 2 8.86 16.08 711
04:11:54 test_terrain 2 8.86 16.08 711
04:11:56 test_terrain 2 8.88 16.05 711
04:11:58 test_terrain 2 8.89 16.04 711
04:12:00 test_terrain 2 8.97 15.97 711
04:12:02 test_terrain 2 9.09 15.85 711
04:12:04 test_terrain 2 9.33 15.60 711
04:12:06 test_terrain 2 9.47 15.47 711
04:12:08 test_terrain 2 9.47 15.47 711
04:12:10 test_terrain 2 9.72 15.22 711
04:12:12 test_terrain 2 10.05 14.89 711
04:12:14 test_terrain 2 10.35 14.59 711
04:12:16 test_terrain 2 10.35 14.58 711
04:12:18 test_terrain 2 10.70 14.23 711
04:12:20 test_terrain 2 10.98 13.95 711
04:12:22 test_terrain 2 11.19 13.74 711
04:12:24 test_terrain 2 11.56 13.37 711
04:12:26 test_terrain 2 11.69 13.24 711
04:12:28 test_terrain 2 12.07 12.85 711
04:12:30 test_terrain 2 12.19 12.74 711
04:12:32 test_terrain 2 12.61 12.31 711
04:12:34 test_terrain 2 12.84 12.08 711
04:12:36 test_terrain 2 13.11 11.81 711
04:12:38 test_terrain 2 13.13 11.79 711
04:12:40 test_terrain 2 13.13 11.79 711
04:12:42 test_terrain 2 13.39 11.54 711
04:12:44 test_terrain 2 13.45 11.47 711
04:12:46 test_terrain 2 13.60 11.33 711
04:12:48 test_terrain 2 13.61 11.32 711
04:12:50 test_terrain 2 13.62 11.30 711
04:12:52 test_terrain 2 13.62 11.29 711
04:12:54 test_terrain 2 13.63 11.30 711
04:12:56 test_terrain 2 13.63 11.30 711
04:12:58 test_terrain 2 13.63 11.30 711
04:13:00 test_terrain 2 13.63 11.30 711
04:13:02 test_terrain 2 13.64 11.29 711
04:13:04 test_terrain 2 13.64 11.29 711
04:13:06 test_terrain 2 13.64 11.29 711
04:13:08 test_terrain 2 13.86 11.06 711
04:13:10 test_terrain 2 13.87 11.05 711
04:13:12 test_terrain 2 13.91 11.01 711
04:13:14 test_terrain 2 13.95 10.96 711
04:13:16 test_terrain 2 13.85 11.07 711
04:13:18 test_terrain 1 8.65 16.22 825
04:13:20 test_terrain 1 8.65 16.22 825
04:13:22 test_terrain 1 8.65 16.22 825
04:13:24 test_terrain 1 8.65 16.22 825
04:13:26 test_terrain 1 8.65 16.22 825
04:13:28 test_terrain 1 8.69 16.18 825
04:13:30 test_terrain 1 8.70 16.17 825
04:13:32 test_terrain 1 8.77 16.10 825
04:13:34 test_terrain 1 8.86 16.01 825
04:13:36 test_terrain 1 9.13 15.74 825
04:13:38 test_terrain 1 9.27 15.60 825
04:13:40 test_terrain 1 9.27 15.59 825
04:13:42 test_terrain 1 9.43 15.43 825
04:13:44 test_terrain 1 9.76 15.10 825
04:13:46 test_terrain 1 10.15 14.70 825
04:13:48 test_terrain 1 10.16 14.70 825
04:13:50 test_terrain 1 10.44 14.42 825
04:13:52 test_terrain 1 10.76 14.09 825
04:13:54 test_terrain 1 11.00 13.86 825
04:13:56 test_terrain 1 11.33 13.54 825
04:13:58 test_terrain 1 11.49 13.37 825
04:14:00 test_terrain 1 11.84 13.02 825
04:14:02 test_terrain 1 11.99 12.87 825
04:14:04 test_terrain 1 12.40 12.46 825
04:14:06 test_terrain 1 12.64 12.22 825
04:14:08 test_terrain 1 12.91 11.95 825
04:14:10 test_terrain 1 12.93 11.93 825
04:14:12 test_terrain 1 12.93 11.92 825
04:14:14 test_terrain 1 13.19 11.67 825
04:14:16 test_terrain 1 13.25 11.33 825
04:14:18 test_terrain 1 13.39 11.46 825
04:14:20 test_terrain 1 13.41 11.45 825
04:14:22 test_terrain 1 13.42 11.44 825
04:14:24 test_terrain 1 13.42 11.44 825
04:14:26 test_terrain 1 13.42 11.43 825
04:14:28 test_terrain 1 13.42 11.44 825
04:14:30 test_terrain 1 13.42 11.44 825
04:14:32 test_terrain 1 13.42 11.43 825
04:14:34 test_terrain 1 13.43 11.43 825
04:14:36 test_terrain 1 13.43 11.43 825
04:14:38 test_terrain 1 13.39 11.46 980
04:14:40 test_terrain 1 13.39 11.47 980
04:14:42 test_terrain 1 13.39 11.47 980
04:14:44 test_terrain 1 0.27 24.61 981
04:14:46 test_streaming 1 0.30 24.58 1002
04:14:48 test_streaming 1 0.30 24.37 1002
04:14:50 test_streaming 1 0.30 24.58 1002
04:14:52 test_streaming 1 0.30 24.58 1002
04:14:54 test_streaming 1 0.30 24.57 1002
04:14:56 test_streaming 1 0.30 24.57 1002
04:14:58 test_streaming 1 0.30 24.57 1002
04:15:00 test_streaming 1 0.30 24.57 1002
04:15:02 test_streaming 1 0.30 24.57 1002
04:15:04 test_streaming 1 0.35 24.52 1002
04:15:06 test_streaming 1 0.41 24.47 1002
04:15:08 test_streaming 1 0.75 24.14 1002
04:15:10 test_streaming 1 0.82 24.06 1002
04:15:12 test_streaming 1 1.24 23.64 1002
04:15:14 test_streaming 1 1.52 23.36 1002
04:15:16 test_streaming 1 1.86 23.02 1002
04:15:18 test_streaming 1 2.19 22.68 1002
04:15:20 test_streaming 1 2.35 22.52 1002
04:15:22 test_streaming 1 2.35 22.35 1002
04:15:24 test_streaming 1 2.70 21.77 1002
04:15:26 test_streaming 1 2.88 21.58 1002
04:15:28 test_streaming 1 3.10 21.37 1002
04:15:30 test_streaming 1 3.39 21.08 1002
04:15:32 test_streaming 1 3.60 20.87 1002
04:15:34 test_streaming 1 3.89 20.97 1002
04:15:36 test_streaming 1 4.31 20.55 1002
04:15:38 test_streaming 1 4.52 20.35 1002
04:15:40 test_streaming 1 4.61 20.26 1002
04:15:42 test_streaming 1 4.63 20.25 1002
04:15:44 test_streaming 1 4.64 20.23 1002
04:15:46 test_streaming 1 4.66 20.22 1002
04:15:48 test_streaming 1 4.66 20.22 1002
04:15:50 test_streaming 1 4.66 20.22 1002
04:15:52 test_streaming 1 4.66 20.22 1002
04:15:54 test_streaming 1 4.66 20.22 1002
04:15:56 test_streaming 1 4.66 20.22 1002
04:15:58 test_streaming 1 4.66 20.21 1002
04:16:00 test_streaming 1 4.66 20.21 1002
04:16:02 test_streaming 1 4.66 19.87 1002
04:16:04 test_streaming 1 4.66 19.87 1002
04:16:06 test_streaming 1 4.66 19.87 1002
04:16:08 test_streaming 1 4.67 19.86 1002
04:16:10 test_streaming 1 4.67 19.86 1002
04:16:12 test_streaming 1 4.67 20.20 1002
04:16:14 test_streaming 1 4.67 20.20 1002
04:16:16 test_streaming 1 4.67 20.20 1002
04:16:18 test_streaming 1 4.67 20.20 1002
04:16:20 test_streaming 1 4.70 20.16 1002
04:16:22 test_streaming 1 4.98 19.89 1002
04:16:24 test_streaming 1 5.09 19.77 1002
04:16:26 test_streaming 1 5.10 19.77 1002
04:16:28 test_streaming 1 5.12 19.75 1002
04:16:30 test_streaming 1 5.13 19.74 1002
04:16:32 test_streaming 1 5.14 19.73 1002
04:16:34 test_streaming 1 5.33 19.54 1002
04:16:36 test_streaming 1 5.34 19.53 1002
04:16:38 test_streaming 1 5.35 19.52 1002
04:16:40 test_streaming 1 5.35 19.52 1002
04:16:42 test_streaming 1 5.35 19.52 1002
04:16:44 test_streaming 1 5.35 19.51 1002
04:16:46 test_streaming 1 5.35 19.51 1002
04:16:48 test_streaming 1 5.37 19.50 1002
04:16:50 test_streaming 1 5.37 19.50 1002
04:16:52 test_streaming 1 5.38 19.48 1002
04:16:54 test_streaming 1 5.39 19.47 1002
04:16:56 test_streaming 1 5.40 19.46 1002
04:16:58 test_streaming 1 5.40 19.04 1002
04:17:00 test_streaming 1 5.40 19.46 1002
04:17:02 test_streaming 1 5.41 19.46 1002
04:17:04 test_streaming 1 5.41 19.46 1002
04:17:06 test_streaming 1 5.41 19.46 1002
04:17:08 test_streaming 1 5.41 19.45 1002
04:17:10 test_streaming 1 5.41 19.45 1002
04:17:12 test_streaming 1 5.41 19.44 1002
04:17:14 test_streaming 1 5.41 19.46 1002
04:17:16 test_streaming 1 5.41 19.45 1002
04:17:18 test_streaming 1 5.41 19.45 1002
04:17:20 test_streaming 1 5.41 19.45 1002
04:17:22 test_streaming 1 5.41 18.90 1002
04:17:24 test_streaming 1 5.41 19.44 1002
04:17:26 test_streaming 1 5.41 19.45 1002
04:17:28 test_streaming 1 5.41 19.45 1002
04:17:30 test_streaming 1 5.41 19.45 1002
04:17:32 test_streaming 1 5.41 19.45 1002
04:17:34 test_streaming 1 5.41 19.45 1002
04:17:36 test_streaming 1 5.41 19.45 1002
04:17:38 test_streaming 1 5.41 19.22 1002
04:17:40 test_streaming 1 5.41 18.85 1002
04:17:42 test_streaming 1 5.41 18.83 1002
04:17:44 test_streaming 1 5.41 18.83 1002
04:17:46 test_streaming 1 5.41 19.44 1002
04:17:48 test_streaming 1 5.41 19.44 1002
04:17:50 test_streaming 1 5.41 19.45 1002
04:17:52 test_streaming 1 5.41 19.45 1002
04:17:54 test_streaming 1 5.41 19.46 1002
04:17:56 test_streaming 1 5.41 19.46 1002
04:17:58 test_streaming 1 5.41 19.45 1002
04:18:00 test_streaming 1 5.41 19.45 1002
04:18:02 test_streaming 1 5.42 19.45 1002
04:18:04 test_streaming 1 5.42 19.45 1002
04:18:06 test_streaming 1 5.42 19.45 1002
04:18:08 test_streaming 1 5.42 19.45 1002
04:18:10 test_streaming 1 5.42 19.45 1002
04:18:12 test_streaming 1 5.42 19.44 1002
04:18:14 test_streaming 1 5.42 19.44 1002
04:18:16 test_streaming 1 5.42 19.44 1002
04:18:18 test_streaming 1 5.42 19.44 1002
04:18:20 test_streaming 1 5.42 19.44 1002
04:18:22 test_streaming 1 5.42 19.44 1002
04:18:24 test_streaming 1 5.42 19.44 1002
04:18:27 test_streaming 1 5.42 19.44 1118
04:18:29 test_streaming 1 5.42 19.44 1118
04:18:31 test_streaming 1 5.42 19.44 1118
04:18:33 test_streaming 1 5.42 19.44 1118
04:18:35 test_streaming 1 5.42 19.44 1118
04:18:37 test_streaming 1 5.42 19.44 1118
04:18:39 test_streaming 1 5.42 19.44 1118
04:18:41 test_streaming 1 5.42 19.44 1118
04:18:43 test_streaming 1 5.42 19.44 1118
04:18:45 test_streaming 1 5.42 19.45 1118
04:18:47 test_streaming 1 5.42 19.45 1118
04:18:49 test_streaming 1 5.42 19.45 1118
04:18:51 test_streaming 1 5.42 19.45 1118
04:18:53 test_streaming 1 5.42 19.45 1118
04:18:55 test_streaming 1 5.42 19.45 1118
04:18:57 test_streaming 1 5.42 19.44 1118
04:18:59 test_streaming 1 5.42 19.45 1118
04:19:01 test_streaming 1 5.42 19.45 1118
04:19:03 test_streaming 1 5.42 19.44 1118
04:19:05 test_streaming 1 5.42 19.44 1118
04:19:07 test_streaming 1 5.42 19.44 1118
04:19:09 test_streaming 1 5.42 19.44 1118
04:19:11 test_streaming 1 5.42 19.44 1118
04:19:13 test_streaming 1 5.42 19.00 1118
04:19:15 test_streaming 1 5.42 18.82 1118
04:19:17 test_streaming 1 5.42 19.44 1118
04:19:19 test_streaming 1 5.42 19.44 1118
04:19:21 test_streaming 1 5.42 19.44 1118
04:19:23 test_streaming 1 5.42 19.44 1118
04:19:25 test_streaming 1 5.42 19.44 1118
04:19:27 test_streaming 1 5.42 19.44 1118
04:19:29 test_streaming 1 5.42 19.44 1118
04:19:31 test_streaming 1 5.42 19.44 1118
04:19:33 test_streaming 1 5.42 19.44 1118
04:19:35 test_streaming 1 5.42 19.44 1118
04:19:37 test_streaming 1 5.42 19.10 1118
04:19:39 test_streaming 1 5.42 19.44 1118
04:19:41 test_streaming 1 5.42 19.44 1118
04:19:43 test_streaming 1 5.42 19.44 1118
04:19:45 test_streaming 1 5.42 19.44 1118
04:19:47 test_streaming 1 5.42 19.44 1118
04:19:49 test_streaming 1 5.42 19.44 1118
04:19:51 test_streaming 1 5.42 19.44 1118
04:19:53 test_streaming 1 5.42 19.43 1118
04:19:55 test_streaming 1 5.42 19.43 1118
04:19:57 test_streaming 1 5.42 19.43 1118
04:19:59 test_streaming 1 5.42 19.43 1118
04:20:01 test_streaming 1 5.42 19.44 1118
04:20:03 test_streaming 1 5.42 19.44 1118
04:20:05 test_streaming 1 5.42 19.44 1118
04:20:07 test_streaming 1 5.42 19.44 1118
04:20:09 test_streaming 1 5.42 19.44 1118
04:20:11 test_streaming 1 5.42 19.44 1118
04:20:13 test_streaming 1 5.42 19.44 1118
04:20:15 test_streaming 1 5.42 19.44 1118
04:20:17 test_streaming 1 5.42 19.44 1118
04:20:19 test_streaming 1 5.42 19.44 1118
04:20:21 test_streaming 1 5.42 19.44 1118
04:20:23 test_streaming 1 5.42 19.44 1118
04:20:25 test_streaming 1 5.42 19.44 1118
04:20:27 test_streaming 1 5.42 19.43 1118
04:20:29 test_streaming 1 5.42 19.43 1118
04:20:31 test_streaming 1 5.42 19.44 1118
04:20:33 test_streaming 1 5.42 19.44 1118
04:20:35 test_streaming 1 5.42 19.44 1118
04:20:37 test_streaming 1 5.42 19.44 1118
04:20:39 test_streaming 1 5.42 19.43 1118
04:20:41 test_streaming 1 5.42 19.44 1118
04:20:43 test_streaming 1 5.42 19.44 1118
04:20:45 test_streaming 1 5.42 19.43 1118
04:20:47 test_streaming 1 5.42 19.43 1118
04:20:49 test_streaming 1 5.42 19.43 1118
04:20:51 test_streaming 1 5.42 19.43 1118
04:20:53 test_streaming 1 5.42 19.44 1213
04:20:55 test_streaming 1 5.42 19.44 1213
04:20:57 test_streaming 1 5.42 19.44 1213
04:20:59 test_streaming 1 5.42 19.44 1213
04:21:01 test_streaming 1 5.42 19.44 1213
04:21:03 test_streaming 1 5.42 19.43 1213
04:21:05 test_streaming 1 5.42 19.43 1213
04:21:07 test_streaming 1 5.42 19.43 1213
04:21:09 test_streaming 1 5.42 19.43 1213
04:21:11 test_streaming 1 5.42 19.43 1213
04:21:13 test_streaming 1 5.42 19.43 1213
04:21:15 test_streaming 1 5.42 19.43 1213
04:21:17 test_streaming 1 5.42 19.43 1213
04:21:19 test_streaming 1 5.42 19.43 1213
04:21:21 test_streaming 1 5.42 19.43 1213
04:21:23 test_streaming 1 5.42 19.43 1213
04:21:25 test_streaming 1 5.42 19.43 1213
04:21:27 test_streaming 1 5.42 19.42 1213
04:21:29 test_streaming 1 5.43 19.43 1213
04:21:31 test_streaming 1 5.43 19.43 1213
04:21:33 test_streaming 1 5.43 19.43 1213
04:21:35 test_streaming 1 5.43 19.43 1213
04:21:37 test_streaming 1 5.43 19.43 1213
04:21:39 test_streaming 1 5.43 19.07 1213
04:21:41 test_streaming 1 5.43 19.03 1213
04:21:43 test_streaming 1 5.43 19.03 1213
04:21:45 test_streaming 1 5.43 19.03 1213
04:21:47 test_streaming 1 5.43 19.03 1213
04:21:49 test_streaming 1 5.43 19.02 1213
04:21:51 test_streaming 1 5.43 19.02 1213
04:21:53 test_streaming 1 5.43 19.02 1213
04:21:55 test_streaming 1 5.43 19.02 1213
04:21:57 test_streaming 1 5.43 19.02 1213
04:21:59 test_streaming 1 5.43 19.02 1213
04:22:01 test_streaming 1 5.43 18.84 1213
04:22:03 test_streaming 1 5.43 18.84 1213
04:22:05 test_streaming 1 5.43 18.87 1213
04:22:07 test_streaming 1 5.43 18.87 1213
04:22:09 test_streaming 1 5.43 18.86 1213
04:22:11 test_streaming 1 5.43 18.86 1213
04:22:13 test_streaming 1 5.43 18.86 1213
04:22:15 test_streaming 1 5.43 18.86 1213
04:22:17 test_streaming 1 5.43 18.72 1213
04:22:19 test_streaming 1 5.43 19.43 1213
04:22:21 test_streaming 1 5.43 19.42 1213
04:22:23 test_streaming 1 5.43 19.42 1213
04:22:25 test_streaming 1 5.43 19.42 1213
04:22:27 test_streaming 1 5.43 19.42 1213
04:22:29 test_streaming 1 5.43 19.42 1213
04:22:31 test_streaming 1 5.43 19.42 1213
04:22:33 test_streaming 1 5.43 19.42 1213
04:22:35 test_streaming 1 5.43 19.42 1213
04:22:37 test_streaming 1 5.43 19.42 1213
04:22:39 test_streaming 1 5.43 19.42 1213
04:22:41 test_streaming 1 5.43 19.42 1213
04:22:43 test_streaming 1 5.43 19.42 1213
04:22:45 test_streaming 1 5.43 19.41 1213
04:22:47 test_streaming 1 5.43 19.41 1213
04:22:49 test_streaming 1 5.43 19.41 1213
04:22:51 test_streaming 1 5.43 19.41 1213
04:22:53 test_streaming 1 5.43 19.41 1213
04:22:55 test_streaming 1 5.43 19.41 1213
04:22:57 test_streaming 1 5.43 19.40 1213
04:22:59 test_streaming 1 5.43 19.37 1213
04:23:01 test_streaming 1 5.43 19.37 1213
04:23:03 test_streaming 1 5.43 19.37 1213
04:23:05 test_streaming 1 5.43 19.37 1213
04:23:07 test_streaming 1 5.43 19.37 1213
04:23:09 test_streaming 1 5.43 19.38 1213
04:23:11 test_streaming 1 5.43 19.37 1213
04:23:13 test_streaming 1 5.43 19.36 1213
04:23:15 test_streaming 1 5.43 19.35 1213
04:23:17 test_streaming 1 5.43 19.35 1213
04:23:19 test_streaming 1 5.43 19.35 1213
04:23:21 test_streaming 1 5.43 19.35 1213
04:23:23 test_streaming 1 5.43 19.35 1213
04:23:25 test_streaming 1 5.43 19.38 1213
04:23:27 test_streaming 1 5.43 19.38 1213
04:23:29 test_streaming 1 5.43 19.38 1213
04:23:31 test_streaming 1 5.43 19.37 1213
04:23:33 test_streaming 1 5.43 19.37 1213
04:23:35 test_streaming 1 5.43 19.37 1213
04:23:37 test_streaming 1 5.43 19.37 1213
04:23:39 test_streaming 1 5.43 19.37 1213
04:23:41 test_streaming 1 5.43 19.37 1213
04:23:43 test_streaming 1 5.43 19.37 1213
04:23:45 test_streaming 1 5.43 19.37 1213
04:23:47 test_streaming 1 5.43 19.37 1213
04:23:49 test_streaming 1 5.43 19.37 1213
04:23:51 test_streaming 1 5.43 19.37 1213
04:23:53 test_streaming 1 5.43 19.37 1213
04:23:55 test_streaming 1 5.43 19.37 1213
04:23:57 test_streaming 1 5.43 19.37 1213
04:23:59 test_streaming 1 5.43 19.37 1213
04:24:01 test_streaming 1 5.43 19.37 1213
04:24:03 test_streaming 1 5.43 19.37 1213
04:24:05 test_streaming 1 5.43 19.37 1213
04:24:07 test_streaming 1 5.43 19.37 1213
04:24:09 test_streaming 1 5.43 19.37 1213
04:24:11 test_streaming 1 5.43 19.37 1213
04:24:13 test_streaming 1 5.43 19.37 1213
04:24:15 test_streaming 1 5.43 19.37 1213
04:24:17 test_streaming 1 5.43 19.37 1213
04:24:19 test_streaming 1 5.43 19.37 1213
04:24:21 test_streaming 1 5.43 19.37 1213
04:24:23 test_streaming 1 5.43 19.37 1213
04:24:25 test_streaming 1 5.43 19.37 1213
04:24:27 test_streaming 1 5.43 19.37 1213
04:24:29 test_streaming 1 5.43 19.37 1213
04:24:31 test_streaming 1 5.43 19.37 1213
04:24:33 test_streaming 1 5.43 19.37 1213
04:24:35 test_streaming 1 5.43 19.37 1213
04:24:37 test_streaming 1 5.43 19.37 1213
04:24:39 test_streaming 1 5.43 19.37 1329
04:24:41 test_streaming 1 5.43 19.37 1329
04:24:43 test_streaming 1 5.43 19.37 1329
04:24:45 test_streaming 1 5.43 19.36 1329
04:24:47 test_streaming 1 5.43 19.37 1329
04:24:49 test_streaming 1 5.43 19.35 1329
04:24:51 test_streaming 1 5.43 19.35 1329
04:24:53 test_streaming 1 5.43 19.35 1329
04:24:55 test_streaming 1 5.43 19.35 1329
04:24:57 test_streaming 1 5.43 19.35 1329
04:24:59 test_streaming 1 5.43 19.23 1329
04:25:01 test_streaming 1 5.43 19.37 1329
04:25:03 test_streaming 1 5.43 19.38 1329
04:25:05 test_streaming 1 5.43 19.37 1329
04:25:07 test_streaming 1 5.43 19.37 1329
04:25:09 test_streaming 1 5.43 19.37 1441
04:25:11 test_streaming 1 5.43 19.37 1441
04:25:13 test_streaming 1 5.43 19.37 1441
04:25:15 test_streaming 1 5.43 19.37 1441
04:25:17 test_streaming 1 5.43 19.37 1441
04:25:19 test_streaming 1 5.43 19.38 1441
04:25:21 test_streaming 1 5.43 19.38 1441
04:25:23 test_streaming 1 5.43 19.38 1441
04:25:25 test_streaming 1 5.43 19.38 1441
04:25:27 test_streaming 1 5.43 19.38 1441
04:25:29 test_streaming 1 5.43 19.38 1441
04:25:31 test_streaming 1 5.43 19.38 1441
04:25:33 test_streaming 1 5.43 19.38 1441
04:25:35 test_streaming 1 5.43 19.38 1441
04:25:37 test_streaming 1 5.43 19.38 1441
04:25:39 test_streaming 1 5.43 19.36 1441
04:25:41 test_streaming 1 5.43 19.36 1441
04:25:43 test_streaming 1 5.43 19.36 1441
04:25:45 test_streaming 1 5.43 19.36 1441
04:25:47 test_streaming 1 5.43 19.38 1441
04:25:49 test_streaming 1 5.43 19.37 1441
04:25:51 test_streaming 1 5.43 19.38 1441
04:25:53 test_streaming 1 5.43 19.38 1441
04:25:55 test_streaming 1 5.43 19.38 1441
04:25:57 test_streaming 1 5.43 19.38 1441
04:25:59 test_streaming 1 5.43 19.37 1441
04:26:01 test_streaming 1 5.43 19.37 1441
04:26:03 test_streaming 1 5.43 19.37 1441
04:26:05 test_streaming 1 5.43 19.36 1441
04:26:07 test_streaming 1 5.43 19.36 1441
04:26:09 test_streaming 1 5.43 19.36 1441
04:26:11 test_streaming 1 5.43 19.36 1441
04:26:13 test_streaming 1 5.43 19.36 1441
04:26:15 test_streaming 1 5.43 19.36 1441
04:26:17 test_streaming 1 5.43 19.36 1441
04:26:19 test_streaming 1 5.43 19.38 1441
04:26:21 test_streaming 1 5.43 19.37 1441
04:26:23 test_streaming 1 5.43 19.37 1441
04:26:25 test_streaming 1 5.43 19.37 1441
04:26:27 test_streaming 1 5.43 19.37 1441
04:26:29 test_streaming 1 5.43 19.37 1441
04:26:31 test_streaming 1 5.43 19.36 1441
04:26:33 test_streaming 1 5.43 19.36 1441
04:26:35 test_streaming 1 5.43 19.36 1441
04:26:37 test_streaming 1 5.43 19.38 1441
04:26:39 test_streaming 1 5.43 19.37 1441
04:26:41 test_streaming 1 5.43 19.37 1441
04:26:43 test_streaming 1 5.43 19.37 1441
04:26:45 test_streaming 1 5.43 19.37 1441
04:26:47 test_streaming 1 5.43 19.37 1441
04:26:49 test_streaming 1 5.43 19.37 1441
04:26:51 test_streaming 1 5.43 19.37 1441
04:26:53 test_streaming 1 5.43 19.37 1441
04:26:55 test_streaming 1 5.43 19.37 1441
04:26:57 test_streaming 1 5.43 19.37 1441
04:26:59 test_streaming 1 5.43 19.38 1441
04:27:01 test_streaming 1 5.43 19.38 1441
04:27:03 test_streaming 1 5.43 19.38 1441
04:27:05 test_streaming 1 5.43 19.38 1441
04:27:07 test_streaming 1 5.43 19.37 1441
04:27:09 test_streaming 1 5.43 19.37 1441
04:27:11 test_streaming 1 5.43 19.37 1441
04:27:13 test_streaming 1 5.43 19.36 1441
04:27:15 test_streaming 1 5.43 19.36 1441
04:27:17 test_streaming 1 5.43 19.36 1441
04:27:19 test_streaming 1 5.43 19.36 1441
04:27:21 test_streaming 1 5.43 19.36 1441
04:27:23 test_streaming 1 5.43 19.36 1441
04:27:25 test_streaming 1 5.43 19.36 1441
04:27:27 test_streaming 1 5.43 19.36 1441
04:27:29 test_streaming 1 5.43 19.36 1441
04:27:31 test_streaming 1 5.43 19.36 1441
04:27:33 test_streaming 1 5.43 19.36 1441
04:27:35 test_streaming 1 5.43 19.36 1441
04:27:37 test_streaming 1 5.43 19.36 1441
04:27:39 test_streaming 1 5.43 19.36 1441
04:27:41 test_streaming 1 5.43 19.36 1441
04:27:43 test_streaming 1 5.43 19.36 1441
04:27:45 test_streaming 1 5.43 19.36 1441
04:27:47 test_streaming 1 5.43 19.36 1441
04:27:49 test_streaming 1 5.43 19.36 1441
04:27:51 test_streaming 1 5.43 19.36 1441
04:27:53 test_streaming 1 5.43 19.36 1441
04:27:55 test_streaming 1 5.43 19.36 1441
04:27:57 test_streaming 1 5.43 19.36 1543
04:27:59 test_streaming 1 5.43 19.36 1543
04:28:01 test_streaming 1 5.43 19.38 1543
04:28:03 test_streaming 1 5.43 19.38 1543
04:28:05 test_streaming 1 5.43 19.38 1543
04:28:07 test_streaming 1 5.43 19.37 1543
04:28:09 test_streaming 1 5.43 19.37 1543
04:28:11 test_streaming 1 5.43 19.37 1543
04:28:13 test_streaming 1 5.43 19.37 1543
04:28:15 test_streaming 1 5.43 19.37 1543
04:28:17 test_streaming 1 5.43 19.37 1543
04:28:19 test_streaming 1 5.43 19.37 1543
04:28:21 test_streaming 1 5.43 19.37 1543
04:28:23 test_streaming 1 5.43 19.37 1543
04:28:25 test_streaming 1 5.43 19.36 1543
04:28:27 test_streaming 1 5.43 19.37 1543
04:28:29 test_streaming 1 5.43 19.36 1543
04:28:31 test_streaming 1 5.43 19.36 1543
04:28:33 test_streaming 1 5.43 19.36 1543
04:28:35 test_streaming 1 5.43 19.36 1543
04:28:37 test_streaming 1 5.43 19.36 1543
04:28:39 test_streaming 1 5.43 19.36 1543
04:28:41 test_streaming 1 5.43 19.36 1543
04:28:43 test_streaming 1 5.43 19.36 1543
04:28:45 test_streaming 1 5.43 19.36 1543
04:28:47 test_streaming 1 5.43 19.36 1543
04:28:49 test_streaming 1 5.43 19.36 1543
04:28:51 test_streaming 1 5.43 19.82 1543
04:28:53 test_streaming 1 5.43 19.22 1543
04:28:55 test_streaming 1 5.43 19.28 1543
04:28:57 test_streaming 1 5.43 19.28 1543
04:28:59 test_streaming 1 5.43 19.28 1543
04:29:01 test_streaming 1 5.43 19.28 1543
04:29:03 test_streaming 1 5.43 19.28 1543
04:29:05 test_streaming 1 5.43 19.21 1543
04:29:07 test_streaming 1 5.43 19.41 1543
04:29:09 test_streaming 1 5.43 19.41 1543
04:29:11 test_streaming 1 5.43 19.41 1543
04:29:13 test_streaming 1 5.43 19.41 1543
04:29:15 test_streaming 1 5.43 19.41 1543
04:29:17 test_streaming 1 5.43 19.40 1543
04:29:19 test_streaming 1 5.68 19.15 1543
04:29:21 test_streaming 1 5.90 18.96 1543
04:29:23 test_streaming 1 5.91 18.94 1543
04:29:25 test_streaming 1 5.92 18.93 1543
04:29:27 test_streaming 1 5.94 18.91 1543
04:29:29 test_streaming 1 5.94 18.91 1543
04:29:31 test_streaming 1 5.94 18.91 1543
04:29:33 test_streaming 1 5.94 18.91 1543
04:29:35 test_streaming 1 5.94 18.91 1543
04:29:37 test_streaming 1 5.94 18.91 1543
04:29:39 test_streaming 1 5.95 18.89 1543
04:29:41 test_streaming 1 5.95 18.90 1543
04:29:43 test_streaming 1 5.95 18.90 1543
04:29:45 test_streaming 1 5.95 18.90 1632
04:29:47 test_streaming 1 5.95 18.90 1632
04:29:49 test_streaming 1 5.95 18.89 1632
04:29:51 test_streaming 1 5.95 18.90 1632
04:29:53 test_streaming 1 5.95 18.90 1632
04:29:55 test_streaming 1 5.95 18.89 1632
04:29:57 test_streaming 1 5.95 18.89 1632
04:29:59 test_streaming 1 5.95 18.89 1632
04:30:01 test_streaming 1 5.95 18.89 1632
04:30:03 test_streaming 1 5.95 18.89 1632
04:30:05 test_streaming 1 5.95 18.89 1632
04:30:07 test_streaming 1 5.95 18.89 1632
04:30:09 test_streaming 1 5.95 18.89 1632
04:30:11 test_streaming 1 5.95 18.89 1632
04:30:13 test_streaming 1 5.95 18.90 1632
04:30:15 test_streaming 1 5.95 18.90 1632
04:30:17 test_streaming 1 5.95 18.90 1632
04:30:19 test_streaming 1 5.95 18.90 1632
04:30:21 test_streaming 1 5.95 18.90 1632
04:30:23 test_streaming 1 5.95 18.90 1632
04:30:25 test_streaming 1 5.95 18.90 1632
04:30:27 test_streaming 1 5.95 18.90 1632
04:30:29 test_streaming 1 5.95 18.90 1632
04:30:31 test_streaming 1 5.95 18.90 1632
04:30:33 test_streaming 1 5.95 18.91 1632
04:30:35 test_streaming 1 5.95 18.90 1632
04:30:37 test_streaming 1 5.95 18.90 1632
04:30:39 test_streaming 1 5.95 18.90 1632
04:30:41 test_streaming 1 5.95 18.90 1632
04:30:43 test_streaming 1 5.95 18.91 1632
04:30:45 test_streaming 1 5.95 18.91 1632
04:30:47 test_streaming 1 5.95 18.91 1632
04:30:49 test_streaming 1 5.95 18.91 1632
04:30:51 test_streaming 1 5.95 18.91 1632
04:30:53 test_streaming 1 5.95 18.91 1632
04:30:55 test_streaming 1 5.95 18.91 1632
04:30:57 test_streaming 1 5.95 18.91 1632
04:30:59 test_streaming 1 5.95 18.91 1632
04:31:01 test_streaming 1 5.95 18.90 1727
04:31:03 test_streaming 1 5.95 18.91 1727
04:31:05 test_streaming 1 5.93 18.92 1918
04:31:07 test_streaming 1 0.24 24.63 1919
04:31:09 test_streaming 1 0.30 24.56 1919
04:31:11 test_terrain_lod 1 0.30 24.56 1942
04:31:13 test_terrain_lod 1 0.30 24.56 1942
04:31:15 test_terrain_lod 1 0.30 24.56 1942
04:31:17 test_terrain_lod 1 0.30 24.56 1942
04:31:19 test_terrain_lod 1 0.30 24.55 1942
04:31:21 test_terrain_lod 1 0.30 24.55 1942
04:31:23 test_terrain_lod 1 0.32 24.54 1942
04:31:25 test_terrain_lod 1 0.36 24.50 1942
04:31:27 test_terrain_lod 1 0.51 24.34 1942
04:31:29 test_terrain_lod 1 0.72 24.14 1942
04:31:31 test_terrain_lod 1 0.86 24.00 1942
04:31:33 test_terrain_lod 1 0.87 23.99 1942
04:31:35 test_terrain_lod 1 1.32 23.54 1942
04:31:37 test_terrain_lod 1 1.63 23.23 1942
04:31:39 test_terrain_lod 1 1.74 23.11 1942
04:31:41 test_terrain_lod 1 1.82 23.03 1942
04:31:43 test_terrain_lod 1 2.35 22.50 1942
04:31:45 test_terrain_lod 1 2.54 22.31 1942
04:31:47 test_terrain_lod 1 2.71 22.14 1942
04:31:49 test_terrain_lod 1 3.08 21.77 1942
04:31:51 test_terrain_lod 1 3.25 21.60 1942
04:31:53 test_terrain_lod 1 3.58 21.27 1942
04:31:55 test_terrain_lod 1 3.85 21.00 1942
04:31:57 test_terrain_lod 1 4.11 20.73 1942
04:31:59 test_terrain_lod 1 4.31 20.53 1942
04:32:01 test_terrain_lod 1 4.51 20.33 1942
04:32:03 test_terrain_lod 1 4.53 20.31 1942
04:32:05 test_terrain_lod 1 4.60 20.24 1942
04:32:07 test_terrain_lod 1 4.83 20.01 1942
04:32:09 test_terrain_lod 1 4.95 19.88 1942
04:32:11 test_terrain_lod 1 4.99 19.84 1942
04:32:13 test_terrain_lod 1 5.01 19.83 1942
04:32:15 test_terrain_lod 1 5.01 19.83 1942
04:32:17 test_terrain_lod 1 5.01 19.83 1942
04:32:19 test_terrain_lod 1 5.02 19.83 1942
04:32:21 test_terrain_lod 1 5.02 19.83 1942
04:32:23 test_terrain_lod 1 5.02 19.83 1942
04:32:25 test_terrain_lod 1 5.02 19.83 1942
04:32:27 test_terrain_lod 1 5.03 19.82 1942
04:32:29 test_terrain_lod 1 5.03 19.82 1942
04:32:31 test_terrain_lod 1 5.23 19.61 1942
04:32:33 test_terrain_lod 1 5.25 19.59 1942
04:32:35 test_terrain_lod 1 5.26 19.58 1942
04:32:37 test_terrain_lod 1 5.36 19.42 1942
04:32:39 test_terrain_lod 1 5.34 19.50 2034
04:32:41 test_terrain_lod 1 5.34 19.50 2034
04:32:43 test_terrain_lod 1 5.47 19.37 2034
04:32:45 test_terrain_lod 1 5.56 19.28 2034
04:32:47 test_terrain_lod 1 5.57 19.31 2034
04:32:49 test_terrain_lod 1 5.57 19.31 2034
04:32:51 test_terrain_lod 1 5.57 19.37 2034
04:32:53 test_terrain_lod 1 5.57 19.29 2034
04:32:55 test_terrain_lod 1 5.58 19.68 2034
04:32:57 test_terrain_lod 1 5.58 19.30 2034
04:32:59 test_terrain_lod 1 5.58 19.36 2034
04:33:01 test_terrain_lod 1 5.58 19.35 2034
04:33:03 test_terrain_lod 1 5.58 19.34 2034
04:33:05 test_terrain_lod 1 5.59 19.33 2034
04:33:07 test_terrain_lod 1 5.58 19.33 2034
04:33:09 test_terrain_lod 1 5.58 19.33 2034
04:33:11 test_terrain_lod 1 5.58 19.33 2034
04:33:13 test_terrain_lod 1 5.59 19.32 2034
04:33:15 test_terrain_lod 1 5.59 19.32 2034
04:33:17 test_terrain_lod 1 5.59 19.32 2034
04:33:19 test_terrain_lod 1 5.59 19.32 2034
04:33:21 test_terrain_lod 1 5.68 19.22 2034
04:33:23 test_terrain_lod 1 5.66 19.24 2034
04:33:25 test_terrain_lod 1 5.66 19.24 2034
04:33:27 test_terrain_lod 1 5.66 19.23 2034
04:33:29 test_terrain_lod 1 5.66 19.23 2034
04:33:31 test_terrain_lod 1 5.66 19.23 2034
04:33:33 test_terrain_lod 1 5.66 19.23 2034
04:33:35 test_terrain_lod 1 5.76 19.12 2034
04:33:37 test_terrain_lod 1 5.78 19.10 2034
04:33:39 test_terrain_lod 1 5.79 19.10 2034
04:33:41 test_terrain_lod 1 5.78 19.10 2034
04:33:44 test_terrain_lod 1 5.78 19.09 2034
04:33:46 test_terrain_lod 1 5.78 19.08 2034
04:33:48 test_terrain_lod 1 5.78 19.10 2034
04:33:50 test_terrain_lod 1 5.78 19.10 2034
04:33:52 test_terrain_lod 1 5.79 19.10 2034
04:33:54 test_terrain_lod 1 5.78 19.10 2034
04:33:56 test_terrain_lod 1 5.78 19.10 2034
04:33:58 test_terrain_lod 1 5.80 19.09 2034
04:34:00 test_terrain_lod 1 5.80 19.08 2034
04:34:02 test_terrain_lod 1 5.80 19.09 2034
04:34:04 test_terrain_lod 1 5.80 19.09 2034
04:34:06 test_terrain_lod 1 5.80 19.09 2034
04:34:08 test_terrain_lod 1 5.80 19.09 2034
04:34:10 test_terrain_lod 1 5.80 19.09 2034
04:34:12 test_terrain_lod 1 5.80 19.09 2034
04:34:14 test_terrain_lod 1 5.80 19.09 2034
04:34:16 test_terrain_lod 1 5.80 19.09 2034
04:34:18 test_terrain_lod 1 5.80 19.08 2034
04:34:20 test_terrain_lod 1 5.80 19.08 2133
04:34:22 test_terrain_lod 1 5.80 19.08 2133
04:34:24 test_terrain_lod 1 5.80 19.08 2133
04:34:26 test_terrain_lod 1 5.80 19.08 2133
04:34:28 test_terrain_lod 1 5.80 19.08 2133
04:34:30 test_terrain_lod 1 5.80 19.08 2133
04:34:32 test_terrain_lod 1 5.80 19.08 2133
04:34:34 test_terrain_lod 1 5.80 19.08 2133
04:34:36 test_terrain_lod 1 5.80 19.08 2133
04:34:38 test_terrain_lod 1 5.80 19.08 2133
04:34:40 test_terrain_lod 1 5.80 19.08 2133
04:34:42 test_terrain_lod 1 5.80 19.08 2133
04:34:44 test_terrain_lod 1 5.80 19.07 2133
04:34:46 test_terrain_lod 1 5.80 19.07 2133
04:34:48 test_terrain_lod 1 5.88 18.99 2133
04:34:50 test_terrain_lod 1 5.80 19.06 2247
04:34:52 test_terrain_lod 1 5.80 19.06 2247
04:34:54 test_terrain_lod 1 5.81 19.05 2247
04:34:56 test_terrain_lod 1 6.06 18.80 2247
04:34:58 test_terrain_lod 1 6.08 18.78 2247
04:35:00 test_terrain_lod 1 6.09 18.77 2247
04:35:02 test_terrain_lod 1 6.09 18.77 2247
04:35:04 test_terrain_lod 1 6.09 18.79 2247
04:35:06 test_terrain_lod 1 6.09 18.79 2247
04:35:08 test_terrain_lod 1 6.09 18.79 2247
04:35:10 test_terrain_lod 1 6.09 18.79 2247
04:35:12 test_terrain_lod 1 6.09 18.79 2247
04:35:14 test_terrain_lod 1 6.09 18.79 2247
04:35:16 test_terrain_lod 1 6.09 18.79 2247
04:35:18 test_terrain_lod 1 6.09 18.79 2247
04:35:20 test_terrain_lod 1 6.09 18.79 2247
04:35:22 test_terrain_lod 1 6.09 18.79 2247
04:35:24 test_terrain_lod 1 6.09 18.79 2247
04:35:26 test_terrain_lod 1 6.18 18.70 2247
04:35:28 test_terrain_lod 1 6.15 18.72 2247
04:35:30 test_terrain_lod 1 6.15 18.72 2247
04:35:32 test_terrain_lod 1 6.15 18.72 2247
04:35:34 test_terrain_lod 1 6.15 18.72 2247
04:35:36 test_terrain_lod 1 6.15 18.72 2247
04:35:38 test_terrain_lod 1 6.09 18.78 2247
04:35:40 test_terrain_lod 1 6.09 18.77 2247
04:35:42 test_terrain_lod 1 6.09 18.78 2247
04:35:44 test_terrain_lod 1 6.09 18.78 2247
04:35:46 test_terrain_lod 1 6.09 18.78 2247
04:35:48 test_terrain_lod 1 6.09 18.78 2247
04:35:50 test_terrain_lod 1 6.09 18.78 2247
04:35:52 test_terrain_lod 1 6.09 18.78 2247
04:35:54 test_terrain_lod 1 6.09 18.77 2247
04:35:56 test_terrain_lod 1 6.09 18.77 2247
04:35:58 test_terrain_lod 1 6.10 18.77 2247
04:36:00 test_terrain_lod 1 6.10 18.77 2247
04:36:02 test_terrain_lod 1 6.10 18.78 2247
04:36:04 test_terrain_lod 1 6.10 18.78 2247
04:36:06 test_terrain_lod 1 6.10 18.78 2247
04:36:08 test_terrain_lod 1 6.10 18.78 2247
04:36:10 test_terrain_lod 1 6.10 18.78 2247
04:36:12 test_terrain_lod 1 6.10 18.78 2247
04:36:14 test_terrain_lod 1 6.32 18.55 2247
04:36:16 test_terrain_lod 1 6.58 18.29 2247
04:36:18 test_terrain_lod 1 6.59 18.28 2247
04:36:20 test_terrain_lod 1 6.61 18.26 2247
04:36:22 test_terrain_lod 1 6.61 18.26 2247
04:36:24 test_terrain_lod 1 6.61 18.26 2247
04:36:26 test_terrain_lod 1 6.61 18.26 2349
04:36:28 test_terrain_lod 1 6.61 18.26 2349
04:36:30 test_terrain_lod 1 6.61 18.26 2349
04:36:32 test_terrain_lod 1 6.61 18.26 2349
04:36:34 test_terrain_lod 1 6.61 18.26 2349
04:36:36 test_terrain_lod 1 6.61 18.27 2349
04:36:38 test_terrain_lod 1 6.61 18.27 2349
04:36:40 test_terrain_lod 1 6.61 18.27 2349
04:36:42 test_terrain_lod 1 6.61 18.26 2349
04:36:44 test_terrain_lod 1 6.61 18.26 2349
04:36:46 test_terrain_lod 1 6.69 18.18 2349
04:36:48 test_terrain_lod 1 6.67 18.20 2349
04:36:50 test_terrain_lod 1 6.67 18.21 2349
04:36:52 test_terrain_lod 1 6.67 18.20 2349
04:36:54 test_terrain_lod 1 6.67 18.20 2349
04:36:56 test_terrain_lod 1 6.66 18.20 2349
04:36:58 test_terrain_lod 1 6.66 18.21 2349
04:37:00 test_terrain_lod 1 6.66 18.21 2349
04:37:02 test_terrain_lod 1 6.66 18.21 2349
04:37:04 test_terrain_lod 1 6.66 18.20 2349
04:37:06 test_terrain_lod 1 6.66 18.20 2349
04:37:08 test_terrain_lod 1 6.66 18.21 2349
04:37:10 test_terrain_lod 1 6.66 18.21 2349
04:37:12 test_terrain_lod 1 6.66 18.21 2349
04:37:14 test_terrain_lod 1 6.66 18.21 2349
04:37:16 test_terrain_lod 1 6.66 18.21 2349
04:37:18 test_terrain_lod 1 6.66 18.21 2349
04:37:20 test_terrain_lod 1 6.61 18.27 2349
04:37:22 test_terrain_lod 1 6.61 18.27 2349
04:37:24 test_terrain_lod 1 6.61 18.27 2349
04:37:26 test_terrain_lod 1 6.61 18.27 2349
04:37:28 test_terrain_lod 1 6.61 18.27 2349
04:37:30 test_terrain_lod 1 6.61 18.27 2349
04:37:32 test_terrain_lod 1 6.61 18.27 2349
04:37:34 test_terrain_lod 1 6.61 18.26 2349
04:37:36 test_terrain_lod 1 6.61 18.26 2349
04:37:38 test_terrain_lod 1 6.61 18.26 2349
04:37:40 test_terrain_lod 1 6.61 18.26 2349
04:37:42 test_terrain_lod 1 6.61 18.26 2349
04:37:44 test_terrain_lod 1 6.61 18.26 2349
04:37:46 test_terrain_lod 1 6.61 18.26 2349
04:37:48 test_terrain_lod 1 6.61 18.26 2349
04:37:50 test_terrain_lod 1 6.61 18.25 2349
04:37:52 test_terrain_lod 1 6.61 18.25 2349
04:37:54 test_terrain_lod 1 6.61 18.25 2349
04:37:56 test_terrain_lod 1 6.61 18.25 2349
04:37:58 test_terrain_lod 1 6.61 18.25 2349
04:38:00 test_terrain_lod 1 6.61 18.25 2349
04:38:02 test_terrain_lod 1 6.84 18.03 2349
04:38:04 test_terrain_lod 1 6.86 18.01 2349
04:38:06 test_terrain_lod 1 6.87 18.00 2349
04:38:08 test_terrain_lod 1 7.10 17.78 2349
04:38:10 test_terrain_lod 1 7.11 17.76 2349
04:38:12 test_terrain_lod 1 7.13 17.74 2349
04:38:14 test_terrain_lod 1 7.13 17.74 2349
04:38:16 test_terrain_lod 1 7.13 17.74 2349
04:38:18 test_terrain_lod 1 7.13 17.74 2349
04:38:20 test_terrain_lod 1 7.13 17.74 2349
04:38:22 test_terrain_lod 1 7.13 17.74 2349
04:38:24 test_terrain_lod 1 7.13 17.74 2349
04:38:26 test_terrain_lod 1 7.13 17.74 2349
04:38:28 test_terrain_lod 1 7.13 17.74 2349
04:38:30 test_terrain_lod 1 7.13 17.74 2349
04:38:32 test_terrain_lod 1 7.13 17.74 2349
04:38:34 test_terrain_lod 1 7.13 17.74 2349
04:38:36 test_terrain_lod 1 7.13 17.74 2349
04:38:38 test_terrain_lod 1 7.13 17.74 2349
04:38:40 test_terrain_lod 1 7.13 17.74 2349
04:38:42 test_terrain_lod 1 7.13 17.74 2349
04:38:44 test_terrain_lod 1 7.13 17.74 2349
04:38:46 test_terrain_lod 1 7.13 17.74 2349
04:38:48 test_terrain_lod 1 7.13 17.74 2349
04:38:50 test_terrain_lod 1 7.13 17.74 2349
04:38:52 test_terrain_lod 1 7.14 17.73 2349
04:38:54 test_terrain_lod 1 7.14 17.73 2349
04:38:56 test_terrain_lod 1 7.14 17.73 2349
04:38:58 test_terrain_lod 1 7.14 17.72 2349
04:39:00 test_terrain_lod 1 7.14 17.72 2349
04:39:02 test_terrain_lod 1 7.14 17.72 2349
04:39:04 test_terrain_lod 1 7.14 17.72 2349
04:39:06 test_terrain_lod 1 7.14 17.71 2349
04:39:08 test_terrain_lod 1 7.14 17.72 2349
04:39:10 test_terrain_lod 1 7.14 17.73 2349
04:39:12 test_terrain_lod 1 7.14 17.72 2349
04:39:14 test_terrain_lod 1 7.14 17.72 2349
04:39:16 test_terrain_lod 1 7.14 17.72 2349
04:39:18 test_terrain_lod 1 7.14 17.72 2349
04:39:20 test_terrain_lod 1 7.14 17.72 2349
04:39:22 test_terrain_lod 1 7.17 17.70 2349
04:39:24 test_terrain_lod 1 7.19 17.68 2349
04:39:26 test_terrain_lod 1 7.19 17.68 2349
04:39:28 test_terrain_lod 1 7.19 17.67 2349
04:39:30 test_terrain_lod 1 7.19 17.67 2349
04:39:32 test_terrain_lod 1 7.19 17.67 2349
04:39:34 test_terrain_lod 1 7.20 17.66 2349
04:39:36 test_terrain_lod 1 7.20 17.66 2349
04:39:38 test_terrain_lod 1 7.20 17.66 2349
04:39:40 test_terrain_lod 1 7.20 17.66 2349
04:39:42 test_terrain_lod 1 7.21 17.65 2349
04:39:44 test_terrain_lod 1 7.21 17.65 2349
04:39:46 test_terrain_lod 1 7.21 17.65 2349
04:39:48 test_terrain_lod 1 7.21 17.65 2349
04:39:50 test_terrain_lod 1 7.20 17.66 2349
04:39:52 test_terrain_lod 1 7.20 17.66 2349
04:39:54 test_terrain_lod 1 7.21 17.66 2349
04:39:56 test_terrain_lod 1 7.21 17.66 2349
04:39:58 test_terrain_lod 1 7.21 17.66 2349
04:40:00 test_terrain_lod 1 7.21 17.66 2349
04:40:02 test_terrain_lod 1 7.21 17.66 2349
04:40:04 test_terrain_lod 1 7.21 17.66 2349
04:40:06 test_terrain_lod 1 7.21 17.66 2349
04:40:08 test_terrain_lod 1 7.21 17.66 2349
04:40:10 test_terrain_lod 1 7.21 17.65 2349
04:40:12 test_terrain_lod 1 7.21 17.65 2349
04:40:14 test_terrain_lod 1 7.21 17.65 2349
04:40:16 test_terrain_lod 1 7.21 17.65 2349
04:40:18 test_terrain_lod 1 7.21 17.65 2349
04:40:20 test_terrain_lod 1 7.21 17.64 2349
04:40:22 test_terrain_lod 1 7.21 17.65 2349
04:40:24 test_terrain_lod 1 7.21 17.64 2349
04:40:26 test_terrain_lod 1 7.25 17.61 2349
04:40:28 test_terrain_lod 1 7.28 17.59 2349
04:40:30 test_terrain_lod 1 7.28 17.58 2349
04:40:32 test_terrain_lod 1 7.28 17.58 2349
04:40:34 test_terrain_lod 1 7.28 17.58 2349
04:40:36 test_terrain_lod 1 7.28 17.54 2349
04:40:38 test_terrain_lod 1 7.28 17.58 2349
04:40:40 test_terrain_lod 1 7.28 17.58 2349
04:40:42 test_terrain_lod 1 7.28 17.58 2349
04:40:44 test_terrain_lod 1 7.28 17.90 2349
04:40:46 test_terrain_lod 1 7.28 17.63 2349
04:40:48 test_terrain_lod 1 7.28 17.63 2349
04:40:50 test_terrain_lod 1 7.28 17.96 2349
04:40:52 test_terrain_lod 1 7.28 17.65 2349
04:40:54 test_terrain_lod 1 7.28 17.64 2349
04:40:56 test_terrain_lod 1 7.28 17.64 2349
04:40:58 test_terrain_lod 1 7.28 17.64 2349
04:41:00 test_terrain_lod 1 7.21 17.70 2349
04:41:02 test_terrain_lod 1 7.21 17.69 2349
04:41:04 test_terrain_lod 1 7.21 17.70 2349
04:41:06 test_terrain_lod 1 7.21 17.70 2349
04:41:08 test_terrain_lod 1 7.21 17.70 2349
04:41:10 test_terrain_lod 1 7.21 17.70 2349
04:41:12 test_terrain_lod 1 7.21 17.69 2349
04:41:14 test_terrain_lod 1 7.21 17.69 2349
04:41:16 test_terrain_lod 1 7.25 17.64 2349
04:41:18 test_terrain_lod 1 7.33 17.55 2349
04:41:20 test_terrain_lod 1 7.35 17.54 2349
04:41:22 test_terrain_lod 1 7.35 17.53 2349
04:41:24 test_terrain_lod 1 7.35 17.53 2349
04:41:26 test_terrain_lod 1 7.35 17.54 2349
04:41:28 test_terrain_lod 1 7.35 17.53 2349
04:41:30 test_terrain_lod 1 7.35 17.52 2349
04:41:32 test_terrain_lod 1 7.35 17.54 2349
04:41:34 test_terrain_lod 1 7.40 17.48 2349
04:41:36 test_terrain_lod 1 7.43 17.46 2349
04:41:38 test_terrain_lod 1 7.43 17.46 2349
04:41:40 test_terrain_lod 1 7.43 17.46 2349
04:41:42 test_terrain_lod 1 7.43 17.45 2349
04:41:44 test_terrain_lod 1 7.43 17.45 2349
04:41:46 test_terrain_lod 1 7.43 17.46 2349
04:41:48 test_terrain_lod 1 7.43 17.46 2349
04:41:50 test_terrain_lod 1 7.43 17.46 2349
04:41:52 test_terrain_lod 1 7.43 17.46 2349
04:41:54 test_terrain_lod 1 7.43 17.45 2349
04:41:56 test_terrain_lod 1 7.43 17.45 2349
04:41:58 test_terrain_lod 1 7.43 17.45 2349
04:42:00 test_terrain_lod 1 7.43 17.45 2349
04:42:02 test_terrain_lod 1 7.70 17.19 2349
04:42:04 test_terrain_lod 1 7.74 17.14 2349
04:42:06 test_terrain_lod 1 8.15 16.74 2349
04:42:08 test_terrain_lod 1 8.41 16.47 2349
04:42:10 test_terrain_lod 1 8.42 16.46 2349
04:42:12 test_terrain_lod 1 8.44 16.45 2349
04:42:14 test_terrain_lod 1 8.45 16.44 2349
04:42:16 test_terrain_lod 1 8.45 16.44 2349
04:42:18 test_terrain_lod 1 8.45 16.43 2349
04:42:20 test_terrain_lod 1 8.45 16.44 2349
04:42:22 test_terrain_lod 1 8.45 16.44 2349
04:42:24 test_terrain_lod 1 8.45 16.44 2349
04:42:26 test_terrain_lod 1 8.45 16.44 2349
04:42:28 test_terrain_lod 1 8.45 16.44 2349
04:42:30 test_terrain_lod 1 8.45 16.44 2349
04:42:32 test_terrain_lod 1 8.45 16.44 2349
04:42:34 test_terrain_lod 1 8.45 16.43 2349
04:42:36 test_terrain_lod 1 8.45 16.43 2349
04:42:38 test_terrain_lod 1 8.45 16.43 2349
04:42:40 test_terrain_lod 1 8.45 16.43 2349
04:42:42 test_terrain_lod 1 8.45 16.42 2349
04:42:44 test_terrain_lod 1 8.45 16.43 2349
04:42:46 test_terrain_lod 1 8.44 16.44 2349
04:42:48 test_terrain_lod 1 8.44 16.44 2349
04:42:50 test_terrain_lod 1 8.44 16.43 2349
04:42:52 test_terrain_lod 1 8.44 16.43 2349
04:42:54 test_terrain_lod 1 8.44 16.43 2349
04:42:56 test_terrain_lod 1 8.44 16.44 2349
04:42:58 test_terrain_lod 1 8.44 16.43 2349
04:43:00 test_terrain_lod 1 8.44 16.43 2349
04:43:02 test_terrain_lod 1 8.44 16.43 2349
04:43:04 test_terrain_lod 1 8.44 16.43 2349
04:43:06 test_terrain_lod 1 8.44 16.43 2349
04:43:08 test_terrain_lod 1 8.44 16.43 2349
04:43:10 test_terrain_lod 1 8.44 16.43 2349
04:43:12 test_terrain_lod 1 8.44 16.43 2349
04:43:14 test_terrain_lod 1 8.44 16.43 2349
04:43:16 test_terrain_lod 1 8.44 16.43 2349
04:43:18 test_terrain_lod 1 8.44 16.43 2349
04:43:20 test_terrain_lod 1 8.45 16.42 2349
04:43:22 test_terrain_lod 1 8.45 16.42 2349
04:43:24 test_terrain_lod 1 8.45 16.42 2349
04:43:26 test_terrain_lod 1 8.45 16.42 2349
04:43:28 test_terrain_lod 1 8.45 16.43 2349
04:43:30 test_terrain_lod 1 8.45 16.43 2349
04:43:32 test_terrain_lod 1 8.45 16.43 2349
04:43:34 test_terrain_lod 1 8.45 16.43 2349
04:43:36 test_terrain_lod 1 8.45 16.43 2349
04:43:38 test_terrain_lod 1 8.45 16.43 2349
04:43:40 test_terrain_lod 1 8.45 16.43 2349
04:43:42 test_terrain_lod 1 8.45 16.43 2349
04:43:44 test_terrain_lod 1 8.45 16.43 2349
04:43:46 test_terrain_lod 1 8.45 16.43 2349
04:43:48 test_terrain_lod 1 8.45 16.43 2349
04:43:50 test_terrain_lod 1 8.45 16.42 2349
04:43:52 test_terrain_lod 1 8.45 16.42 2349
04:43:54 test_terrain_lod 1 8.45 16.42 2349
04:43:56 test_terrain_lod 1 8.45 16.42 2349
04:43:58 test_terrain_lod 1 8.45 16.42 2349
04:44:00 test_terrain_lod 1 8.45 16.42 2349
04:44:02 test_terrain_lod 1 8.45 16.42 2349
04:44:04 test_terrain_lod 1 8.45 16.42 2349
04:44:06 test_terrain_lod 1 8.45 16.42 2349
04:44:08 test_terrain_lod 1 8.45 16.42 2349
04:44:10 test_terrain_lod 1 8.45 16.42 2349
04:44:12 test_terrain_lod 1 8.45 16.43 2349
04:44:14 test_terrain_lod 1 8.45 16.43 2349
04:44:16 test_terrain_lod 1 8.45 16.42 2349
04:44:18 test_terrain_lod 1 8.45 16.43 2349
04:44:20 test_terrain_lod 1 8.45 16.42 2349
04:44:22 test_terrain_lod 1 8.45 16.42 2349
04:44:24 test_terrain_lod 1 8.45 16.41 2349
04:44:26 test_terrain_lod 1 8.45 16.41 2349
04:44:28 test_terrain_lod 1 8.46 16.41 2349
04:44:30 test_terrain_lod 1 8.46 16.41 2349
04:44:32 test_terrain_lod 1 8.46 16.41 2349
04:44:34 test_terrain_lod 1 8.46 16.41 2349
04:44:36 test_terrain_lod 1 8.46 16.41 2349
04:44:38 test_terrain_lod 1 8.46 16.40 2349
04:44:40 test_terrain_lod 1 8.46 16.40 2349
04:44:42 test_terrain_lod 1 8.46 16.40 2349
04:44:44 test_terrain_lod 1 8.46 16.40 2349
04:44:46 test_terrain_lod 1 8.46 16.40 2349
04:44:48 test_terrain_lod 1 8.46 16.40 2349
04:44:50 test_terrain_lod 1 8.46 16.40 2349
04:44:52 test_terrain_lod 1 8.46 16.41 2349
04:44:54 test_terrain_lod 1 8.46 16.41 2349
04:44:56 test_terrain_lod 1 8.46 16.40 2349
04:44:58 test_terrain_lod 1 8.47 16.40 2349
04:45:00 test_terrain_lod 1 8.47 16.40 2349
04:45:02 test_terrain_lod 1 8.47 16.40 2349
04:45:04 test_terrain_lod 1 8.47 16.40 2349
04:45:06 test_terrain_lod 1 8.47 16.40 2349
04:45:08 test_terrain_lod 1 8.47 16.40 2349
04:45:10 test_terrain_lod 1 8.47 16.40 2349
04:45:12 test_terrain_lod 1 8.47 16.40 2349
04:45:14 test_terrain_lod 1 8.47 16.40 2349
04:45:16 test_terrain_lod 1 8.47 16.40 2349
04:45:18 test_terrain_lod 1 8.47 16.40 2349
04:45:20 test_terrain_lod 1 8.47 16.40 2349
04:45:22 test_terrain_lod 1 8.47 16.39 2349
04:45:24 test_terrain_lod 1 8.47 16.39 2349
04:45:26 test_terrain_lod 1 8.47 16.39 2349
04:45:28 test_terrain_lod 1 8.47 16.39 2349
04:45:30 test_terrain_lod 1 8.47 16.39 2349
04:45:32 test_terrain_lod 1 8.47 16.39 2349
04:45:34 test_terrain_lod 1 8.47 16.39 2349
04:45:36 test_terrain_lod 1 8.47 16.40 2349
04:45:38 test_terrain_lod 1 8.47 16.39 2349
04:45:40 test_terrain_lod 1 8.47 16.39 2349
04:45:42 test_terrain_lod 1 8.47 16.39 2349
04:45:44 test_terrain_lod 1 8.47 16.39 2349
04:45:46 test_terrain_lod 1 8.47 16.39 2349
04:45:48 test_terrain_lod 1 8.47 16.39 2349
04:45:50 test_terrain_lod 1 8.47 16.39 2349
04:45:52 test_terrain_lod 1 8.47 16.39 2349
04:45:54 test_terrain_lod 1 8.47 16.39 2349
04:45:56 test_terrain_lod 1 8.47 16.39 2349
04:45:58 test_terrain_lod 1 8.50 16.36 2349
04:46:00 test_terrain_lod 1 8.50 16.36 2349
04:46:02 test_terrain_lod 1 8.50 16.36 2349
04:46:04 test_terrain_lod 1 8.50 16.36 2349
04:46:06 test_terrain_lod 1 8.50 16.36 2349
04:46:08 test_terrain_lod 1 8.47 16.40 2349
04:46:10 test_terrain_lod 1 8.47 16.40 2349
04:46:12 test_terrain_lod 1 8.47 16.40 2349
04:46:14 test_terrain_lod 1 8.47 16.40 2349
04:46:16 test_terrain_lod 1 8.47 16.40 2349
04:46:18 test_terrain_lod 1 8.47 16.39 2349
04:46:20 test_terrain_lod 1 8.45 16.41 2349
04:46:22 test_terrain_lod 1 8.45 16.40 2349
04:46:24 test_terrain_lod 1 8.45 16.41 2349
04:46:26 test_terrain_lod 1 8.45 16.40 2349
04:46:28 test_terrain_lod 1 8.45 16.40 2349
04:46:30 test_terrain_lod 1 8.45 16.40 2349
04:46:32 test_terrain_lod 1 8.45 16.40 2349
04:46:34 test_terrain_lod 1 8.45 16.40 2349
04:46:36 test_terrain_lod 1 8.45 16.40 2349
04:46:38 test_terrain_lod 1 8.45 16.40 2349
04:46:40 test_terrain_lod 1 8.45 16.40 2349
04:46:42 test_terrain_lod 1 8.45 16.40 2349
04:46:44 test_terrain_lod 1 8.45 16.40 2349
04:46:46 test_terrain_lod 1 8.45 16.40 2349
04:46:48 test_terrain_lod 1 8.45 16.41 2349
04:46:50 test_terrain_lod 1 8.45 16.41 2349
04:46:52 test_terrain_lod 1 8.45 16.41 2349
04:46:54 test_terrain_lod 1 8.45 16.41 2349
04:46:56 test_terrain_lod 1 8.45 16.41 2349
04:46:58 test_terrain_lod 1 8.47 16.39 2349
04:47:00 test_terrain_lod 1 8.49 16.37 2349
04:47:02 test_terrain_lod 1 8.50 16.36 2349
04:47:04 test_terrain_lod 1 8.50 16.36 2349
04:47:06 test_terrain_lod 1 8.50 16.36 2349
04:47:08 test_terrain_lod 1 8.50 16.36 2349
04:47:10 test_terrain_lod 1 8.51 16.35 2349
04:47:12 test_terrain_lod 1 8.52 16.34 2349
04:47:14 test_terrain_lod 1 8.50 16.36 2349
04:47:16 test_terrain_lod 1 8.52 16.34 2349
04:47:18 test_terrain_lod 1 8.52 16.33 2349
04:47:20 test_terrain_lod 1 8.54 16.30 2349
04:47:22 test_terrain_lod 1 8.54 16.30 2349
04:47:24 test_terrain_lod 1 8.54 16.31 2349
04:47:26 test_terrain_lod 1 8.54 16.31 2349
04:47:28 test_terrain_lod 1 8.54 16.31 2349
04:47:30 test_terrain_lod 1 8.54 16.31 2349
04:47:32 test_terrain_lod 1 8.54 16.31 2349
04:47:34 test_terrain_lod 1 8.54 16.31 2349
04:47:36 test_terrain_lod 1 8.54 16.31 2349
04:47:38 test_terrain_lod 1 8.54 16.31 2349
04:47:40 test_terrain_lod 1 8.54 16.31 2349
04:47:42 test_terrain_lod 1 8.59 16.26 2349
04:47:44 test_terrain_lod 1 8.61 16.24 2349
04:47:46 test_terrain_lod 1 8.63 16.22 2349
04:47:48 test_terrain_lod 1 8.63 16.22 2349
04:47:50 test_terrain_lod 1 8.63 16.22 2349
04:47:52 test_terrain_lod 1 8.63 16.22 2349
04:47:54 test_terrain_lod 1 8.63 16.22 2349
04:47:56 test_terrain_lod 1 8.63 16.22 2349
04:47:58 test_terrain_lod 1 8.63 16.22 2349
04:48:00 test_terrain_lod 1 8.63 16.22 2349
04:48:02 test_terrain_lod 1 8.63 16.23 2349
04:48:04 test_terrain_lod 1 8.64 16.22 2349
04:48:06 test_terrain_lod 1 8.64 16.22 2349
04:48:08 test_terrain_lod 1 8.64 16.22 2349
04:48:10 test_terrain_lod 1 8.64 16.22 2349
04:48:12 test_terrain_lod 1 8.64 16.22 2349
04:48:14 test_terrain_lod 1 8.64 16.22 2349
04:48:16 test_terrain_lod 1 8.64 16.22 2349
04:48:18 test_terrain_lod 1 8.64 16.22 2349
04:48:20 test_terrain_lod 1 8.64 16.22 2349
04:48:22 test_terrain_lod 1 8.64 16.22 2349
04:48:24 test_terrain_lod 1 8.64 16.22 2349
04:48:26 test_terrain_lod 1 8.64 16.22 2349
04:48:28 test_terrain_lod 1 8.64 16.21 2349
04:48:30 test_terrain_lod 1 8.64 16.21 2349
04:48:32 test_terrain_lod 1 8.64 16.21 2349
04:48:34 test_terrain_lod 1 8.64 16.21 2349
04:48:36 test_terrain_lod 1 8.64 16.22 2349
04:48:38 test_terrain_lod 1 8.64 16.22 2349
04:48:40 test_terrain_lod 1 8.64 16.22 2349
04:48:42 test_terrain_lod 1 8.64 16.22 2349
04:48:44 test_terrain_lod 1 8.64 16.21 2349
04:48:46 test_terrain_lod 1 8.64 16.21 2349
04:48:48 test_terrain_lod 1 8.64 16.21 2349
04:48:50 test_terrain_lod 1 8.64 16.21 2349
04:48:52 test_terrain_lod 1 8.64 16.21 2349
04:48:54 test_terrain_lod 1 8.64 16.21 2349
04:48:56 test_terrain_lod 1 8.64 16.21 2349
04:48:58 test_terrain_lod 1 8.64 16.21 2349
04:49:00 test_terrain_lod 1 8.64 16.21 2349
04:49:02 test_terrain_lod 1 8.64 16.20 2349
04:49:04 test_terrain_lod 1 8.64 16.20 2349
04:49:06 test_terrain_lod 1 8.64 16.20 2349
04:49:08 test_terrain_lod 1 8.64 16.20 2349
04:49:10 test_terrain_lod 1 8.64 16.20 2349
04:49:12 test_terrain_lod 1 8.64 16.21 2349
04:49:14 test_terrain_lod 1 8.64 16.21 2349
04:49:16 test_terrain_lod 1 8.64 16.21 2349
04:49:18 test_terrain_lod 1 8.64 16.21 2349
04:49:20 test_terrain_lod 1 8.64 16.21 2349
04:49:22 test_terrain_lod 1 8.64 16.21 2349
04:49:25 test_terrain_lod 1 8.64 16.21 2349
04:49:27 test_terrain_lod 1 8.65 16.19 2349
04:49:29 test_terrain_lod 1 8.67 16.17 2349
04:49:31 test_terrain_lod 1 8.67 16.17 2349
04:49:33 test_terrain_lod 1 8.67 16.17 2349
04:49:35 test_terrain_lod 1 8.67 16.17 2349
04:49:37 test_terrain_lod 1 8.67 16.17 2349
04:49:39 test_terrain_lod 1 8.67 16.17 2349
04:49:41 test_terrain_lod 1 8.64 16.20 2349
04:49:43 test_terrain_lod 1 8.64 16.20 2349
04:49:45 test_terrain_lod 1 8.64 16.20 2349
04:49:47 test_terrain_lod 1 8.64 16.20 2349
04:49:49 test_terrain_lod 1 8.64 16.20 2349
04:49:51 test_terrain_lod 1 8.64 16.21 2349
04:49:53 test_terrain_lod 1 8.64 16.21 2349
04:49:55 test_terrain_lod 1 8.64 16.21 2349
04:49:57 test_terrain_lod 1 8.64 16.21 2349
04:49:59 test_terrain_lod 1 8.64 16.21 2349
04:50:01 test_terrain_lod 1 8.64 16.21 2349
04:50:03 test_terrain_lod 1 8.64 16.20 2349
04:50:05 test_terrain_lod 1 8.64 16.20 2349
04:50:07 test_terrain_lod 1 8.64 16.20 2349
04:50:09 test_terrain_lod 1 8.64 16.20 2349
04:50:11 test_terrain_lod 1 8.64 16.20 2349
04:50:13 test_terrain_lod 1 8.64 16.20 2349
04:50:15 test_terrain_lod 1 8.64 16.20 2349
04:50:17 test_terrain_lod 1 8.64 16.20 2349
04:50:19 test_terrain_lod 1 8.64 16.20 2349
04:50:21 test_terrain_lod 1 8.64 16.20 2349
04:50:23 test_terrain_lod 1 8.68 16.16 2349
04:50:25 test_terrain_lod 1 8.68 16.16 2349
04:50:27 test_terrain_lod 1 8.64 16.20 2349
04:50:29 test_terrain_lod 1 8.64 16.20 2349
04:50:31 test_terrain_lod 1 8.64 16.20 2349
04:50:33 test_terrain_lod 1 8.64 16.21 2349
04:50:35 test_terrain_lod 1 8.64 16.21 2349
04:50:37 test_terrain_lod 1 8.64 16.21 2349
04:50:39 test_terrain_lod 1 8.64 16.21 2349
04:50:41 test_terrain_lod 1 8.64 16.20 2349
04:50:43 test_terrain_lod 1 8.64 16.21 2349
04:50:45 test_terrain_lod 1 8.64 16.21 2349
04:50:47 test_terrain_lod 1 8.64 16.21 2463
04:50:49 test_terrain_lod 1 8.64 16.21 2463
04:50:51 test_terrain_lod 1 8.64 16.21 2463
04:50:53 test_terrain_lod 1 8.64 16.21 2463
04:50:55 test_terrain_lod 1 8.64 16.21 2463
04:50:57 test_terrain_lod 1 8.64 16.21 2463
04:50:59 test_terrain_lod 1 8.64 16.21 2463
04:51:01 test_terrain_lod 1 8.64 16.20 2463
04:51:03 test_terrain_lod 1 8.64 16.20 2463
04:51:05 test_terrain_lod 1 8.64 16.20 2463
04:51:07 test_terrain_lod 1 8.64 16.20 2463
04:51:09 test_terrain_lod 1 8.64 16.20 2463
04:51:11 test_terrain_lod 1 8.64 16.60 2463
04:51:13 test_terrain_lod 1 8.64 15.96 2463
04:51:15 test_terrain_lod 1 8.64 15.94 2463
04:51:17 test_terrain_lod 1 8.64 16.04 2463
04:51:19 test_terrain_lod 1 8.64 16.04 2463
04:51:21 test_terrain_lod 1 8.64 16.04 2463
04:51:23 test_terrain_lod 1 8.64 16.03 2463
04:51:25 test_terrain_lod 1 8.64 16.03 2463
04:51:27 test_terrain_lod 1 8.64 16.04 2463
04:51:29 test_terrain_lod 1 8.64 16.26 2463
04:51:31 test_terrain_lod 1 8.64 16.26 2463
04:51:33 test_terrain_lod 1 8.64 16.26 2463
04:51:35 test_terrain_lod 1 8.64 16.26 2463
04:51:37 test_terrain_lod 1 8.64 16.25 2463
04:51:39 test_terrain_lod 1 8.64 16.25 2463
04:51:41 test_terrain_lod 1 8.64 16.25 2463
04:51:43 test_terrain_lod 1 8.64 16.24 2463
04:51:45 test_terrain_lod 1 8.64 16.24 2463
04:51:47 test_terrain_lod 1 8.65 16.24 2463
04:51:49 test_terrain_lod 1 8.65 16.24 2463
04:51:51 test_terrain_lod 1 8.65 16.24 2463
04:51:53 test_terrain_lod 1 8.65 16.24 2463
04:51:55 test_terrain_lod 1 8.65 16.24 2463
04:51:57 test_terrain_lod 1 8.65 16.24 2463
04:51:59 test_terrain_lod 1 8.65 16.23 2463
04:52:01 test_terrain_lod 1 8.65 16.23 2463
04:52:03 test_terrain_lod 1 8.65 16.23 2463
04:52:05 test_terrain_lod 1 8.65 16.23 2463
04:52:07 test_terrain_lod 1 8.65 16.23 2463
04:52:09 test_terrain_lod 1 8.65 16.23 2463
04:52:11 test_terrain_lod 1 8.65 16.23 2463
04:52:13 test_terrain_lod 1 8.65 16.24 2463
04:52:15 test_terrain_lod 1 8.65 16.24 2463
04:52:17 test_terrain_lod 1 8.65 16.24 2463
04:52:19 test_terrain_lod 1 8.65 16.24 2463
04:52:21 test_terrain_lod 1 8.65 16.24 2463
04:52:23 test_terrain_lod 1 8.65 16.24 2463
04:52:25 test_terrain_lod 1 8.65 16.24 2463
04:52:27 test_terrain_lod 1 8.65 16.24 2463
04:52:29 test_terrain_lod 1 8.65 16.24 2463
04:52:31 test_terrain_lod 1 8.65 16.24 2463
04:52:33 test_terrain_lod 1 8.65 16.24 2463
04:52:35 test_terrain_lod 1 8.65 16.24 2463
04:52:37 test_terrain_lod 1 8.65 16.24 2463
04:52:39 test_terrain_lod 1 8.65 16.23 2463
04:52:41 test_terrain_lod 1 8.65 16.23 2463
04:52:43 test_terrain_lod 1 8.65 16.23 2463
04:52:45 test_terrain_lod 1 8.65 16.23 2463
04:52:47 test_terrain_lod 1 8.65 16.23 2463
04:52:49 test_terrain_lod 1 8.65 16.23 2463
04:52:51 test_terrain_lod 1 8.65 16.23 2463
04:52:53 test_terrain_lod 1 8.65 16.23 2463
04:52:55 test_terrain_lod 1 8.65 16.23 2463
04:52:57 test_terrain_lod 1 8.65 16.22 2463
04:52:59 test_terrain_lod 1 8.65 16.23 2463
04:53:01 test_terrain_lod 1 8.65 16.23 2463
04:53:03 test_terrain_lod 1 8.65 16.23 2463
04:53:05 test_terrain_lod 1 8.65 16.23 2463
04:53:07 test_terrain_lod 1 8.65 16.23 2463
04:53:09 test_terrain_lod 1 8.65 16.23 2463
04:53:11 test_terrain_lod 1 8.65 16.23 2463
04:53:13 test_terrain_lod 1 8.65 16.23 2463
04:53:15 test_terrain_lod 1 8.65 16.23 2463
04:53:17 test_terrain_lod 1 8.65 16.23 2463
04:53:19 test_terrain_lod 1 8.65 16.22 2463
04:53:21 test_terrain_lod 1 8.65 16.22 2463
04:53:23 test_terrain_lod 1 8.65 16.22 2463
04:53:25 test_terrain_lod 1 8.65 16.22 2463
04:53:27 test_terrain_lod 1 8.65 16.22 2463
04:53:29 test_terrain_lod 1 8.65 16.22 2463
04:53:31 test_terrain_lod 1 8.65 16.22 2463
04:53:33 test_terrain_lod 1 8.65 16.22 2463
04:53:35 test_terrain_lod 1 8.65 16.23 2463
04:53:37 test_terrain_lod 1 8.65 16.22 2463
04:53:39 test_terrain_lod 1 8.65 16.23 2463
04:53:41 test_terrain_lod 1 8.65 16.23 2463
04:53:43 test_terrain_lod 1 8.65 16.22 2463
04:53:45 test_terrain_lod 1 8.65 16.23 2463
04:53:47 test_terrain_lod 1 8.65 16.23 2463
04:53:49 test_terrain_lod 1 8.65 16.23 2463
04:53:51 test_terrain_lod 1 8.65 16.23 2463
04:53:53 test_terrain_lod 1 8.65 16.23 2463
04:53:55 test_terrain_lod 1 8.65 16.23 2463
04:53:57 test_terrain_lod 1 8.65 16.22 2463
04:53:59 test_terrain_lod 1 8.65 16.22 2463
04:54:01 test_terrain_lod 1 8.65 16.22 2463
04:54:03 test_terrain_lod 1 8.65 16.22 2463
04:54:05 test_terrain_lod 1 8.65 16.23 2463
04:54:07 test_terrain_lod 1 8.65 16.22 2463
04:54:09 test_terrain_lod 1 8.65 16.22 2463
04:54:11 test_terrain_lod 1 8.65 16.22 2463
04:54:13 test_terrain_lod 1 8.65 16.23 2463
04:54:15 test_terrain_lod 1 8.65 16.22 2463
04:54:17 test_terrain_lod 1 8.65 16.23 2463
04:54:19 test_terrain_lod 1 8.65 16.22 2463
04:54:21 test_terrain_lod 1 8.65 16.22 2463
04:54:23 test_terrain_lod 1 8.65 16.22 2463
04:54:25 test_terrain_lod 1 8.65 16.22 2463
04:54:27 test_terrain_lod 1 8.65 16.22 2463
04:54:29 test_terrain_lod 1 8.65 16.22 2463
04:54:31 test_terrain_lod 1 8.65 16.22 2463
04:54:33 test_terrain_lod 1 8.65 16.22 2463
04:54:35 test_terrain_lod 1 8.65 16.22 2463
04:54:37 test_terrain_lod 1 8.65 16.22 2463
04:54:39 test_terrain_lod 1 8.65 16.22 2463
04:54:41 test_terrain_lod 1 8.65 16.22 2463
04:54:43 test_terrain_lod 1 8.65 16.22 2463
04:54:45 test_terrain_lod 1 8.65 16.22 2463
04:54:47 test_terrain_lod 1 8.65 16.21 2463
04:54:49 test_terrain_lod 1 8.65 16.21 2463
04:54:51 test_terrain_lod 1 8.65 16.22 2463
04:54:53 test_terrain_lod 1 8.65 16.22 2463
04:54:55 test_terrain_lod 1 8.65 16.22 2463
04:54:57 test_terrain_lod 1 8.65 16.22 2463
04:54:59 test_terrain_lod 1 8.65 16.21 2463
04:55:01 test_terrain_lod 1 8.65 16.22 2463
04:55:03 test_terrain_lod 1 8.65 16.22 2463
04:55:05 test_terrain_lod 1 8.65 16.22 2463
04:55:07 test_terrain_lod 1 8.65 16.22 2463
04:55:09 test_terrain_lod 1 8.65 16.22 2463
04:55:11 test_terrain_lod 1 8.65 16.22 2463
04:55:13 test_terrain_lod 1 8.65 16.22 2463
04:55:15 test_terrain_lod 1 8.65 16.22 2463
04:55:17 test_terrain_lod 1 8.65 16.22 2463
04:55:19 test_terrain_lod 1 8.65 16.22 2463
04:55:21 test_terrain_lod 1 8.65 16.22 2463
04:55:23 test_terrain_lod 1 8.65 16.22 2463
04:55:25 test_terrain_lod 1 8.65 16.22 2463
04:55:27 test_terrain_lod 1 8.65 16.22 2463
04:55:29 test_terrain_lod 1 8.65 16.21 2463
04:55:31 test_terrain_lod 1 8.65 16.22 2463
04:55:33 test_terrain_lod 1 8.65 16.22 2463
04:55:35 test_terrain_lod 1 8.65 16.22 2463
04:55:37 test_terrain_lod 1 8.65 16.22 2463
04:55:39 test_terrain_lod 1 8.65 16.55 2463
04:55:41 test_terrain_lod 1 8.65 16.21 2463
04:55:43 test_terrain_lod 1 8.65 16.36 2463
04:55:45 test_terrain_lod 1 8.65 16.21 2463
04:55:47 test_terrain_lod 1 8.65 16.21 2463
04:55:49 test_terrain_lod 1 8.65 16.59 2463
04:55:51 test_terrain_lod 1 8.97 16.10 2463
04:55:53 test_terrain_lod 1 8.98 15.93 2463
04:55:55 test_terrain_lod 1 8.99 15.92 2463
04:55:57 test_terrain_lod 1 8.98 15.92 2463
04:55:59 test_terrain_lod 1 8.98 15.92 2463
04:56:01 test_terrain_lod 1 8.99 15.91 2463
04:56:03 test_terrain_lod 1 8.98 15.91 2463
04:56:05 test_terrain_lod 1 8.98 15.91 2463
04:56:07 test_terrain_lod 1 8.98 15.90 2463
04:56:09 test_terrain_lod 1 8.99 15.90 2463
04:56:11 test_terrain_lod 1 8.98 15.90 2463
04:56:13 test_terrain_lod 1 8.98 15.90 2463
04:56:15 test_terrain_lod 1 8.98 15.89 2463
04:56:17 test_terrain_lod 1 9.00 15.88 2463
04:56:19 test_terrain_lod 1 9.05 15.57 2463
04:56:21 test_terrain_lod 1 8.98 15.89 2463
04:56:23 test_terrain_lod 1 8.98 15.89 2463
04:56:25 test_terrain_lod 1 8.99 15.88 2463
04:56:27 test_terrain_lod 1 8.99 15.87 2463
04:56:29 test_terrain_lod 1 8.99 15.87 2463
04:56:31 test_terrain_lod 1 8.99 15.87 2463
04:56:33 test_terrain_lod 1 8.99 15.87 2463
04:56:35 test_terrain_lod 1 8.99 15.88 2463
04:56:37 test_terrain_lod 1 8.99 15.88 2463
04:56:39 test_terrain_lod 1 8.99 15.88 2463
04:56:41 test_terrain_lod 1 8.99 15.88 2463
04:56:43 test_terrain_lod 1 8.99 15.88 2463
04:56:45 test_terrain_lod 1 8.99 15.88 2463
04:56:47 test_terrain_lod 1 8.99 15.88 2463
04:56:49 test_terrain_lod 1 8.99 15.88 2463
04:56:51 test_terrain_lod 1 8.99 15.88 2463
04:56:53 test_terrain_lod 1 8.99 15.88 2463
04:56:55 test_terrain_lod 1 8.99 15.88 2463
04:56:57 test_terrain_lod 1 8.99 15.88 2463
04:56:59 test_terrain_lod 1 8.99 15.88 2463
04:57:01 test_terrain_lod 1 8.99 15.87 2463
04:57:03 test_terrain_lod 1 8.99 15.88 2463
04:57:05 test_terrain_lod 1 8.99 15.88 2463
04:57:07 test_terrain_lod 1 8.99 15.88 2463
04:57:09 test_terrain_lod 1 9.00 15.88 2463
04:57:11 test_terrain_lod 1 9.00 15.88 2463
04:57:13 test_terrain_lod 1 9.00 15.88 2463
04:57:15 test_terrain_lod 1 9.00 15.88 2463
04:57:17 test_terrain_lod 1 9.00 15.88 2463
04:57:19 test_terrain_lod 1 9.00 15.87 2463
04:57:21 test_terrain_lod 1 9.00 15.87 2463
04:57:23 test_terrain_lod 1 9.00 15.87 2463
04:57:25 test_terrain_lod 1 9.01 15.86 2463
04:57:27 test_terrain_lod 1 9.01 15.86 2463
04:57:29 test_terrain_lod 1 9.01 15.86 2463
04:57:31 test_terrain_lod 1 9.01 15.86 2463
04:57:33 test_terrain_lod 1 9.01 15.86 2463
04:57:35 test_terrain_lod 1 9.01 15.85 2463
04:57:37 test_terrain_lod 1 9.01 15.85 2463
04:57:39 test_terrain_lod 1 9.01 15.85 2463
04:57:41 test_terrain_lod 1 9.01 15.85 2463
04:57:43 test_terrain_lod 1 9.01 15.85 2463
04:57:45 test_terrain_lod 1 9.01 15.85 2463
04:57:47 test_terrain_lod 1 9.01 15.85 2463
04:57:49 test_terrain_lod 1 9.01 15.85 2463
04:57:51 test_terrain_lod 1 9.01 15.85 2463
04:57:53 test_terrain_lod 1 9.07 15.79 2463
04:57:55 test_terrain_lod 1 9.07 15.79 2463
04:57:57 test_terrain_lod 1 9.07 15.79 2463
04:57:59 test_terrain_lod 1 9.08 15.79 2463
04:58:01 test_terrain_lod 1 9.08 15.79 2463
04:58:03 test_terrain_lod 1 9.08 15.79 2463
04:58:05 test_terrain_lod 1 9.09 15.78 2463
04:58:07 test_terrain_lod 1 9.09 15.78 2463
04:58:09 test_terrain_lod 1 9.09 15.78 2463
04:58:11 test_terrain_lod 1 9.09 15.78 2463
04:58:13 test_terrain_lod 1 9.09 15.78 2463
04:58:15 test_terrain_lod 1 9.09 15.78 2463
04:58:17 test_terrain_lod 1 9.09 15.78 2463
04:58:19 test_terrain_lod 1 9.09 15.78 2463
04:58:21 test_terrain_lod 1 9.09 15.78 2463
04:58:23 test_terrain_lod 1 9.09 15.78 2463
04:58:25 test_terrain_lod 1 9.09 15.78 2463
04:58:27 test_terrain_lod 1 9.09 15.78 2463
04:58:29 test_terrain_lod 1 9.09 15.78 2463
04:58:31 test_terrain_lod 1 9.09 15.78 2463
04:58:33 test_terrain_lod 1 9.09 15.78 2463
04:58:35 test_terrain_lod 1 9.09 15.77 2463
04:58:37 test_terrain_lod 1 9.09 15.78 2463
04:58:39 test_terrain_lod 1 9.09 15.78 2463
04:58:41 test_terrain_lod 1 9.09 15.78 2463
04:58:43 test_terrain_lod 1 9.09 15.78 2463
04:58:45 test_terrain_lod 1 9.09 15.78 2463
04:58:47 test_terrain_lod 1 9.09 15.78 2463
04:58:49 test_terrain_lod 1 9.09 15.78 2463
04:58:51 test_terrain_lod 1 9.09 15.78 2463
04:58:53 test_terrain_lod 1 9.09 15.78 2463
04:58:55 test_terrain_lod 1 9.09 15.78 2463
04:58:57 test_terrain_lod 1 9.09 15.77 2463
04:58:59 test_terrain_lod 1 9.09 15.77 2463
04:59:01 test_terrain_lod 1 9.09 15.77 2463
04:59:03 test_terrain_lod 1 9.09 15.77 2463
04:59:05 test_terrain_lod 1 9.09 15.77 2463
04:59:07 test_terrain_lod 1 9.09 15.77 2463
04:59:09 test_terrain_lod 1 9.09 15.77 2463
04:59:11 test_terrain_lod 1 9.09 15.77 2463
04:59:13 test_terrain_lod 1 9.09 15.77 2463
04:59:15 test_terrain_lod 1 9.10 15.76 2463
04:59:17 test_terrain_lod 1 9.10 15.76 2463
04:59:19 test_terrain_lod 1 9.10 15.76 2463
04:59:21 test_terrain_lod 1 9.10 15.76 2463
04:59:23 test_terrain_lod 1 9.10 15.76 2463
04:59:25 test_terrain_lod 1 9.10 15.76 2463
04:59:27 test_terrain_lod 1 9.10 15.77 2463
04:59:29 test_terrain_lod 1 9.10 15.77 2463
04:59:31 test_terrain_lod 1 9.10 15.77 2463
04:59:33 test_terrain_lod 1 9.10 15.77 2463
04:59:35 test_terrain_lod 1 9.10 15.77 2463
04:59:37 test_terrain_lod 1 9.10 15.77 2463
04:59:39 test_terrain_lod 1 9.10 15.77 2463
04:59:41 test_terrain_lod 1 9.10 15.77 2463
04:59:43 test_terrain_lod 1 9.10 15.76 2463
04:59:45 test_terrain_lod 1 9.10 15.77 2463
04:59:47 test_terrain_lod 1 9.10 15.76 2463
04:59:49 test_terrain_lod 1 9.10 15.77 2463
04:59:51 test_terrain_lod 1 9.10 15.77 2463
04:59:53 test_terrain_lod 1 9.10 15.76 2463
04:59:55 test_terrain_lod 1 9.10 15.76 2463
04:59:57 test_terrain_lod 1 9.10 15.76 2463
04:59:59 test_terrain_lod 1 9.10 15.76 2463
05:00:01 test_terrain_lod 1 9.10 15.76 2463
05:00:03 test_terrain_lod 1 9.10 15.76 2463
05:00:05 test_terrain_lod 1 9.11 15.76 2463
05:00:07 test_terrain_lod 1 9.11 15.75 2463
05:00:09 test_terrain_lod 1 9.11 15.75 2463
05:00:11 test_terrain_lod 1 9.11 15.75 2463
05:00:13 test_terrain_lod 1 9.11 15.76 2463
05:00:15 test_terrain_lod 1 9.11 15.76 2463
05:00:17 test_terrain_lod 1 9.23 15.63 2463
05:00:19 test_terrain_lod 1 9.36 15.51 2463
05:00:21 test_terrain_lod 1 9.36 15.50 2463
05:00:23 test_terrain_lod 1 9.37 15.50 2463
05:00:25 test_terrain_lod 1 9.37 15.50 2463
05:00:27 test_terrain_lod 1 9.38 15.49 2463
05:00:29 test_terrain_lod 1 9.44 15.42 2463
05:00:31 test_terrain_lod 1 9.45 15.40 2463
05:00:33 test_terrain_lod 1 9.45 15.40 2463
05:00:35 test_terrain_lod 1 9.45 15.40 2463
05:00:37 test_terrain_lod 1 9.45 15.40 2463
05:00:39 test_terrain_lod 1 9.45 15.41 2463
05:00:41 test_terrain_lod 1 9.45 15.40 2463
05:00:43 test_terrain_lod 1 9.45 15.40 2463
05:00:45 test_terrain_lod 1 9.45 15.41 2463
05:00:47 test_terrain_lod 1 9.45 15.40 2463
05:00:49 test_terrain_lod 1 9.45 15.40 2463
05:00:51 test_terrain_lod 1 9.45 15.40 2463
05:00:53 test_terrain_lod 1 9.45 15.41 2463
05:00:55 test_terrain_lod 1 9.45 15.41 2463
05:00:57 test_terrain_lod 1 9.45 15.41 2463
05:00:59 test_terrain_lod 1 9.45 15.40 2463
05:01:01 test_terrain_lod 1 9.45 15.40 2463
05:01:03 test_terrain_lod 1 9.45 15.40 2463
05:01:05 test_terrain_lod 1 9.45 15.40 2463
05:01:07 test_terrain_lod 1 9.45 15.40 2463
05:01:09 test_terrain_lod 1 9.45 15.40 2463
05:01:11 test_terrain_lod 1 9.45 15.40 2463
05:01:13 test_terrain_lod 1 9.45 15.41 2463
05:01:15 test_terrain_lod 1 9.45 15.41 2463
05:01:17 test_terrain_lod 1 9.45 15.41 2463
05:01:19 test_terrain_lod 1 9.45 15.41 2463
05:01:21 test_terrain_lod 1 9.45 15.41 2463
05:01:23 test_terrain_lod 1 9.45 15.41 2463
05:01:25 test_terrain_lod 1 9.45 15.40 2463
05:01:27 test_terrain_lod 1 9.45 15.20 2463
05:01:29 test_terrain_lod 1 9.45 15.41 2463
05:01:31 test_terrain_lod 1 9.45 15.41 2463
05:01:33 test_terrain_lod 1 9.45 15.41 2463
05:01:35 test_terrain_lod 1 9.45 15.41 2463
05:01:37 test_terrain_lod 1 9.45 15.40 2463
05:01:39 test_terrain_lod 1 9.45 15.18 2463
05:01:41 test_terrain_lod 1 9.45 14.77 2463
05:01:43 test_terrain_lod 1 9.45 14.67 2463
05:01:45 test_terrain_lod 1 9.45 14.73 2463
05:01:47 test_terrain_lod 1 9.45 14.71 2463
05:01:49 test_terrain_lod 1 9.45 14.65 2463
05:01:51 test_terrain_lod 1 9.45 14.69 2463
05:01:53 test_terrain_lod 1 9.45 14.69 2463
05:01:55 test_terrain_lod 1 9.45 14.70 2463
05:01:57 test_terrain_lod 1 9.45 14.67 2463
05:01:59 test_terrain_lod 1 9.45 14.65 2463
05:02:01 test_terrain_lod 1 9.45 14.57 2463
05:02:03 test_terrain_lod 1 9.45 14.62 2463
05:02:05 test_terrain_lod 1 9.45 14.59 2463
05:02:07 test_terrain_lod 1 9.45 14.56 2463
05:02:09 test_terrain_lod 1 9.45 14.57 2463
05:02:11 test_terrain_lod 1 9.45 14.55 2463
05:02:13 test_terrain_lod 1 9.45 14.53 2463
05:02:15 test_terrain_lod 1 9.45 14.55 2463
05:02:17 test_terrain_lod 1 9.45 14.55 2463
05:02:19 test_terrain_lod 1 9.45 14.46 2463
05:02:21 test_terrain_lod 1 9.45 14.50 2463
05:02:23 test_terrain_lod 1 9.45 14.49 2463
05:02:25 test_terrain_lod 1 9.45 14.47 2463
05:02:27 test_terrain_lod 1 9.45 14.47 2463
05:02:29 test_terrain_lod 1 9.45 14.44 2463
05:02:31 test_terrain_lod 1 9.45 14.40 2463
05:02:33 test_terrain_lod 1 9.45 14.45 2463
05:02:35 test_terrain_lod 1 9.45 14.43 2463
05:02:37 test_terrain_lod 1 9.45 14.42 2463
05:02:39 test_terrain_lod 1 9.45 14.42 2463
05:02:41 test_terrain_lod 1 9.45 14.41 2463
05:02:43 test_terrain_lod 1 9.45 15.39 2463
05:02:45 test_terrain_lod 1 9.45 15.40 2463
05:02:47 test_terrain_lod 1 9.45 15.39 2463
05:02:49 test_terrain_lod 1 9.45 15.39 2463
05:02:51 test_terrain_lod 1 9.45 15.39 2463
05:02:53 test_terrain_lod 1 9.45 15.39 2463
05:02:55 test_terrain_lod 1 9.45 15.39 2463
05:02:57 test_terrain_lod 1 9.45 15.39 2463
05:02:59 test_terrain_lod 1 9.45 15.18 2463
05:03:01 test_terrain_lod 1 9.45 14.85 2463
05:03:03 test_terrain_lod 1 9.45 15.39 2463
05:03:05 test_terrain_lod 1 9.45 15.38 2463
05:03:07 test_terrain_lod 1 9.45 15.40 2463
05:03:09 test_terrain_lod 1 9.45 15.03 2463
05:03:11 test_terrain_lod 1 9.45 14.86 2463
05:03:13 test_terrain_lod 1 9.45 15.39 2463
05:03:15 test_terrain_lod 1 9.45 15.39 2463
05:03:17 test_terrain_lod 1 9.45 15.39 2463
05:03:19 test_terrain_lod 1 9.45 15.39 2463
05:03:21 test_terrain_lod 1 9.45 15.39 2463
05:03:23 test_terrain_lod 1 9.45 15.39 2463
05:03:25 test_terrain_lod 1 9.45 15.39 2463
05:03:27 test_terrain_lod 1 9.45 15.39 2463
05:03:29 test_terrain_lod 1 9.45 15.38 2463
05:03:31 test_terrain_lod 1 9.45 15.38 2463
05:03:33 test_terrain_lod 1 9.45 15.38 2463
05:03:35 test_terrain_lod 1 9.45 15.38 2463
05:03:37 test_terrain_lod 1 9.45 15.38 2463
05:03:39 test_terrain_lod 1 9.45 15.38 2463
05:03:41 test_terrain_lod 1 9.45 15.39 2463
05:03:43 test_terrain_lod 1 9.45 15.39 2463
05:03:45 test_terrain_lod 1 9.45 15.39 2463
05:03:47 test_terrain_lod 1 9.45 15.39 2463
05:03:49 test_terrain_lod 1 9.45 15.39 2463
05:03:51 test_terrain_lod 1 9.45 15.39 2463
05:03:53 test_terrain_lod 1 9.45 15.19 2463
05:03:55 test_terrain_lod 1 9.45 15.39 2463
05:03:58 test_terrain_lod 1 9.45 15.39 2463
05:04:00 test_terrain_lod 1 9.45 15.39 2463
05:04:02 test_terrain_lod 1 9.45 15.39 2463
05:04:04 test_terrain_lod 1 9.45 15.39 2463
05:04:06 test_terrain_lod 1 9.45 15.39 2463
05:04:08 test_terrain_lod 1 9.45 15.39 2463
05:04:10 test_terrain_lod 1 9.45 15.38 2463
05:04:12 test_terrain_lod 1 9.45 15.39 2463
05:04:14 test_terrain_lod 1 9.45 15.39 2463
05:04:16 test_terrain_lod 1 9.45 15.39 2463
05:04:18 test_terrain_lod 1 9.45 15.39 2463
05:04:20 test_terrain_lod 1 9.45 15.39 2463
05:04:22 test_terrain_lod 1 9.45 15.38 2463
05:04:24 test_terrain_lod 1 9.45 15.39 2463
05:04:26 test_terrain_lod 1 9.45 15.39 2463
05:04:28 test_terrain_lod 1 9.45 15.39 2463
05:04:30 test_terrain_lod 1 9.45 15.39 2463
05:04:32 test_terrain_lod 1 9.45 15.39 2463
05:04:34 test_terrain_lod 1 9.45 15.39 2463
05:04:36 test_terrain_lod 1 9.45 15.39 2463
05:04:38 test_terrain_lod 1 9.45 15.39 2463
05:04:40 test_terrain_lod 1 9.45 15.39 2463
05:04:42 test_terrain_lod 1 9.45 15.39 2463
05:04:44 test_terrain_lod 1 9.45 15.39 2463
05:04:46 test_terrain_lod 1 9.45 15.38 2463
05:04:48 test_terrain_lod 1 9.45 15.38 2463
05:04:50 test_terrain_lod 1 9.45 15.38 2463
05:04:52 test_terrain_lod 1 9.45 15.36 2463
05:04:54 test_terrain_lod 1 9.45 15.36 2463
05:04:56 test_terrain_lod 1 9.45 15.36 2463
05:04:58 test_terrain_lod 1 9.45 15.37 2463
05:05:00 test_terrain_lod 1 9.45 15.37 2463
05:05:02 test_terrain_lod 1 9.45 15.37 2463
05:05:04 test_terrain_lod 1 9.45 15.33 2463
05:05:06 test_terrain_lod 1 9.45 15.36 2463
05:05:08 test_terrain_lod 1 9.45 15.34 2463
05:05:10 test_terrain_lod 1 9.45 15.34 2463
05:05:12 test_terrain_lod 1 9.45 15.29 2463
05:05:14 test_terrain_lod 1 9.45 15.33 2463
05:05:16 test_terrain_lod 1 9.45 15.32 2463
05:05:18 test_terrain_lod 1 9.45 15.32 2463
05:05:20 test_terrain_lod 1 9.45 15.32 2463
05:05:22 test_terrain_lod 1 9.45 15.34 2463
05:05:24 test_terrain_lod 1 9.45 15.34 2463
05:05:26 test_terrain_lod 1 9.45 15.35 2463
05:05:28 test_terrain_lod 1 9.45 15.35 2463
05:05:30 test_terrain_lod 1 9.45 15.35 2463
05:05:32 test_terrain_lod 1 9.45 15.35 2463
05:05:34 test_terrain_lod 1 9.45 15.35 2463
05:05:36 test_terrain_lod 1 9.45 15.34 2463
05:05:38 test_terrain_lod 1 9.45 15.35 2463
05:05:40 test_terrain_lod 1 9.45 15.34 2463
05:05:42 test_terrain_lod 1 9.45 15.34 2463
05:05:44 test_terrain_lod 1 9.45 15.33 2463
05:05:46 test_terrain_lod 1 9.45 15.34 2463
05:05:48 test_terrain_lod 1 9.45 15.34 2463
05:05:50 test_terrain_lod 1 9.45 15.34 2463
05:05:52 test_terrain_lod 1 9.45 15.34 2463
05:05:54 test_terrain_lod 1 9.45 15.34 2463
05:05:56 test_terrain_lod 1 9.45 15.35 2463
05:05:58 test_terrain_lod 1 9.45 15.35 2463
05:06:00 test_terrain_lod 1 9.45 15.35 2463
05:06:02 test_terrain_lod 1 9.45 15.35 2463
05:06:04 test_terrain_lod 1 9.45 15.35 2463
05:06:06 test_terrain_lod 1 9.45 15.34 2463
05:06:08 test_terrain_lod 1 9.45 15.35 2463
05:06:10 test_terrain_lod 1 9.45 15.34 2463
05:06:12 test_terrain_lod 1 9.45 15.34 2463
05:06:14 test_terrain_lod 1 9.45 15.34 2463
05:06:16 test_terrain_lod 1 9.45 15.34 2463
05:06:18 test_terrain_lod 1 9.45 15.34 2463
05:06:20 test_terrain_lod 1 9.45 15.34 2463
05:06:22 test_terrain_lod 1 9.45 15.34 2463
05:06:24 test_terrain_lod 1 9.45 15.34 2463
05:06:26 test_terrain_lod 1 9.45 15.34 2463
05:06:28 test_terrain_lod 1 9.45 15.34 2463
05:06:30 test_terrain_lod 1 9.45 15.34 2463
05:06:32 test_terrain_lod 1 9.45 15.34 2463
05:06:34 test_terrain_lod 1 9.45 15.34 2463
05:06:36 test_terrain_lod 1 9.45 15.33 2463
05:06:38 test_terrain_lod 1 9.45 15.33 2463
05:06:40 test_terrain_lod 1 9.45 15.34 2463
05:06:42 test_terrain_lod 1 9.45 15.34 2463
05:06:44 test_terrain_lod 1 9.45 15.34 2463
05:06:46 test_terrain_lod 1 9.45 15.34 2463
05:06:48 test_terrain_lod 1 9.45 15.34 2463
05:06:50 test_terrain_lod 1 9.54 15.26 2463
05:06:52 test_terrain_lod 1 9.77 15.03 2463
05:06:54 test_terrain_lod 1 9.82 14.97 2463
05:06:56 test_terrain_lod 1 9.78 15.01 2463
05:06:58 test_terrain_lod 1 9.79 15.00 2463
05:07:00 test_terrain_lod 1 9.80 14.98 2463
05:07:02 test_terrain_lod 1 9.79 15.00 2463
05:07:04 test_terrain_lod 1 9.79 15.00 2463
05:07:06 test_terrain_lod 1 9.81 14.97 2463
05:07:08 test_terrain_lod 1 9.79 15.01 2463
05:07:10 test_terrain_lod 1 9.79 15.01 2463
05:07:12 test_terrain_lod 1 9.79 15.00 2463
05:07:14 test_terrain_lod 1 9.79 15.00 2463
05:07:16 test_terrain_lod 1 9.79 15.00 2463
05:07:18 test_terrain_lod 1 9.79 14.99 2463
05:07:20 test_terrain_lod 1 9.80 14.99 2463
05:07:22 test_terrain_lod 1 9.80 14.98 2463
05:07:24 test_terrain_lod 1 9.80 14.98 2463
05:07:26 test_terrain_lod 1 9.80 15.00 2463
05:07:28 test_terrain_lod 1 9.80 15.00 2463
05:07:30 test_terrain_lod 1 9.80 15.00 2463
05:07:32 test_terrain_lod 1 9.80 15.00 2463
05:07:34 test_terrain_lod 1 9.80 15.00 2463
05:07:36 test_terrain_lod 1 9.80 15.00 2463
05:07:38 test_terrain_lod 1 9.80 15.00 2463
05:07:40 test_terrain_lod 1 9.80 15.00 2463
05:07:42 test_terrain_lod 1 9.80 15.00 2463
05:07:44 test_terrain_lod 1 9.80 15.00 2463
05:07:46 test_terrain_lod 1 9.80 15.00 2463
05:07:48 test_terrain_lod 1 9.80 15.00 2463
05:07:50 test_terrain_lod 1 9.80 14.99 2463
05:07:52 test_terrain_lod 1 9.80 14.99 2463
05:07:54 test_terrain_lod 1 9.80 14.99 2463
05:07:56 test_terrain_lod 1 9.80 14.99 2463
05:07:58 test_terrain_lod 1 9.80 14.99 2463
05:08:00 test_terrain_lod 1 9.80 14.99 2463
05:08:02 test_terrain_lod 1 9.80 14.99 2463
05:08:04 test_terrain_lod 1 9.80 14.98 2463
05:08:06 test_terrain_lod 1 9.80 14.98 2463
05:08:08 test_terrain_lod 1 9.80 14.97 2463
05:08:10 test_terrain_lod 1 9.80 14.97 2463
05:08:12 test_terrain_lod 1 9.80 14.97 2463
05:08:14 test_terrain_lod 1 9.80 14.97 2463
05:08:16 test_terrain_lod 1 9.80 14.97 2463
05:08:18 test_terrain_lod 1 9.80 14.97 2463
05:08:20 test_terrain_lod 1 9.80 14.99 2463
05:08:22 test_terrain_lod 1 9.80 14.99 2463
05:08:24 test_terrain_lod 1 9.80 14.99 2463
05:08:26 test_terrain_lod 1 9.80 14.99 2463
05:08:28 test_terrain_lod 1 9.80 14.99 2463
05:08:30 test_terrain_lod 1 9.80 14.99 2463
05:08:32 test_terrain_lod 1 9.80 14.98 2463
05:08:34 test_terrain_lod 1 9.80 14.98 2463
05:08:36 test_terrain_lod 1 9.80 14.98 2463
05:08:38 test_terrain_lod 1 9.80 14.99 2463
05:08:40 test_terrain_lod 1 9.80 14.99 2463
05:08:42 test_terrain_lod 1 9.80 14.99 2463
05:08:44 test_terrain_lod 1 9.80 14.99 2463
05:08:46 test_terrain_lod 1 9.80 15.00 2463
05:08:48 test_terrain_lod 1 9.80 15.00 2463
05:08:50 test_terrain_lod 1 9.80 15.00 2463
05:08:52 test_terrain_lod 1 9.80 14.99 2463
05:08:54 test_terrain_lod 1 9.80 14.99 2463
05:08:56 test_terrain_lod 1 9.80 14.99 2463
05:08:58 test_terrain_lod 1 9.80 14.99 2463
05:09:00 test_terrain_lod 1 9.80 14.99 2463
05:09:02 test_terrain_lod 1 9.80 14.98 2463
05:09:04 test_terrain_lod 1 9.81 14.98 2463
05:09:06 test_terrain_lod 1 9.81 14.98 2463
05:09:08 test_terrain_lod 1 9.81 14.98 2463
05:09:10 test_terrain_lod 1 9.81 14.97 2463
05:09:12 test_terrain_lod 1 9.81 14.98 2463
05:09:14 test_terrain_lod 1 9.81 14.98 2463
05:09:16 test_terrain_lod 1 9.81 14.98 2463
05:09:18 test_terrain_lod 1 9.81 14.98 2463
05:09:20 test_terrain_lod 1 9.81 14.97 2463
05:09:22 test_terrain_lod 1 9.81 14.97 2463
05:09:24 test_terrain_lod 1 9.81 14.97 2463
05:09:26 test_terrain_lod 1 9.81 14.97 2463
05:09:28 test_terrain_lod 1 9.81 14.97 2463
05:09:30 test_terrain_lod 1 9.81 14.97 2463
05:09:32 test_terrain_lod 1 9.81 14.97 2463
05:09:34 test_terrain_lod 1 9.81 14.97 2463
05:09:36 test_terrain_lod 1 9.81 14.97 2463
05:09:38 test_terrain_lod 1 9.81 14.97 2463
05:09:40 test_terrain_lod 1 9.81 14.97 2463
05:09:42 test_terrain_lod 1 9.81 14.96 2463
05:09:44 test_terrain_lod 1 9.81 14.96 2463
05:09:46 test_terrain_lod 1 9.81 14.96 2463
05:09:48 test_terrain_lod 1 9.81 14.96 2463
05:09:50 test_terrain_lod 1 9.81 14.96 2463
05:09:52 test_terrain_lod 1 9.81 14.96 2463
05:09:54 test_terrain_lod 1 9.81 14.95 2463
05:09:56 test_terrain_lod 1 9.81 14.95 2463
05:09:58 test_terrain_lod 1 9.81 14.95 2463
05:10:00 test_terrain_lod 1 9.81 14.97 2463
05:10:02 test_terrain_lod 1 9.81 14.97 2463
05:10:04 test_terrain_lod 1 9.81 14.98 2463
05:10:06 test_terrain_lod 1 9.81 14.98 2463
05:10:08 test_terrain_lod 1 9.81 14.98 2463
05:10:10 test_terrain_lod 1 9.81 14.98 2463
05:10:12 test_terrain_lod 1 9.81 15.43 2463
05:10:14 test_terrain_lod 1 9.81 14.84 2463
05:10:16 test_terrain_lod 1 9.81 14.88 2463
05:10:18 test_terrain_lod 1 9.81 14.89 2463
05:10:20 test_terrain_lod 1 9.81 14.88 2463
05:10:22 test_terrain_lod 1 9.81 14.88 2463
05:10:24 test_terrain_lod 1 9.81 14.89 2463
05:10:26 test_terrain_lod 1 9.81 14.89 2463
05:10:28 test_terrain_lod 1 9.81 15.10 2463
05:10:30 test_terrain_lod 1 9.81 15.09 2463
05:10:32 test_terrain_lod 1 9.81 15.09 2463
05:10:34 test_terrain_lod 1 9.81 15.08 2463
05:10:36 test_terrain_lod 1 9.81 15.08 2463
05:10:38 test_terrain_lod 1 9.81 15.07 2463
05:10:40 test_terrain_lod 1 9.81 15.07 2463
05:10:42 test_terrain_lod 1 9.81 15.07 2463
05:10:44 test_terrain_lod 1 9.81 15.05 2463
05:10:46 test_terrain_lod 1 9.81 15.06 2463
05:10:48 test_terrain_lod 1 9.81 15.06 2463
05:10:50 test_terrain_lod 1 9.81 15.06 2463
05:10:52 test_terrain_lod 1 9.81 15.05 2463
05:10:54 test_terrain_lod 1 9.81 15.05 2463
05:10:56 test_terrain_lod 1 9.81 15.05 2463
05:10:58 test_terrain_lod 1 9.81 15.04 2463
05:11:00 test_terrain_lod 1 9.81 15.04 2463
05:11:02 test_terrain_lod 1 9.81 15.04 2463
05:11:04 test_terrain_lod 1 9.81 15.07 2463
05:11:06 test_terrain_lod 1 9.81 15.07 2463
05:11:08 test_terrain_lod 1 9.81 15.07 2463
05:11:10 test_terrain_lod 1 9.81 15.07 2463
05:11:12 test_terrain_lod 1 9.81 15.06 2463
05:11:14 test_terrain_lod 1 9.81 15.06 2463
05:11:16 test_terrain_lod 1 9.81 15.06 2463
05:11:18 test_terrain_lod 1 9.81 15.06 2463
05:11:20 test_terrain_lod 1 9.81 15.06 2463
05:11:22 test_terrain_lod 1 9.81 15.06 2463
05:11:24 test_terrain_lod 1 9.86 15.02 2463
05:11:26 test_terrain_lod 1 9.86 15.02 2463
05:11:28 test_terrain_lod 1 9.86 15.02 2463
05:11:30 test_terrain_lod 1 9.86 15.02 2463
05:11:32 test_terrain_lod 1 9.86 15.02 2463
05:11:34 test_terrain_lod 1 9.86 15.02 2463
05:11:36 test_terrain_lod 1 9.86 15.02 2463
05:11:38 test_terrain_lod 1 9.86 15.02 2463
05:11:40 test_terrain_lod 1 9.86 15.02 2463
05:11:42 test_terrain_lod 1 9.86 15.02 2463
05:11:44 test_terrain_lod 1 9.86 15.02 2463
05:11:46 test_terrain_lod 1 9.86 15.02 2463
05:11:48 test_terrain_lod 1 9.86 15.02 2463
05:11:50 test_terrain_lod 1 9.86 15.02 2463
05:11:52 test_terrain_lod 1 9.86 15.02 2463
05:11:54 test_terrain_lod 1 9.86 15.02 2463
05:11:56 test_terrain_lod 1 9.86 15.02 2463
05:11:58 test_terrain_lod 1 9.86 15.01 2463
05:12:00 test_terrain_lod 1 9.86 15.01 2463
05:12:02 test_terrain_lod 1 9.86 15.01 2463
05:12:04 test_terrain_lod 1 9.81 15.06 2463
05:12:06 test_terrain_lod 1 9.81 15.06 2463
05:12:08 test_terrain_lod 1 9.81 15.05 2463
05:12:10 test_terrain_lod 1 9.81 15.06 2463
05:12:12 test_terrain_lod 1 9.81 15.06 2463
05:12:14 test_terrain_lod 1 9.81 15.06 2463
05:12:16 test_terrain_lod 1 9.81 15.06 2463
05:12:18 test_terrain_lod 1 9.81 15.06 2463
05:12:20 test_terrain_lod 1 9.81 15.05 2463
05:12:22 test_terrain_lod 1 9.81 15.05 2463
05:12:24 test_terrain_lod 1 9.81 15.06 2463
05:12:26 test_terrain_lod 1 9.81 15.05 2463
05:12:28 test_terrain_lod 1 9.81 15.06 2463
05:12:30 test_terrain_lod 1 9.81 15.06 2463
05:12:32 test_terrain_lod 1 9.81 15.06 2463
05:12:34 test_terrain_lod 1 9.81 15.05 2463
05:12:36 test_terrain_lod 1 9.81 15.06 2463
05:12:38 test_terrain_lod 1 9.81 15.05 2463
05:12:40 test_terrain_lod 1 9.81 15.05 2463
05:12:42 test_terrain_lod 1 9.81 15.05 2463
05:12:44 test_terrain_lod 1 9.81 15.05 2463
05:12:46 test_terrain_lod 1 9.81 15.05 2463
05:12:48 test_terrain_lod 1 9.81 15.05 2463
05:12:50 test_terrain_lod 1 9.81 15.05 2463
05:12:52 test_terrain_lod 1 9.81 15.05 2463
05:12:54 test_terrain_lod 1 9.81 15.05 2463
05:12:56 test_terrain_lod 1 9.81 15.05 2463
05:12:58 test_terrain_lod 1 9.81 15.05 2463
05:13:00 test_terrain_lod 1 9.81 15.05 2463
05:13:02 test_terrain_lod 1 9.81 15.06 2463
05:13:04 test_terrain_lod 1 9.81 15.06 2463
05:13:06 test_terrain_lod 1 9.81 15.06 2463
05:13:08 test_terrain_lod 1 9.81 15.06 2463
05:13:10 test_terrain_lod 1 9.81 15.06 2463
05:13:12 test_terrain_lod 1 9.81 15.06 2463
05:13:14 test_terrain_lod 1 9.81 15.06 2463
05:13:16 test_terrain_lod 1 9.81 15.06 2463
05:13:18 test_terrain_lod 1 9.81 15.06 2463
05:13:20 test_terrain_lod 1 9.81 15.06 2463
05:13:22 test_terrain_lod 1 9.81 15.06 2463
05:13:24 test_terrain_lod 1 9.81 15.05 2463
05:13:26 test_terrain_lod 1 9.81 15.05 2463
05:13:28 test_terrain_lod 1 9.81 15.05 2463
05:13:30 test_terrain_lod 1 9.81 15.05 2463
05:13:32 test_terrain_lod 1 9.81 15.05 2463
05:13:34 test_terrain_lod 1 9.81 15.05 2463
05:13:36 test_terrain_lod 1 9.81 15.05 2463
05:13:38 test_terrain_lod 1 9.81 15.05 2463
05:13:40 test_terrain_lod 1 9.81 15.05 2463
05:13:42 test_terrain_lod 1 9.81 15.05 2463
05:13:44 test_terrain_lod 1 9.81 15.05 2463
05:13:46 test_terrain_lod 1 9.80 14.78 2463
05:13:48 test_terrain_lod 1 9.80 15.06 2463
05:13:50 test_terrain_lod 1 9.80 15.06 2463
05:13:52 test_terrain_lod 1 9.80 15.05 2463
05:13:54 test_terrain_lod 1 9.80 15.05 2463
05:13:56 test_terrain_lod 1 9.80 15.05 2463
05:13:58 test_terrain_lod 1 9.80 15.05 2463
05:14:00 test_terrain_lod 1 9.80 15.05 2463
05:14:02 test_terrain_lod 1 9.80 15.06 2463
05:14:04 test_terrain_lod 1 9.80 15.06 2463
05:14:06 test_terrain_lod 1 9.80 15.06 2463
05:14:08 test_terrain_lod 1 9.80 15.06 2463
05:14:10 test_terrain_lod 1 9.80 15.06 2463
05:14:12 test_terrain_lod 1 9.80 15.06 2463
05:14:14 test_terrain_lod 1 9.80 15.06 2463
05:14:16 test_terrain_lod 1 9.80 15.06 2463
05:14:18 test_terrain_lod 1 9.80 15.06 2463
05:14:20 test_terrain_lod 1 9.80 15.06 2463
05:14:22 test_terrain_lod 1 9.80 15.06 2463
05:14:24 test_terrain_lod 1 9.80 15.05 2463
05:14:26 test_terrain_lod 1 9.80 15.05 2463
05:14:28 test_terrain_lod 1 9.80 15.05 2463
05:14:30 test_terrain_lod 1 9.80 15.05 2463
05:14:32 test_terrain_lod 1 9.81 15.05 2463
05:14:34 test_terrain_lod 1 9.81 15.05 2463
05:14:36 test_terrain_lod 1 9.81 15.05 2463
05:14:38 test_terrain_lod 1 9.81 15.05 2463
05:14:40 test_terrain_lod 1 9.81 15.05 2463
05:14:42 test_terrain_lod 1 9.81 15.05 2463
05:14:44 test_terrain_lod 1 9.81 15.05 2463
05:14:46 test_terrain_lod 1 9.81 15.05 2463
05:14:48 test_terrain_lod 1 9.81 15.05 2463
05:14:50 test_terrain_lod 1 9.81 15.05 2463
05:14:52 test_terrain_lod 1 9.81 15.05 2463
05:14:54 test_terrain_lod 1 9.81 15.05 2463
05:14:56 test_terrain_lod 1 9.81 15.05 2463
05:14:58 test_terrain_lod 1 9.81 15.05 2463
05:15:00 test_terrain_lod 1 9.81 15.05 2463
05:15:02 test_terrain_lod 1 9.81 15.05 2463
05:15:04 test_terrain_lod 1 9.81 14.72 2463
05:15:06 test_terrain_lod 1 9.81 14.46 2463
05:15:08 test_terrain_lod 1 9.81 14.42 2463
05:15:10 test_terrain_lod 1 9.81 15.05 2463
05:15:12 test_terrain_lod 1 9.81 15.06 2463
05:15:14 test_terrain_lod 1 9.81 15.06 2463
05:15:16 test_terrain_lod 1 9.81 15.06 2463
05:15:18 test_terrain_lod 1 9.81 15.02 2463
05:15:20 test_terrain_lod 1 9.81 15.05 2463
05:15:22 test_terrain_lod 1 9.81 15.05 2463
05:15:24 test_terrain_lod 1 9.81 15.02 2463
05:15:26 test_terrain_lod 1 9.81 14.61 2463
05:15:28 test_terrain_lod 1 9.81 15.05 2463
05:15:30 test_terrain_lod 1 9.81 15.04 2463
05:15:32 test_terrain_lod 1 9.81 15.05 2463
05:15:34 test_terrain_lod 1 9.81 15.04 2463
05:15:36 test_terrain_lod 1 9.81 15.04 2463
05:15:38 test_terrain_lod 1 9.81 15.04 2463
05:15:40 test_terrain_lod 1 9.81 15.04 2463
05:15:42 test_terrain_lod 1 9.81 15.03 2463
05:15:44 test_terrain_lod 1 9.81 15.03 2463
05:15:46 test_terrain_lod 1 9.81 15.04 2463
05:15:48 test_terrain_lod 1 9.81 15.04 2463
05:15:50 test_terrain_lod 1 9.81 15.04 2463
05:15:52 test_terrain_lod 1 9.81 15.05 2463
05:15:54 test_terrain_lod 1 9.81 15.05 2463
05:15:56 test_terrain_lod 1 9.81 15.06 2463
05:15:58 test_terrain_lod 1 9.81 15.05 2463
05:16:00 test_terrain_lod 1 9.81 15.06 2463
05:16:02 test_terrain_lod 1 9.81 15.06 2463
05:16:04 test_terrain_lod 1 9.81 15.05 2463
05:16:06 test_terrain_lod 1 9.81 15.05 2463
05:16:08 test_terrain_lod 1 9.81 15.04 2463
05:16:10 test_terrain_lod 1 9.81 15.05 2463
05:16:12 test_terrain_lod 1 9.81 15.04 2463
05:16:14 test_terrain_lod 1 9.81 15.05 2463
05:16:16 test_terrain_lod 1 9.81 15.05 2463
05:16:18 test_terrain_lod 1 9.81 15.04 2463
05:16:20 test_terrain_lod 1 9.81 15.04 2463
05:16:22 test_terrain_lod 1 9.81 15.04 2463
05:16:24 test_terrain_lod 1 9.81 15.05 2463
05:16:26 test_terrain_lod 1 9.81 15.05 2463
05:16:28 test_terrain_lod 1 9.82 15.05 2463
05:16:30 test_terrain_lod 1 9.82 15.05 2463
05:16:32 test_terrain_lod 1 9.82 15.04 2463
05:16:34 test_terrain_lod 1 9.82 15.05 2463
05:16:36 test_terrain_lod 1 9.82 15.05 2463
05:16:38 test_terrain_lod 1 9.82 15.05 2463
05:16:40 test_terrain_lod 1 9.82 15.05 2463
05:16:42 test_terrain_lod 1 9.82 15.04 2463
05:16:44 test_terrain_lod 1 9.82 15.04 2463
05:16:46 test_terrain_lod 1 9.82 14.63 2463
05:16:48 test_terrain_lod 1 9.82 15.05 2463
05:16:50 test_terrain_lod 1 9.82 15.05 2463
05:16:52 test_terrain_lod 1 9.82 15.05 2463
05:16:54 test_terrain_lod 1 9.82 15.05 2463
05:16:56 test_terrain_lod 1 9.82 15.02 2463
05:16:58 test_terrain_lod 1 9.81 15.03 2463
05:17:00 test_terrain_lod 1 9.81 15.03 2463
05:17:02 test_terrain_lod 1 9.81 15.03 2463
05:17:04 test_terrain_lod 1 9.81 15.03 2463
05:17:06 test_terrain_lod 1 9.81 15.02 2463
05:17:08 test_terrain_lod 1 9.81 15.03 2463
05:17:10 test_terrain_lod 1 9.81 15.03 2463
05:17:12 test_terrain_lod 1 9.82 15.03 2463
05:17:14 test_terrain_lod 1 9.82 15.02 2463
05:17:16 test_terrain_lod 1 9.82 15.02 2463
05:17:18 test_terrain_lod 1 9.82 15.02 2463
05:17:20 test_terrain_lod 1 9.82 15.02 2463
05:17:22 test_terrain_lod 1 9.82 15.02 2463
05:17:24 test_terrain_lod 1 9.82 15.02 2463
05:17:26 test_terrain_lod 1 9.82 15.02 2463
05:17:28 test_terrain_lod 1 9.82 15.02 2463
05:17:30 test_terrain_lod 1 9.82 15.02 2463
05:17:32 test_terrain_lod 1 9.82 15.02 2463
05:17:34 test_terrain_lod 1 9.82 15.02 2463
05:17:36 test_terrain_lod 1 9.82 15.02 2463
05:17:38 test_terrain_lod 1 9.82 15.02 2463
05:17:40 test_terrain_lod 1 9.82 15.02 2463
05:17:42 test_terrain_lod 1 9.82 15.02 2463
05:17:44 test_terrain_lod 1 9.82 15.01 2463
05:17:46 test_terrain_lod 1 9.82 15.01 2463
05:17:48 test_terrain_lod 1 9.82 15.01 2463
05:17:50 test_terrain_lod 1 9.82 15.01 2463
05:17:52 test_terrain_lod 1 9.82 15.01 2463
05:17:54 test_terrain_lod 1 9.82 15.02 2463
05:17:56 test_terrain_lod 1 9.82 15.02 2463
05:17:58 test_terrain_lod 1 9.82 15.02 2463
05:18:00 test_terrain_lod 1 9.82 15.02 2463
05:18:02 test_terrain_lod 1 9.82 15.02 2463
05:18:04 test_terrain_lod 1 9.82 15.02 2463
05:18:06 test_terrain_lod 1 9.82 15.02 2463
05:18:08 test_terrain_lod 1 9.83 15.01 2463
05:18:10 test_terrain_lod 1 9.83 15.01 2463
05:18:12 test_terrain_lod 1 9.83 15.01 2463
05:18:14 test_terrain_lod 1 9.83 15.01 2463
05:18:16 test_terrain_lod 1 9.83 15.01 2463
05:18:18 test_terrain_lod 1 9.83 15.01 2463
05:18:20 test_terrain_lod 1 9.83 15.01 2463
05:18:22 test_terrain_lod 1 9.83 15.01 2463
05:18:24 test_terrain_lod 1 9.83 15.01 2463
05:18:26 test_terrain_lod 1 9.83 15.01 2463
05:18:28 test_terrain_lod 1 9.83 15.01 2463
05:18:30 test_terrain_lod 1 9.83 15.01 2463
05:18:32 test_terrain_lod 1 9.83 15.01 2463
05:18:34 test_terrain_lod 1 9.83 15.00 2463
05:18:36 test_terrain_lod 1 9.85 14.98 2463
05:18:38 test_terrain_lod 1 9.82 15.00 2463
05:18:40 test_terrain_lod 1 9.82 14.99 2463
05:18:42 test_terrain_lod 1 9.82 14.99 2463
05:18:44 test_terrain_lod 1 9.82 14.99 2463
05:18:46 test_terrain_lod 1 9.82 14.98 2463
05:18:48 test_terrain_lod 1 9.82 14.99 2463
05:18:50 test_terrain_lod 1 9.82 14.99 2463
05:18:52 test_terrain_lod 1 9.82 14.98 2463
05:18:54 test_terrain_lod 1 9.82 14.98 2463
05:18:56 test_terrain_lod 1 9.82 14.98 2463
05:18:58 test_terrain_lod 1 9.82 14.98 2463
05:19:00 test_terrain_lod 1 9.82 14.98 2463
05:19:02 test_terrain_lod 1 9.82 14.98 2463
05:19:04 test_terrain_lod 1 9.82 14.98 2463
05:19:06 test_terrain_lod 1 9.82 14.98 2463
05:19:08 test_terrain_lod 1 9.81 15.00 2463
05:19:10 test_terrain_lod 1 9.81 14.99 2463
05:19:12 test_terrain_lod 1 9.81 15.02 2463
05:19:14 test_terrain_lod 1 9.81 15.02 2463
05:19:16 test_terrain_lod 1 9.81 15.02 2463
05:19:18 test_terrain_lod 1 9.81 15.02 2463
05:19:20 test_terrain_lod 1 9.81 15.02 2463
05:19:22 test_terrain_lod 1 9.81 15.02 2463
05:19:24 test_terrain_lod 1 9.81 15.02 2463
05:19:27 test_terrain_lod 1 9.81 15.01 2463
05:19:29 test_terrain_lod 1 9.81 15.01 2463
05:19:31 test_terrain_lod 1 9.81 15.01 2463
05:19:33 test_terrain_lod 1 9.81 15.00 2463
05:19:35 test_terrain_lod 1 9.81 15.00 2463
05:19:37 test_terrain_lod 1 9.81 15.00 2463
05:19:39 test_terrain_lod 1 9.81 15.00 2463
05:19:41 test_terrain_lod 1 9.81 15.01 2463
05:19:43 test_terrain_lod 1 9.81 15.01 2463
05:19:45 test_terrain_lod 1 9.81 15.01 2463
05:19:47 test_terrain_lod 1 9.81 15.01 2463
05:19:49 test_terrain_lod 1 9.81 15.01 2463
05:19:51 test_terrain_lod 1 9.81 15.01 2463
05:19:53 test_terrain_lod 1 9.86 14.96 2463
05:19:55 test_terrain_lod 1 9.86 14.95 2463
05:19:57 test_terrain_lod 1 9.86 14.95 2463
05:19:59 test_terrain_lod 1 9.86 14.96 2463
05:20:01 test_terrain_lod 1 9.86 14.96 2463
05:20:03 test_terrain_lod 1 9.86 14.95 2463
05:20:05 test_terrain_lod 1 9.86 14.95 2463
05:20:07 test_terrain_lod 1 9.86 14.95 2463
05:20:09 test_terrain_lod 1 9.86 14.95 2463
05:20:11 test_terrain_lod 1 9.86 14.95 2463
05:20:13 test_terrain_lod 1 9.86 14.95 2463
05:20:15 test_terrain_lod 1 9.86 14.96 2463
05:20:17 test_terrain_lod 1 9.86 14.95 2463
05:20:19 test_terrain_lod 1 9.86 14.95 2463
05:20:21 test_terrain_lod 1 9.86 14.95 2463
05:20:23 test_terrain_lod 1 9.86 14.95 2463
05:20:25 test_terrain_lod 1 9.86 14.95 2463
05:20:27 test_terrain_lod 1 9.86 14.95 2463
05:20:29 test_terrain_lod 1 9.86 14.95 2463
05:20:31 test_terrain_lod 1 9.81 15.00 2463
05:20:33 test_terrain_lod 1 9.81 15.00 2463
05:20:35 test_terrain_lod 1 9.81 15.00 2463
05:20:37 test_terrain_lod 1 9.81 15.00 2463
05:20:39 test_terrain_lod 1 9.81 15.00 2463
05:20:41 test_terrain_lod 1 9.81 14.99 2463
05:20:43 test_terrain_lod 1 9.81 14.99 2463
05:20:45 test_terrain_lod 1 9.81 14.99 2463
05:20:47 test_terrain_lod 1 9.81 15.00 2463
05:20:49 test_terrain_lod 1 9.81 15.01 2463
05:20:51 test_terrain_lod 1 0.24 24.60 2522
05:20:53 test_terrain_lod 1 0.29 24.55 2522
05:20:55 test_mountains 1 0.30 24.54 2543
05:20:57 test_mountains 1 0.30 24.54 2543
05:20:59 test_mountains 1 0.30 24.54 2543
05:21:01 test_mountains 1 0.30 24.53 2543
05:21:03 test_mountains 1 0.30 24.53 2543
05:21:05 test_mountains 1 0.30 24.53 2543
05:21:07 test_mountains 1 0.30 24.53 2543
05:21:09 test_mountains 1 0.30 24.53 2543
05:21:11 test_mountains 1 0.48 24.36 2543
05:21:13 test_mountains 1 0.70 24.13 2543
05:21:15 test_mountains 1 0.77 24.07 2543
05:21:17 test_mountains 1 0.86 23.99 2543
05:21:19 test_mountains 1 0.91 23.93 2543
05:21:21 test_mountains 1 1.31 23.53 2543
05:21:23 test_mountains 1 1.55 23.29 2543
05:21:25 test_mountains 1 1.74 23.10 2543
05:21:27 test_mountains 1 1.74 23.09 2543
05:21:29 test_mountains 1 2.15 22.69 2543
05:21:31 test_mountains 1 2.43 22.41 2543
05:21:33 test_mountains 1 2.59 22.25 2543
05:21:35 test_mountains 1 2.94 21.90 2543
05:21:37 test_mountains 1 3.08 21.75 2543
05:21:39 test_mountains 1 3.45 21.38 2543
05:21:41 test_mountains 1 3.58 21.25 2543
05:21:43 test_mountains 1 3.97 20.86 2543
05:21:45 test_mountains 1 4.04 20.79 2543
05:21:47 test_mountains 1 4.06 20.77 2543
05:21:49 test_mountains 1 4.12 20.70 2543
05:21:51 test_mountains 1 4.30 20.53 2543
05:21:53 test_mountains 1 4.57 20.26 2543
05:21:55 test_mountains 1 4.80 20.03 2543
05:21:57 test_mountains 1 4.96 19.87 2543
05:21:59 test_mountains 1 4.98 19.85 2543
05:22:01 test_mountains 1 5.12 19.71 2543
05:22:03 test_mountains 1 5.22 19.61 2543
05:22:05 test_mountains 1 5.24 19.59 2543
05:22:07 test_mountains 1 5.24 19.59 2543
05:22:09 test_mountains 1 5.26 19.98 2543
05:22:11 test_mountains 1 5.26 19.90 2543
05:22:13 test_mountains 1 5.26 19.67 2543
05:22:15 test_mountains 1 5.26 19.66 2543
05:22:17 test_mountains 1 5.26 19.65 2543
05:22:19 test_mountains 1 5.26 19.66 2543
05:22:21 test_mountains 1 5.26 19.65 2543
05:22:23 test_mountains 1 5.26 19.66 2543
05:22:25 test_mountains 1 5.27 19.65 2543
05:22:27 test_mountains 1 5.28 19.63 2543
05:22:29 test_mountains 1 5.30 19.61 2543
05:22:31 test_mountains 1 5.30 19.61 2543
05:22:33 test_mountains 1 5.37 19.53 2543
05:22:35 test_mountains 1 5.68 19.23 2543
05:22:37 test_mountains 1 5.69 19.20 2543
05:22:39 test_mountains 1 5.70 19.19 2543
05:22:41 test_mountains 1 5.70 19.19 2543
05:22:43 test_mountains 1 5.71 19.19 2543
05:22:45 test_mountains 1 5.71 19.19 2659
05:22:47 test_mountains 1 5.71 19.19 2659
05:22:49 test_mountains 1 5.71 19.18 2659
05:22:51 test_mountains 1 5.71 19.18 2659
05:22:53 test_mountains 1 5.71 19.18 2659
05:22:55 test_mountains 1 5.71 19.17 2659
05:22:57 test_mountains 1 5.71 19.17 2659
05:22:59 test_mountains 1 5.71 19.17 2659
05:23:01 test_mountains 1 5.78 19.10 2659
05:23:03 test_mountains 1 5.71 19.17 2659
05:23:05 test_mountains 1 5.71 19.16 2659
05:23:07 test_mountains 1 5.71 19.17 2659
05:23:09 test_mountains 1 5.71 19.17 2659
05:23:11 test_mountains 1 5.71 19.17 2659
05:23:13 test_mountains 1 5.88 19.01 2659
05:23:15 test_mountains 1 5.90 18.99 2659
05:23:17 test_mountains 1 5.90 18.98 2659
05:23:19 test_mountains 1 5.90 18.98 2659
05:23:21 test_mountains 1 5.91 18.97 2659
05:23:23 test_mountains 1 5.91 18.97 2659
05:23:25 test_mountains 1 5.91 18.97 2659
05:23:27 test_mountains 1 5.91 18.97 2659
05:23:29 test_mountains 1 5.91 18.97 2659
05:23:31 test_mountains 1 5.91 18.97 2659
05:23:33 test_mountains 1 5.91 18.97 2659
05:23:35 test_mountains 1 5.91 18.97 2659
05:23:37 test_mountains 1 5.91 18.97 2659
05:23:39 test_mountains 1 5.91 18.97 2659
05:23:41 test_mountains 1 5.91 18.97 2659
05:23:43 test_mountains 1 5.91 18.97 2659
05:23:45 test_mountains 1 6.19 18.68 2659
05:23:47 test_mountains 1 6.40 18.47 2659
05:23:49 test_mountains 1 6.42 18.45 2659
05:23:51 test_mountains 1 6.43 18.44 2659
05:23:53 test_mountains 1 6.43 18.44 2659
05:23:55 test_mountains 1 6.43 18.44 2659
05:23:57 test_mountains 1 6.44 18.44 2659
05:23:59 test_mountains 1 6.44 18.44 2659
05:24:01 test_mountains 1 6.47 18.40 2659
05:24:03 test_mountains 1 6.52 18.35 2659
05:24:05 test_mountains 1 6.58 18.29 2659
05:24:07 test_mountains 1 6.59 18.27 2659
05:24:09 test_mountains 1 6.60 18.27 2659
05:24:11 test_mountains 1 6.59 18.27 2659
05:24:13 test_mountains 1 6.59 18.27 2659
05:24:15 test_mountains 1 6.60 18.27 2659
05:24:17 test_mountains 1 6.59 18.27 2659
05:24:19 test_mountains 1 6.60 18.27 2659
05:24:21 test_mountains 1 6.59 18.28 2659
05:24:23 test_mountains 1 6.59 18.28 2659
05:24:25 test_mountains 1 6.60 18.28 2659
05:24:27 test_mountains 1 6.60 18.28 2659
05:24:29 test_mountains 1 6.60 18.28 2659
05:24:31 test_mountains 1 6.60 18.28 2659
05:24:33 test_mountains 1 6.60 18.28 2659
05:24:35 test_mountains 1 6.60 18.27 2659
05:24:37 test_mountains 1 6.70 18.17 2659
05:24:39 test_mountains 1 6.84 18.03 2659
05:24:41 test_mountains 1 6.86 18.00 2659
05:24:43 test_mountains 1 6.86 18.00 2659
05:24:45 test_mountains 1 6.86 18.00 2659
05:24:47 test_mountains 1 6.86 18.00 2659
05:24:49 test_mountains 1 6.86 18.00 2659
05:24:51 test_mountains 1 6.86 18.00 2659
05:24:53 test_mountains 1 7.08 17.78 2659
05:24:55 test_mountains 1 7.10 17.76 2659
05:24:57 test_mountains 1 7.12 17.74 2659
05:24:59 test_mountains 1 7.11 17.75 2659
05:25:01 test_mountains 1 7.11 17.76 2659
05:25:03 test_mountains 1 7.11 17.76 2659
05:25:05 test_mountains 1 7.11 17.76 2659
05:25:07 test_mountains 1 7.12 17.74 2659
05:25:09 test_mountains 1 7.12 17.74 2659
05:25:11 test_mountains 1 7.12 17.74 2659
05:25:13 test_mountains 1 7.12 17.74 2659
05:25:15 test_mountains 1 7.12 17.74 2659
05:25:17 test_mountains 1 7.13 17.74 2659
05:25:19 test_mountains 1 7.13 17.74 2659
05:25:21 test_mountains 1 7.13 17.74 2659
05:25:23 test_mountains 1 7.13 17.74 2659
05:25:25 test_mountains 1 7.13 17.73 2659
05:25:27 test_mountains 1 7.13 17.73 2659
05:25:29 test_mountains 1 7.13 17.73 2659
05:25:31 test_mountains 1 7.13 17.73 2659
05:25:33 test_mountains 1 7.13 17.74 2659
05:25:35 test_mountains 1 7.13 17.74 2659
05:25:37 test_mountains 1 7.13 17.74 2659
05:25:39 test_mountains 1 7.15 17.71 2659
05:25:41 test_mountains 1 7.17 17.69 2659
05:25:43 test_mountains 1 7.17 17.69 2659
05:25:45 test_mountains 1 7.18 17.68 2659
05:25:47 test_mountains 1 7.19 17.68 2659
05:25:49 test_mountains 1 7.19 17.68 2659
05:25:51 test_mountains 1 7.19 17.68 2659
05:25:53 test_mountains 1 7.19 17.68 2659
05:25:55 test_mountains 1 7.19 17.68 2659
05:25:57 test_mountains 1 7.19 17.68 2659
05:25:59 test_mountains 1 7.19 17.68 2659
05:26:01 test_mountains 1 7.19 17.67 2659
05:26:03 test_mountains 1 7.19 17.67 2659
05:26:05 test_mountains 1 7.19 17.67 2659
05:26:07 test_mountains 1 7.19 17.67 2659
05:26:09 test_mountains 1 7.19 17.67 2659
05:26:11 test_mountains 1 7.19 17.67 2659
05:26:13 test_mountains 1 7.19 17.68 2659
05:26:15 test_mountains 1 7.19 17.68 2659
05:26:17 test_mountains 1 7.19 17.68 2659
05:26:19 test_mountains 1 7.20 17.67 2659
05:26:21 test_mountains 1 7.20 17.67 2659
05:26:23 test_mountains 1 7.20 17.67 2659
05:26:25 test_mountains 1 7.20 17.67 2659
05:26:27 test_mountains 1 7.20 17.67 2659
05:26:29 test_mountains 1 7.20 17.67 2659
05:26:31 test_mountains 1 7.20 17.67 2659
05:26:33 test_mountains 1 7.20 17.66 2659
05:26:35 test_mountains 1 7.20 17.66 2659
05:26:37 test_mountains 1 7.20 17.65 2659
05:26:39 test_mountains 1 7.20 17.65 2659
05:26:41 test_mountains 1 7.20 17.65 2659
05:26:43 test_mountains 1 7.20 17.65 2659
05:26:45 test_mountains 1 7.20 17.65 2659
05:26:47 test_mountains 1 7.20 17.65 2659
05:26:49 test_mountains 1 7.20 17.65 2659
05:26:51 test_mountains 1 7.20 17.65 2659
05:26:53 test_mountains 1 7.20 17.65 2659
05:26:55 test_mountains 1 7.20 17.65 2659
05:26:57 test_mountains 1 7.22 18.01 2659
05:26:59 test_mountains 1 7.20 17.40 2659
05:27:01 test_mountains 1 7.20 17.44 2659
05:27:03 test_mountains 1 7.20 17.47 2659
05:27:05 test_mountains 1 7.20 17.47 2659
05:27:07 test_mountains 1 7.20 17.49 2659
05:27:09 test_mountains 1 7.21 17.39 2659
05:27:11 test_mountains 1 7.21 17.40 2659
05:27:13 test_mountains 1 7.21 17.39 2659
05:27:15 test_mountains 1 7.21 17.61 2659
05:27:17 test_mountains 1 7.53 17.29 2659
05:27:19 test_mountains 1 7.55 17.27 2659
05:27:21 test_mountains 1 8.02 16.80 2659
05:27:23 test_mountains 1 8.03 16.78 2659
05:27:25 test_mountains 1 8.03 16.78 2659
05:27:27 test_mountains 1 8.03 16.78 2659
05:27:29 test_mountains 1 8.05 16.76 2659
05:27:31 test_mountains 1 8.05 16.80 2659
05:27:33 test_mountains 1 8.05 16.81 2659
05:27:35 test_mountains 1 8.05 16.81 2659
05:27:37 test_mountains 1 8.05 16.81 2659
05:27:39 test_mountains 1 8.05 16.80 2659
05:27:41 test_mountains 1 8.06 16.79 2659
05:27:43 test_mountains 1 8.05 16.80 2659
05:27:45 test_mountains 1 8.16 16.69 2659
05:27:47 test_mountains 1 8.37 16.49 2659
05:27:49 test_mountains 1 8.40 16.45 2659
05:27:51 test_mountains 1 8.42 16.43 2659
05:27:53 test_mountains 1 8.44 16.41 2659
05:27:55 test_mountains 1 8.43 16.43 2659
05:27:57 test_mountains 1 8.43 16.43 2659
05:27:59 test_mountains 1 8.43 16.43 2659
05:28:01 test_mountains 1 8.43 16.43 2659
05:28:03 test_mountains 1 8.43 16.43 2659
05:28:05 test_mountains 1 8.43 16.43 2659
05:28:07 test_mountains 1 8.43 16.42 2659
05:28:09 test_mountains 1 8.43 16.42 2659
05:28:11 test_mountains 1 8.43 16.43 2659
05:28:13 test_mountains 1 8.43 16.43 2659
05:28:15 test_mountains 1 8.43 16.42 2659
05:28:17 test_mountains 1 8.43 16.42 2659
05:28:19 test_mountains 1 8.43 16.42 2659
05:28:21 test_mountains 1 8.43 16.42 2659
05:28:23 test_mountains 1 8.43 16.42 2659
05:28:25 test_mountains 1 8.43 16.42 2659
05:28:27 test_mountains 1 8.43 16.42 2659
05:28:29 test_mountains 1 8.43 16.42 2659
05:28:31 test_mountains 1 8.43 16.42 2659
05:28:33 test_mountains 1 8.43 16.41 2659
05:28:35 test_mountains 1 8.43 16.41 2659
05:28:37 test_mountains 1 8.43 16.41 2659
05:28:39 test_mountains 1 8.41 16.42 3388
05:28:41 test_mountains 1 8.41 16.42 3388
05:28:43 test_mountains 1 0.27 24.58 3389
05:28:45 test_biomes 1 0.30 24.55 3407
05:28:47 test_biomes 1 0.30 24.55 3407
05:28:49 test_biomes 1 0.30 24.55 3407
05:28:51 test_biomes 1 0.30 24.55 3407
05:28:53 test_biomes 1 0.30 24.56 3407
05:28:55 test_biomes 1 0.30 24.56 3407
05:28:57 test_biomes 1 0.30 24.55 3407
05:28:59 test_biomes 1 0.30 24.55 3407
05:29:01 test_biomes 1 0.41 24.45 3407
05:29:03 test_biomes 1 0.48 24.38 3407
05:29:05 test_biomes 1 0.63 24.22 3407
05:29:07 test_biomes 1 0.80 24.06 3407
05:29:09 test_biomes 1 1.15 23.71 3407
05:29:11 test_biomes 1 1.46 23.40 3407
05:29:13 test_biomes 1 1.72 23.13 3407
05:29:15 test_biomes 1 1.93 22.92 3407
05:29:17 test_biomes 1 2.09 22.76 3407
05:29:19 test_biomes 1 2.39 22.46 3407
05:29:21 test_biomes 1 2.77 22.08 3407
05:29:23 test_biomes 1 2.82 22.03 3407
05:29:25 test_biomes 1 2.91 21.95 3407
05:29:27 test_biomes 1 3.14 21.71 3407
05:29:29 test_biomes 1 3.31 21.54 3407
05:29:31 test_biomes 1 3.65 21.20 3407
05:29:33 test_biomes 1 3.68 21.16 3407
05:29:35 test_biomes 1 3.86 20.99 3407
05:29:37 test_biomes 1 3.87 20.97 3407
05:29:39 test_biomes 1 3.88 20.97 3407
05:29:41 test_biomes 1 4.20 20.64 3407
05:29:43 test_biomes 1 4.49 20.35 3407
05:29:45 test_biomes 1 4.80 20.04 3407
05:29:47 test_biomes 1 4.81 20.01 3407
05:29:49 test_biomes 1 4.81 20.03 3407
05:29:51 test_biomes 1 4.81 20.03 3407
05:29:53 test_biomes 1 4.82 20.03 3407
05:29:55 test_biomes 1 4.82 20.02 3407
05:29:57 test_biomes 1 4.82 20.02 3407
05:29:59 test_biomes 1 4.82 20.02 3407
05:30:01 test_biomes 1 4.82 20.02 3521
05:30:03 test_biomes 1 4.82 20.02 3521
05:30:05 test_biomes 1 4.82 20.02 3521
05:30:07 test_biomes 1 4.84 20.41 3521
05:30:09 test_biomes 1 4.97 19.95 3521
05:30:11 test_biomes 1 5.49 19.44 3521
05:30:13 test_biomes 1 5.92 19.00 3521
05:30:15 test_biomes 1 6.27 18.65 3521
05:30:17 test_biomes 1 6.69 18.22 3521
05:30:19 test_biomes 1 6.89 18.02 3521
05:30:21 test_biomes 1 7.26 17.65 3521
05:30:23 test_biomes 1 7.53 17.37 3521
05:30:25 test_biomes 1 7.82 17.07 3521
05:30:27 test_biomes 1 8.07 16.82 3521
05:30:29 test_biomes 1 8.09 16.80 3521
05:30:31 test_biomes 1 8.09 16.80 3521
05:30:33 test_biomes 1 8.35 16.54 3521
05:30:35 test_biomes 1 8.68 16.21 3521
05:30:37 test_biomes 1 8.70 16.19 3521
05:30:39 test_biomes 1 8.71 16.18 3521
05:30:41 test_biomes 1 8.71 16.17 3521
05:30:43 test_biomes 1 8.71 16.16 3521
05:30:45 test_biomes 1 8.71 16.16 3521
05:30:47 test_biomes 1 8.71 16.16 3521
05:30:49 test_biomes 1 8.71 16.16 3521
05:30:51 test_biomes 1 8.71 16.16 3521
05:30:53 test_biomes 1 8.72 16.16 3521
05:30:55 test_biomes 1 8.72 16.16 3521
05:30:57 test_biomes 1 8.72 16.16 3521
05:30:59 test_biomes 1 8.73 16.16 3521
05:31:01 test_biomes 1 8.73 16.16 3521
05:31:03 test_biomes 1 8.73 16.15 3521
05:31:05 test_biomes 1 8.73 16.15 3521
05:31:07 test_biomes 1 8.74 16.14 3521
05:31:09 test_biomes 1 8.74 16.14 3521
05:31:11 test_biomes 1 8.74 16.14 3521
05:31:13 test_biomes 1 8.74 16.14 3521
05:31:15 test_biomes 1 8.74 16.14 3521
05:31:17 test_biomes 1 8.74 16.14 3521
05:31:19 test_biomes 1 8.74 16.14 3521
05:31:21 test_biomes 1 8.74 16.14 3521
05:31:23 test_biomes 1 8.74 16.15 3521
05:31:25 test_biomes 1 8.74 16.15 3521
05:31:27 test_biomes 1 8.74 16.02 3521
05:31:29 test_biomes 1 8.75 15.53 3521
05:31:31 test_biomes 1 8.73 16.13 3521
05:31:33 test_biomes 1 8.73 16.01 3521
05:31:35 test_biomes 1 8.73 16.14 3521
05:31:37 test_biomes 1 8.73 16.14 3521
05:31:39 test_biomes 1 8.73 16.14 3521
05:31:41 test_biomes 1 8.73 16.14 3521
05:31:43 test_biomes 1 8.73 16.14 3521
05:31:45 test_biomes 1 8.73 16.14 3521
05:31:47 test_biomes 1 8.73 16.14 3521
05:31:49 test_biomes 1 8.73 16.14 3521
05:31:51 test_biomes 1 8.73 16.14 3521
05:31:53 test_biomes 1 8.73 16.14 3521
05:31:55 test_biomes 1 8.73 16.13 3521
05:31:57 test_biomes 1 8.73 16.13 3521
05:31:59 test_biomes 1 8.73 16.14 3521
05:32:01 test_biomes 1 8.73 16.14 3521
05:32:03 test_biomes 1 8.73 16.14 3521
05:32:05 test_biomes 1 8.73 16.14 3521
05:32:07 test_biomes 1 8.73 16.14 3521
05:32:09 test_biomes 1 8.73 16.14 3521
05:32:11 test_biomes 1 8.73 16.14 3521
05:32:13 test_biomes 1 8.73 16.14 3521
05:32:15 test_biomes 1 8.73 16.14 3521
05:32:17 test_biomes 1 8.73 16.14 3521
05:32:19 test_biomes 1 8.73 16.14 3521
05:32:21 test_biomes 1 8.73 16.14 3521
05:32:23 test_biomes 1 8.74 16.13 3521
05:32:25 test_biomes 1 8.74 16.13 3521
05:32:27 test_biomes 1 8.74 16.13 3521
05:32:29 test_biomes 1 8.74 16.13 3521
05:32:31 test_biomes 1 8.74 16.13 3521
05:32:33 test_biomes 1 8.74 16.13 3521
05:32:35 test_biomes 1 8.74 16.13 3521
05:32:37 test_biomes 1 8.74 16.13 3521
05:32:39 test_biomes 1 8.74 16.12 3521
05:32:41 test_biomes 1 8.74 16.12 3521
05:32:43 test_biomes 1 8.74 16.13 3521
05:32:45 test_biomes 1 8.74 16.12 3521
05:32:47 test_biomes 1 8.74 16.12 3521
05:32:49 test_biomes 1 8.74 16.12 3634
05:32:51 test_biomes 1 8.74 16.12 3634
05:32:53 test_biomes 1 8.74 16.12 3634
05:32:55 test_biomes 1 8.74 16.12 3634
05:32:57 test_biomes 1 8.74 16.12 3634
05:32:59 test_biomes 1 8.74 16.12 3634
05:33:01 test_biomes 1 8.74 16.12 3634
05:33:03 test_biomes 1 8.74 16.12 3634
05:33:05 test_biomes 1 8.74 16.11 3634
05:33:07 test_biomes 1 8.74 16.11 3634
05:33:09 test_biomes 1 8.74 16.11 3634
05:33:11 test_biomes 1 8.74 16.10 3634
05:33:13 test_biomes 1 8.74 16.12 3634
05:33:15 test_biomes 1 8.73 16.13 3634
05:33:17 test_biomes 1 8.73 16.12 3634
05:33:19 test_biomes 2 8.94 15.98 3634
05:33:21 test_biomes 2 8.94 15.98 3634
05:33:23 test_biomes 2 8.94 15.98 3634
05:33:25 test_biomes 2 8.94 15.98 3634
05:33:27 test_biomes 2 8.94 15.98 3634
05:33:29 test_biomes 2 8.97 15.95 3634
05:33:31 test_biomes 2 8.98 15.94 3634
05:33:33 test_biomes 2 9.03 15.88 3634
05:33:35 test_biomes 2 9.14 15.78 3634
05:33:37 test_biomes 2 9.22 15.70 3634
05:33:39 test_biomes 2 9.41 15.50 3634
05:33:41 test_biomes 2 9.55 15.36 3634
05:33:43 test_biomes 2 9.57 15.35 3634
05:33:45 test_biomes 2 10.01 14.90 3634
05:33:47 test_biomes 2 10.27 14.64 3634
05:33:49 test_biomes 2 10.44 14.47 3634
05:33:51 test_biomes 2 10.47 14.44 3634
05:33:53 test_biomes 2 11.00 13.91 3634
05:33:55 test_biomes 2 11.23 13.69 3634
05:33:57 test_biomes 2 11.39 13.52 3634
05:33:59 test_biomes 2 11.77 13.14 3634
05:34:01 test_biomes 2 11.90 13.01 3634
05:34:03 test_biomes 2 12.27 12.64 3634
05:34:05 test_biomes 2 12.54 12.38 3634
05:34:07 test_biomes 2 12.79 12.13 3634
05:34:09 test_biomes 2 12.92 11.99 3634
05:34:11 test_biomes 2 13.20 11.43 3634
05:34:13 test_biomes 2 13.22 11.40 3634
05:34:15 test_biomes 2 13.22 11.40 3634
05:34:17 test_biomes 2 13.50 11.12 3634
05:34:19 test_biomes 2 13.54 11.07 3634
05:34:21 test_biomes 2 13.68 11.22 3634
05:34:23 test_biomes 2 13.70 11.21 3634
05:34:25 test_biomes 2 13.71 11.20 3634
05:34:27 test_biomes 2 13.71 11.20 3634
05:34:29 test_biomes 2 13.71 11.19 3634
05:34:31 test_biomes 2 13.71 11.19 3634
05:34:33 test_biomes 2 13.71 11.19 3634
05:34:35 test_biomes 2 13.71 11.19 3634
05:34:37 test_biomes 2 13.72 11.19 3634
05:34:39 test_biomes 2 13.72 11.19 3634
05:34:41 test_biomes 2 13.73 11.18 3634
05:34:43 test_biomes 2 13.95 10.96 3634
05:34:45 test_biomes 2 13.96 10.95 3634
05:34:47 test_biomes 2 14.00 10.91 3634
05:34:49 test_biomes 2 14.04 10.87 3634
05:34:51 test_biomes 2 13.94 10.98 3634
05:34:53 test_biomes 2 8.94 15.98 3634
05:34:56 test_biomes 2 8.94 15.99 3634
05:34:58 test_biomes 2 8.94 15.99 3634
05:35:00 test_biomes 2 8.94 15.98 3634
05:35:02 test_biomes 2 8.94 15.98 3634
05:35:04 test_biomes 2 8.96 15.96 3634
05:35:06 test_biomes 2 8.97 15.95 3634
05:35:08 test_biomes 2 8.98 15.94 3634
05:35:10 test_biomes 2 9.05 15.87 3634
05:35:12 test_biomes 2 9.21 15.72 3634
05:35:14 test_biomes 2 9.41 15.51 3634
05:35:16 test_biomes 2 9.55 15.37 3634
05:35:18 test_biomes 2 9.57 15.36 3634
05:35:20 test_biomes 2 9.81 14.51 3634
05:35:22 test_biomes 2 10.01 14.33 3634
05:35:24 test_biomes 2 10.24 14.02 3634
05:35:26 test_biomes 2 10.43 13.70 3634
05:35:28 test_biomes 2 10.44 13.68 3634
05:35:30 test_biomes 2 10.44 13.70 3634
05:35:32 test_biomes 2 10.48 13.59 3634
05:35:34 test_biomes 2 10.84 13.20 3634
05:35:36 test_biomes 2 11.05 13.87 3634
05:35:38 test_biomes 2 11.24 13.69 3634
05:35:40 test_biomes 2 11.52 13.40 3634
05:35:42 test_biomes 2 11.78 13.14 3634
05:35:44 test_biomes 2 11.95 12.96 3634
05:35:46 test_biomes 2 12.28 12.63 3634
05:35:48 test_biomes 2 12.60 12.31 3634
05:35:50 test_biomes 2 12.81 12.11 3634
05:35:52 test_biomes 2 12.92 11.99 3634
05:35:54 test_biomes 2 13.20 11.71 3634
05:35:56 test_biomes 2 13.22 11.69 3634
05:35:58 test_biomes 2 13.29 11.62 3634
05:36:00 test_biomes 2 13.50 11.41 3634
05:36:02 test_biomes 2 13.55 11.36 3634
05:36:04 test_biomes 2 13.68 11.23 3634
05:36:06 test_biomes 2 13.70 11.21 3634
05:36:08 test_biomes 2 13.71 11.20 3634
05:36:10 test_biomes 2 13.71 11.20 3634
05:36:12 test_biomes 2 13.71 11.19 3634
05:36:14 test_biomes 2 13.71 11.20 3634
05:36:16 test_biomes 2 13.71 11.20 3634
05:36:18 test_biomes 2 13.71 11.20 3634
05:36:20 test_biomes 2 13.72 11.19 3634
05:36:22 test_biomes 2 13.72 11.20 3634
05:36:24 test_biomes 2 13.86 11.06 3634
05:36:26 test_biomes 2 13.95 10.97 3634
05:36:28 test_biomes 2 13.96 10.96 3634
05:36:30 test_biomes 2 14.02 10.90 3634
05:36:32 test_biomes 2 14.04 10.88 3634
05:36:34 test_biomes 2 13.94 10.98 3634
05:36:36 test_biomes 1 8.72 15.85 53559
05:36:38 test_biomes 1 8.72 15.85 53559
05:36:40 test_biomes 0 0.00 24.53 53559
05:36:42 test_biomes 1 0.27 24.32 53560
05:36:44 test_water 1 0.30 24.28 53577
05:36:46 test_water 1 0.30 24.28 53577
05:36:48 test_water 1 0.30 24.28 53577
05:36:50 test_water 1 0.30 24.28 53577
05:36:52 test_water 1 0.30 24.29 53577
05:36:54 test_water 1 0.30 24.58 53577
05:36:56 test_water 1 0.30 24.58 53577
05:36:58 test_water 1 0.30 24.58 53577
05:37:00 test_water 1 0.30 24.58 53577
05:37:02 test_water 1 0.30 24.58 53577
05:37:04 test_water 1 0.36 24.52 53577
05:37:06 test_water 1 0.83 24.06 53577
05:37:08 test_water 1 0.93 23.95 53577
05:37:10 test_water 1 1.09 23.79 53577
05:37:12 test_water 1 1.48 23.40 53577
05:37:14 test_water 1 1.64 23.24 53577
05:37:16 test_water 1 1.76 23.12 53577
05:37:18 test_water 1 2.16 22.72 53577
05:37:20 test_water 1 2.44 22.43 53577
05:37:22 test_water 1 2.78 22.09 53577
05:37:24 test_water 1 2.97 21.90 53577
05:37:26 test_water 1 3.21 21.66 53577
05:37:28 test_water 1 3.49 21.38 53577
05:37:30 test_water 1 3.71 21.16 53577
05:37:32 test_water 1 3.74 21.14 53577
05:37:34 test_water 1 3.74 20.86 53577
05:37:36 test_water 1 3.83 21.06 53577
05:37:38 test_water 1 3.98 20.91 53577
05:37:40 test_water 1 3.99 20.90 53577
05:37:42 test_water 1 3.99 20.89 53577
05:37:44 test_water 1 4.06 20.82 53577
05:37:46 test_water 1 4.15 20.74 53577
05:37:48 test_water 1 4.16 20.73 53577
05:37:50 test_water 1 4.27 20.62 53577
05:37:52 test_water 1 4.29 20.60 53577
05:37:54 test_water 1 4.30 20.58 53577
05:37:56 test_water 1 4.31 20.58 53577
05:37:58 test_water 1 4.31 20.58 53577
05:38:00 test_water 1 4.31 20.58 53577
05:38:02 test_water 1 4.31 20.57 53577
05:38:04 test_water 1 4.31 20.57 53577
05:38:06 test_water 1 4.31 20.57 53577
05:38:08 test_water 1 4.31 20.57 53577
05:38:10 test_water 1 4.31 20.57 53577
05:38:12 test_water 1 4.31 20.57 53577
05:38:14 test_water 1 4.31 20.57 53577
05:38:16 test_water 1 4.31 20.57 53577
05:38:18 test_water 1 4.47 20.41 53577
05:38:20 test_water 1 4.50 20.38 53577
05:38:22 test_water 1 4.52 20.36 53577
05:38:24 test_water 1 4.53 20.35 53577
05:38:26 test_water 1 4.53 20.35 53577
05:38:28 test_water 1 4.53 20.35 53577
05:38:30 test_water 1 4.53 20.35 53577
05:38:32 test_water 1 4.53 20.34 53577
05:38:34 test_water 1 4.53 20.34 53577
05:38:36 test_water 1 4.53 20.34 53577
05:38:38 test_water 1 4.53 20.34 53577
05:38:40 test_water 1 4.53 20.34 53577
05:38:42 test_water 1 4.53 20.34 53577
05:38:44 test_water 1 4.53 20.33 53577
05:38:46 test_water 1 4.53 20.33 53577
05:38:48 test_water 1 4.53 20.33 53577
05:38:50 test_water 1 4.63 20.23 53577
05:38:52 test_water 1 4.98 19.88 53577
05:38:54 test_water 1 5.23 19.64 53577
05:38:56 test_water 1 5.62 19.25 53577
05:38:58 test_water 1 5.71 19.15 53577
05:39:00 test_water 1 5.71 19.15 53577
05:39:02 test_water 1 5.72 19.13 53577
05:39:04 test_water 1 5.72 19.13 53577
05:39:06 test_water 1 5.76 19.09 53577
05:39:08 test_water 1 6.03 18.83 53577
05:39:10 test_water 1 6.24 18.62 53577
05:39:12 test_water 1 6.65 18.20 53577
05:39:14 test_water 1 6.72 18.13 53577
05:39:16 test_water 1 6.74 18.11 53577
05:39:18 test_water 1 6.75 18.11 53577
05:39:20 test_water 1 6.75 18.09 53577
05:39:22 test_water 1 6.75 18.09 53577
05:39:24 test_water 1 6.75 18.09 53577
05:39:26 test_water 1 6.75 18.09 53577
05:39:28 test_water 1 6.75 18.09 53577
05:39:30 test_water 1 6.75 18.09 53577
05:39:32 test_water 1 6.75 18.09 53577
05:39:34 test_water 1 6.75 18.09 53577
05:39:36 test_water 1 6.88 17.95 53577
05:39:38 test_water 1 6.91 17.93 53577
05:39:40 test_water 1 6.90 17.94 53577
05:39:42 test_water 1 6.90 17.94 53577
05:39:44 test_water 1 6.92 17.92 53577
05:39:46 test_water 1 6.92 17.92 53577
05:39:48 test_water 1 6.91 17.93 53577
05:39:50 test_water 1 6.91 17.93 53577
05:39:52 test_water 1 6.91 17.93 53577
05:39:54 test_water 1 6.91 17.93 53577
05:39:56 test_water 1 7.10 17.74 53577
05:39:58 test_water 1 7.34 17.50 53577
05:40:00 test_water 1 7.44 17.40 53577
05:40:02 test_water 1 7.46 17.38 53577
05:40:04 test_water 1 7.46 17.38 53577
05:40:06 test_water 1 7.46 17.38 53577
05:40:08 test_water 1 7.46 17.38 53577
05:40:10 test_water 1 7.46 17.38 53577
05:40:12 test_water 1 7.46 17.38 53577
05:40:14 test_water 1 7.46 17.38 53577
05:40:16 test_water 1 7.46 17.38 53577
05:40:18 test_water 1 7.46 17.38 53577
05:40:20 test_water 1 7.46 17.38 53577
05:40:22 test_water 1 7.46 17.38 53577
05:40:24 test_water 1 7.46 17.38 53577
05:40:26 test_water 1 7.47 17.37 53577
05:40:28 test_water 1 7.47 17.37 53577
05:40:30 test_water 1 7.46 17.38 53577
05:40:32 test_water 1 7.46 17.38 53577
05:40:34 test_water 1 7.47 17.36 53577
05:40:36 test_water 1 7.46 17.37 53577
05:40:38 test_water 1 7.46 17.37 53577
05:40:40 test_water 1 7.46 17.37 53577
05:40:42 test_water 1 7.46 17.37 53577
05:40:44 test_water 1 7.46 17.37 53577
05:40:46 test_water 1 7.47 17.36 53577
05:40:48 test_water 1 7.47 17.37 53577
05:40:50 test_water 1 7.47 17.37 53577
05:40:52 test_water 1 7.61 17.23 53577
05:40:54 test_water 1 7.61 17.23 53577
05:40:56 test_water 1 7.63 17.20 53577
05:40:58 test_water 1 7.64 17.20 53577
05:41:00 test_water 1 7.65 17.18 53577
05:41:02 test_water 1 7.66 17.18 53577
05:41:04 test_water 1 7.64 17.19 53577
05:41:06 test_water 1 7.65 17.18 53577
05:41:08 test_water 1 7.76 17.07 53577
05:41:10 test_water 1 7.99 16.84 53577
05:41:12 test_water 1 8.05 16.75 53577
05:41:14 test_water 1 8.07 16.76 53577
05:41:16 test_water 1 8.08 16.75 53577
05:41:18 test_water 1 8.08 16.75 53577
05:41:20 test_water 1 8.08 16.75 53577
05:41:22 test_water 1 8.08 16.75 53577
05:41:24 test_water 1 8.08 16.74 53577
05:41:26 test_water 1 8.08 16.74 53577
05:41:28 test_water 1 8.08 16.74 53577
05:41:30 test_water 1 8.08 16.74 53577
05:41:32 test_water 1 8.08 16.74 53577
05:41:34 test_water 1 8.08 16.74 53577
05:41:36 test_water 1 8.08 16.74 53577
05:41:38 test_water 1 8.08 16.74 53577
05:41:40 test_water 1 8.08 16.75 53577
05:41:42 test_water 1 8.08 16.75 53577
05:41:44 test_water 1 8.08 16.75 53577
05:41:46 test_water 1 8.08 16.75 53577
05:41:48 test_water 1 8.08 16.75 53577
05:41:50 test_water 1 8.08 16.75 53577
05:41:52 test_water 1 8.08 16.75 53577
05:41:54 test_water 1 8.08 16.75 53577
05:41:56 test_water 1 8.08 16.74 53577
05:41:58 test_water 1 8.08 16.75 53577
05:42:00 test_water 1 8.08 16.75 53691
05:42:02 test_water 1 8.08 16.75 53691
05:42:04 test_water 1 8.08 16.74 53691
05:42:06 test_water 1 8.08 16.74 53691
05:42:08 test_water 1 8.35 16.47 53691
05:42:10 test_water 1 8.49 16.33 53691
05:42:12 test_water 1 8.45 16.37 53691
05:42:14 test_water 1 8.45 16.37 53691
05:42:16 test_water 1 8.45 16.37 53691
05:42:18 test_water 1 8.45 16.36 53691
05:42:20 test_water 1 8.46 16.36 53691
05:42:22 test_water 1 8.46 16.37 53691
05:42:24 test_water 1 8.49 16.34 53691
05:42:26 test_water 1 8.49 16.35 53691
05:42:28 test_water 1 8.64 16.19 53691
05:42:30 test_water 1 8.66 16.17 53691
05:42:32 test_water 1 8.73 16.10 53691
05:42:34 test_water 1 8.75 16.08 53691
05:42:36 test_water 1 9.24 15.58 53691
05:42:38 test_water 1 9.49 15.33 53691
05:42:40 test_water 1 9.87 14.95 53691
05:42:42 test_water 1 10.26 14.56 53691
05:42:44 test_water 1 10.52 14.30 53691
05:42:46 test_water 1 10.58 14.25 53691
05:42:48 test_water 1 10.78 14.04 53691
05:42:50 test_water 1 11.17 13.64 53691
05:42:52 test_water 1 11.37 13.44 53691
05:42:54 test_water 1 11.51 13.31 53691
05:42:56 test_water 1 11.88 12.94 53691
05:42:58 test_water 1 12.13 12.68 53691
05:43:00 test_water 1 12.15 12.67 53691
05:43:02 test_water 1 12.16 12.65 53691
05:43:04 test_water 1 12.14 12.68 53691
05:43:06 test_water 1 12.14 12.68 53691
05:43:08 test_water 1 12.15 12.67 53691
05:43:10 test_water 1 12.15 12.67 53691
05:43:12 test_water 1 12.15 12.67 53691
05:43:14 test_water 1 12.15 12.67 53691
05:43:16 test_water 1 12.15 12.67 53691
05:43:18 test_water 1 12.15 12.67 53691
05:43:20 test_water 1 12.15 12.67 53691
05:43:22 test_water 1 12.15 12.67 53691
05:43:24 test_water 1 12.15 12.67 53691
05:43:26 test_water 1 12.15 12.66 53691
05:43:28 test_water 1 12.15 12.67 53691
05:43:30 test_water 1 12.16 12.66 53691
05:43:32 test_water 1 12.16 12.66 53691
05:43:34 test_water 1 12.16 12.66 53691
05:43:36 test_water 1 12.30 12.52 53691
05:43:38 test_water 1 12.53 12.29 53691
05:43:40 test_water 1 12.88 11.94 53691
05:43:42 test_water 1 13.10 11.72 53691
05:43:44 test_water 1 13.11 11.71 53691
05:43:46 test_water 1 13.11 11.71 53691
05:43:48 test_water 1 13.11 11.71 53691
05:43:50 test_water 1 13.11 11.71 53691
05:43:52 test_water 1 13.11 11.71 53691
05:43:54 test_water 1 13.18 11.64 53691
05:43:56 test_water 1 13.18 11.63 53691
05:43:58 test_water 1 13.33 11.49 53691
05:44:00 test_water 1 13.34 11.48 53802
05:44:02 test_water 1 13.34 11.48 53802
05:44:04 test_water 1 13.33 11.49 53802
05:44:06 test_water 1 13.33 11.49 53802
05:44:08 test_water 1 13.33 11.49 53802
05:44:10 test_water 1 13.33 11.49 53802
05:44:12 test_water 1 13.33 11.49 53802
05:44:14 test_water 1 13.33 11.49 53802
05:44:16 test_water 1 13.33 11.49 53802
05:44:18 test_water 1 13.33 11.49 53802
05:44:20 test_water 1 13.33 11.49 53802
05:44:22 test_water 1 13.33 11.49 53802
05:44:24 test_water 1 13.33 11.49 53802
05:44:26 test_water 1 13.33 11.49 53802
05:44:28 test_water 1 13.33 11.49 53802
05:44:30 test_water 1 13.33 11.49 53802
05:44:32 test_water 1 13.33 11.49 53802
05:44:34 test_water 1 13.33 11.49 53802
05:44:36 test_water 1 13.33 11.49 53802
05:44:38 test_water 1 13.33 11.49 53802
05:44:40 test_water 1 13.33 11.49 53802
05:44:42 test_water 1 13.33 11.50 53802
05:44:44 test_water 1 13.33 11.49 53802
05:44:46 test_water 1 13.33 11.49 53802
05:44:48 test_water 1 13.33 11.49 53802
05:44:50 test_water 1 13.33 11.49 53802
05:44:52 test_water 1 13.33 11.49 53802
05:44:54 test_water 1 13.33 11.49 53802
05:44:56 test_water 1 13.33 11.49 53802
05:44:58 test_water 1 13.33 11.90 53802
05:45:00 test_water 1 13.33 11.33 53802
05:45:02 test_water 1 13.33 11.29 53802
05:45:04 test_water 1 13.33 11.38 53802
05:45:06 test_water 1 13.33 11.38 53802
05:45:08 test_water 1 13.33 11.38 53802
05:45:10 test_water 1 13.33 11.37 53802
05:45:12 test_water 1 13.33 11.37 53802
05:45:14 test_water 1 13.33 11.52 53802
05:45:16 test_water 1 13.33 11.53 53802
05:45:18 test_water 1 13.33 11.53 53802
05:45:20 test_water 1 13.33 11.52 53802
05:45:22 test_water 1 13.33 11.52 53802
05:45:24 test_water 1 13.33 11.52 53802
05:45:26 test_water 1 13.33 11.52 53802
05:45:28 test_water 1 13.33 11.52 53802
05:45:30 test_water 1 13.33 11.51 53802
05:45:32 test_water 1 13.33 11.51 53802
05:45:34 test_water 1 13.33 11.51 53802
05:45:36 test_water 1 13.33 11.51 53802
05:45:38 test_water 1 13.33 11.51 53802
05:45:40 test_water 1 13.33 11.51 53802
05:45:42 test_water 1 13.33 11.50 53802
05:45:44 test_water 1 13.33 11.51 53802
05:45:46 test_water 1 13.33 11.51 53802
05:45:48 test_water 1 13.33 11.51 53802
05:45:50 test_water 1 13.33 11.52 53802
05:45:52 test_water 1 13.33 11.52 53802
05:45:54 test_water 1 13.33 11.52 53802
05:45:56 test_water 1 13.33 11.52 53802
05:45:58 test_water 1 13.33 11.52 53802
05:46:00 test_water 1 13.33 11.52 53802
05:46:02 test_water 1 13.33 11.51 53802
05:46:04 test_water 1 13.33 11.51 53802
05:46:06 test_water 1 13.33 11.51 53802
05:46:08 test_water 1 13.33 11.51 53802
05:46:10 test_water 1 13.33 11.51 53802
05:46:12 test_water 1 13.33 11.51 53802
05:46:14 test_water 1 13.33 11.51 53802
05:46:16 test_water 1 13.33 11.51 53802
05:46:18 test_water 1 13.33 11.51 53802
05:46:20 test_water 1 13.33 11.52 53802
05:46:22 test_water 1 13.33 11.51 53802
05:46:24 test_water 1 13.33 11.51 53802
05:46:26 test_water 1 13.33 11.51 53802
05:46:28 test_water 1 13.33 11.51 53802
05:46:30 test_water 1 13.33 11.51 53802
05:46:32 test_water 1 13.33 11.51 53802
05:46:34 test_water 1 13.33 11.51 53802
05:46:36 test_water 1 13.33 11.51 53802
05:46:38 test_water 1 13.33 11.51 53802
05:46:40 test_water 1 13.33 11.51 53802
05:46:42 test_water 1 13.33 11.51 53802
05:46:44 test_water 1 13.33 11.51 53802
05:46:46 test_water 1 13.33 11.51 53802
05:46:48 test_water 1 13.33 11.51 53802
05:46:50 test_water 1 13.33 11.51 53802
05:46:52 test_water 1 13.33 11.51 53802
05:46:54 test_water 1 13.33 11.50 53802
05:46:56 test_water 1 13.33 11.51 53802
05:46:58 test_water 1 13.33 11.51 53802
05:47:00 test_water 1 13.33 11.50 53802
05:47:02 test_water 1 13.33 11.50 53802
05:47:04 test_water 1 13.33 11.50 53802
05:47:06 test_water 1 13.33 11.50 53802
05:47:08 test_water 1 13.33 11.50 53802
05:47:10 test_water 1 13.33 11.50 53802
05:47:12 test_water 1 13.33 11.50 53802
05:47:14 test_water 1 13.33 11.50 53802
05:47:16 test_water 1 13.33 11.50 53802
05:47:18 test_water 1 13.33 11.50 53802
05:47:20 test_water 1 13.33 11.50 53802
05:47:22 test_water 1 13.33 11.50 53802
05:47:24 test_water 1 13.33 11.50 53802
05:47:26 test_water 1 13.33 11.50 53802
05:47:28 test_water 1 13.33 11.50 53907
05:47:30 test_water 1 13.33 11.50 53907
05:47:32 test_water 1 13.33 11.50 53907
05:47:34 test_water 1 13.33 11.49 53907
05:47:36 test_water 1 13.33 11.49 53907
05:47:38 test_water 1 13.33 11.49 53907
05:47:40 test_water 1 13.33 11.49 53907
05:47:42 test_water 1 13.33 11.49 53907
05:47:44 test_water 1 13.33 11.49 53907
05:47:46 test_water 1 13.33 11.49 53907
05:47:48 test_water 1 13.33 11.50 53907
05:47:50 test_water 1 13.33 11.50 53907
05:47:52 test_water 1 13.33 11.50 53907
05:47:54 test_water 1 13.33 11.50 53907
05:47:56 test_water 1 13.33 11.50 53907
05:47:58 test_water 1 13.33 11.50 53907
05:48:00 test_water 1 13.33 11.50 53907
05:48:02 test_water 1 13.33 11.50 53907
05:48:04 test_water 1 13.33 11.50 53907
05:48:06 test_water 1 13.33 11.50 53907
05:48:08 test_water 1 13.33 11.50 53907
05:48:10 test_water 1 13.33 11.50 53907
05:48:12 test_water 1 13.33 11.50 53907
05:48:14 test_water 1 13.33 11.50 53907
05:48:16 test_water 1 13.33 11.50 53907
05:48:18 test_water 1 13.33 11.50 53907
05:48:20 test_water 1 13.33 11.50 53907
05:48:22 test_water 1 13.33 11.50 53907
05:48:24 test_water 1 13.33 11.51 53907
05:48:26 test_water 1 13.33 11.50 53907
05:48:28 test_water 1 13.33 11.50 53907
05:48:30 test_water 1 13.33 11.50 53907
05:48:32 test_water 1 13.33 11.50 53907
05:48:34 test_water 1 13.33 11.50 53907
05:48:36 test_water 1 13.33 11.50 53907
05:48:38 test_water 1 13.33 11.50 53907
05:48:40 test_water 1 13.33 11.50 53907
05:48:42 test_water 1 13.33 11.49 53907
05:48:44 test_water 1 13.33 11.49 53907
05:48:46 test_water 1 13.33 11.49 53907
05:48:48 test_water 1 13.33 11.49 53907
05:48:50 test_water 1 13.33 11.49 53907
05:48:52 test_water 1 13.33 11.49 53907
05:48:54 test_water 1 13.33 11.49 53907
05:48:56 test_water 1 13.33 11.49 53907
05:48:58 test_water 1 13.33 11.49 53907
05:49:00 test_water 1 13.33 11.49 53907
05:49:02 test_water 1 13.33 11.49 53907
05:49:04 test_water 1 13.33 11.49 53907
05:49:06 test_water 1 13.33 11.48 53907
05:49:08 test_water 1 13.33 11.50 53907
05:49:10 test_water 1 13.33 11.50 53907
05:49:12 test_water 1 13.33 11.50 53907
05:49:14 test_water 1 13.33 11.49 53907
05:49:16 test_water 1 13.33 11.49 53907
05:49:18 test_water 1 13.33 11.49 53907
05:49:20 test_water 1 13.33 11.49 53907
05:49:22 test_water 1 13.33 11.49 53907
05:49:24 test_water 1 13.33 11.49 54021
05:49:26 test_water 1 13.33 11.73 54021
05:49:28 test_water 1 13.33 11.55 54021
05:49:30 test_water 1 13.33 11.86 54021
05:49:32 test_water 1 13.33 11.52 54021
05:49:34 test_water 1 13.33 11.90 54021
05:49:36 test_water 1 13.33 11.75 54021
05:49:38 test_water 1 13.33 11.60 54021
05:49:40 test_water 1 13.33 11.60 54021
05:49:42 test_water 1 13.33 11.59 54021
05:49:44 test_water 1 13.33 11.59 54021
05:49:46 test_water 1 13.33 11.59 54021
05:49:48 test_water 1 13.33 11.59 54021
05:49:50 test_water 1 13.33 11.57 54021
05:49:52 test_water 1 13.33 11.57 54021
05:49:54 test_water 1 13.33 11.56 54021
05:49:56 test_water 1 13.33 11.56 54021
05:49:58 test_water 1 13.33 11.56 54021
05:50:00 test_water 1 13.33 11.56 54021
05:50:02 test_water 1 13.33 11.55 54021
05:50:04 test_water 1 13.33 11.55 54021
05:50:07 test_water 1 13.33 11.55 54021
05:50:09 test_water 1 13.33 11.54 54021
05:50:11 test_water 1 13.33 11.54 54021
05:50:13 test_water 1 13.33 11.54 54021
05:50:14 test_water 1 13.33 11.56 54021
05:50:16 test_water 1 13.33 11.56 54021
05:50:19 test_water 1 13.33 11.56 54125
05:50:21 test_water 1 13.33 11.56 54125
05:50:23 test_water 1 13.33 11.56 54125
05:50:25 test_water 1 13.33 11.56 54125
05:50:27 test_water 1 13.33 11.55 54125
05:50:29 test_water 1 13.33 11.55 54125
05:50:31 test_water 1 13.33 11.55 54125
05:50:33 test_water 1 13.33 11.55 54125
05:50:35 test_water 1 13.33 11.55 54125
05:50:37 test_water 1 13.33 11.54 54125
05:50:39 test_water 1 13.33 11.54 54125
05:50:41 test_water 1 13.33 11.54 54125
05:50:43 test_water 1 13.33 11.54 54125
05:50:45 test_water 1 13.33 11.54 54125
05:50:47 test_water 1 13.33 11.54 54125
05:50:49 test_water 1 13.33 11.54 54125
05:50:51 test_water 1 13.33 11.54 54125
05:50:53 test_water 1 13.33 11.54 54125
05:50:55 test_water 1 13.33 11.54 54125
05:50:57 test_water 1 13.33 11.54 54125
05:50:59 test_water 1 13.33 11.53 54125
05:51:01 test_water 1 13.33 11.54 54125
05:51:03 test_water 1 13.33 11.54 54235
05:51:05 test_water 1 13.33 11.54 54235
05:51:07 test_water 1 13.33 11.54 54235
05:51:09 test_water 1 13.33 11.54 54235
05:51:11 test_water 1 13.33 11.54 54235
05:51:13 test_water 1 13.33 11.54 54235
05:51:15 test_water 1 13.33 11.54 54235
05:51:17 test_water 1 13.33 11.54 54235
05:51:19 test_water 1 13.33 11.53 54235
05:51:21 test_water 1 13.33 11.53 54235
05:51:23 test_water 1 13.33 11.53 54235
05:51:25 test_water 1 13.33 11.53 54235
05:51:27 test_water 1 13.33 11.54 54235
05:51:29 test_water 1 13.33 11.54 54235
05:51:31 test_water 1 13.33 11.54 54235
05:51:33 test_water 1 13.33 11.53 54235
05:51:35 test_water 1 13.33 11.53 54235
05:51:37 test_water 1 13.33 11.27 54348
05:51:39 test_water 1 13.33 11.53 54348
05:51:41 test_water 1 13.33 11.53 54348
05:51:43 test_water 1 13.33 11.53 54348
05:51:45 test_water 1 13.33 11.53 54348
05:51:47 test_water 1 13.33 11.54 54348
05:51:49 test_water 1 13.33 11.54 54348
05:51:51 test_water 1 13.33 11.54 54348
05:51:53 test_water 1 13.33 11.54 54348
05:51:55 test_water 1 13.33 11.54 54348
05:51:57 test_water 1 13.33 11.53 54348
05:51:59 test_water 1 13.33 11.53 54348
05:52:01 test_water 1 13.33 11.53 54348
05:52:03 test_water 1 13.33 11.53 54348
05:52:05 test_water 1 13.33 11.53 54348
05:52:07 test_water 1 13.33 11.53 54348
05:52:09 test_water 1 13.33 11.53 54459
05:52:11 test_water 1 13.33 11.53 54459
05:52:13 test_water 1 13.33 11.53 54459
05:52:15 test_water 1 13.33 11.53 54459
05:52:17 test_water 1 13.33 11.53 54459
05:52:19 test_water 1 13.33 11.53 54459
05:52:21 test_water 1 13.33 11.54 54459
05:52:23 test_water 1 13.33 11.54 54459
05:52:25 test_water 1 13.33 11.54 54459
05:52:27 test_water 1 13.33 11.54 54459
05:52:29 test_water 1 13.33 11.53 54459
05:52:31 test_water 1 13.33 11.54 54459
05:52:33 test_water 1 13.33 11.54 54459
05:52:35 test_water 1 13.33 11.53 54459
05:52:37 test_water 1 13.33 11.53 54459
05:52:39 test_water 1 13.33 11.53 54459
05:52:41 test_water 1 13.33 11.52 54459
05:52:43 test_water 1 13.33 11.53 54459
05:52:45 test_water 1 13.33 11.52 54459
05:52:47 test_water 1 13.33 11.53 54459
05:52:49 test_water 1 13.33 11.52 54459
05:52:51 test_water 1 13.33 11.52 54459
05:52:53 test_water 1 13.33 11.52 54459
05:52:55 test_water 1 13.33 11.52 54459
05:52:57 test_water 1 13.33 11.52 54459
05:52:59 test_water 1 13.33 11.52 54459
05:53:01 test_water 1 13.33 11.52 54459
05:53:03 test_water 1 13.33 11.52 54459
05:53:05 test_water 1 13.33 11.53 54459
05:53:07 test_water 1 13.33 11.53 54459
05:53:09 test_water 1 13.33 11.52 54459
05:53:11 test_water 1 13.33 11.52 54459
05:53:13 test_water 1 13.33 11.52 54459
05:53:15 test_water 1 13.33 11.52 54459
05:53:17 test_water 1 13.33 11.52 54459
05:53:19 test_water 1 13.33 11.52 54459
05:53:21 test_water 1 13.33 11.52 54459
05:53:23 test_water 1 13.33 11.52 54459
05:53:25 test_water 1 13.33 11.52 54459
05:53:27 test_water 1 13.33 11.52 54459
05:53:29 test_water 1 13.33 11.52 54459
05:53:31 test_water 1 13.33 11.52 54459
05:53:33 test_water 1 13.33 11.52 54459
05:53:35 test_water 1 13.33 11.52 54459
05:53:37 test_water 1 13.33 11.52 54459
05:53:39 test_water 1 13.33 11.51 54459
05:53:41 test_water 1 13.33 11.52 54459
05:53:43 test_water 1 13.33 11.52 54459
05:53:45 test_water 1 13.33 11.52 54459
05:53:47 test_water 1 13.33 11.52 54570
05:53:49 test_water 1 13.33 11.52 54570
05:53:51 test_water 1 13.33 11.52 54570
05:53:53 test_water 1 13.33 11.52 54570
05:53:55 test_water 1 13.33 11.52 54570
05:53:57 test_water 1 13.33 11.52 54570
05:53:59 test_water 1 13.33 11.52 54570
05:54:01 test_water 1 13.33 11.52 54570
05:54:03 test_water 1 13.33 11.52 54570
05:54:05 test_water 1 13.33 11.52 54570
05:54:07 test_water 1 13.33 11.52 54570
05:54:09 test_water 1 13.33 11.52 54570
05:54:11 test_water 1 13.33 11.52 54570
05:54:13 test_water 1 13.33 11.52 54570
05:54:15 test_water 1 13.33 11.52 54570
05:54:17 test_water 1 13.33 11.52 54570
05:54:19 test_water 1 13.33 11.52 54570
05:54:21 test_water 1 13.33 11.52 54570
05:54:23 test_water 1 13.33 11.52 54570
05:54:25 test_water 1 13.33 11.51 54570
05:54:27 test_water 1 13.33 11.52 54570
05:54:29 test_water 1 13.33 11.52 54570
05:54:31 test_water 1 13.33 11.52 54570
05:54:33 test_water 1 13.33 11.52 54570
05:54:35 test_water 1 13.33 11.52 54570
05:54:37 test_water 1 13.33 11.52 54570
05:54:39 test_water 1 13.33 11.52 54570
05:54:41 test_water 1 13.33 11.52 54570
05:54:43 test_water 1 13.33 11.52 54680
05:54:45 test_water 1 13.33 11.52 54680
05:54:47 test_water 1 13.33 11.52 54680
05:54:49 test_water 1 13.33 11.52 54680
05:54:51 test_water 1 13.33 11.52 54680
05:54:53 test_water 1 13.33 11.52 54680
05:54:55 test_water 1 13.33 11.51 54680
05:54:57 test_water 1 13.33 11.52 54680
05:54:59 test_water 1 13.33 11.51 54680
05:55:01 test_water 1 13.33 11.52 54680
05:55:03 test_water 1 13.33 11.52 54680
05:55:05 test_water 1 13.33 11.51 54680
05:55:07 test_water 1 13.33 11.51 54680
05:55:09 test_water 1 13.33 11.51 54680
05:55:11 test_water 1 13.33 11.51 54680
05:55:13 test_water 1 13.33 11.51 54680
05:55:15 test_water 1 13.33 11.51 54680
05:55:17 test_water 1 13.33 11.51 54680
05:55:19 test_water 1 13.33 11.51 54680
05:55:21 test_water 1 13.33 11.51 54680
05:55:23 test_water 1 13.33 11.51 54680
05:55:25 test_water 1 13.33 11.51 54680
05:55:27 test_water 1 13.33 11.51 54680
05:55:29 test_water 1 13.33 11.51 54680
05:55:31 test_water 1 13.33 11.51 54680
05:55:33 test_water 1 13.33 11.52 54680
05:55:35 test_water 1 13.33 11.52 54680
05:55:37 test_water 1 13.33 11.52 54680
05:55:39 test_water 1 13.33 11.52 54680
05:55:41 test_water 1 13.33 11.52 54680
05:55:43 test_water 1 13.33 11.52 54680
05:55:45 test_water 1 13.33 11.51 54680
05:55:47 test_water 1 13.33 11.51 54680
05:55:49 test_water 1 13.33 11.52 54680
05:55:51 test_water 1 13.33 11.52 54680
05:55:53 test_water 1 13.33 11.52 54680
05:55:55 test_water 1 13.33 11.51 54680
05:55:57 test_water 1 13.33 11.51 54680
05:55:59 test_water 1 13.33 11.51 54680
05:56:01 test_water 1 13.33 11.51 54680
05:56:03 test_water 1 13.33 11.51 54680
05:56:05 test_water 1 13.33 11.51 54680
05:56:07 test_water 1 13.33 11.51 54680
05:56:09 test_water 1 13.33 11.51 54680
05:56:11 test_water 1 13.33 11.51 54680
05:56:13 test_water 1 13.33 11.51 54680
05:56:15 test_water 1 13.33 11.51 54680
05:56:17 test_water 1 13.33 11.51 54680
05:56:19 test_water 1 13.33 11.51 54680
05:56:21 test_water 1 13.33 11.51 54680
05:56:23 test_water 1 13.33 11.51 54680
05:56:25 test_water 1 13.33 11.51 54680
05:56:27 test_water 1 13.33 11.51 54680
05:56:29 test_water 1 13.33 11.51 54680
05:56:31 test_water 1 13.33 11.51 54680
05:56:33 test_water 1 13.33 11.51 54680
05:56:35 test_water 1 13.33 11.51 54680
05:56:37 test_water 1 13.33 11.50 54680
05:56:39 test_water 1 13.33 11.50 54680
05:56:41 test_water 1 13.33 11.50 54680
05:56:43 test_water 1 13.33 11.50 54680
05:56:45 test_water 1 13.33 11.50 54680
05:56:47 test_water 1 13.33 11.50 54680
05:56:49 test_water 1 13.33 11.49 54680
05:56:51 test_water 1 13.33 11.50 54680
05:56:53 test_water 1 13.33 11.51 54680
05:56:55 test_water 1 13.33 11.51 54680
05:56:57 test_water 1 13.33 11.51 54680
05:56:59 test_water 1 13.33 11.51 54680
05:57:01 test_water 1 13.33 11.51 54680
05:57:03 test_water 1 13.33 11.51 54680
05:57:05 test_water 1 13.33 11.51 54680
05:57:07 test_water 1 13.33 11.51 54680
05:57:09 test_water 1 13.33 11.51 54680
05:57:11 test_water 1 13.33 11.51 54680
05:57:13 test_water 1 13.33 11.51 54680
05:57:15 test_water 1 13.33 11.51 54680
05:57:17 test_water 1 13.33 11.51 54790
05:57:19 test_water 1 13.33 11.51 54790
05:57:21 test_water 1 13.33 11.51 54790
05:57:23 test_water 1 13.33 11.51 54790
05:57:25 test_water 1 13.33 11.51 54790
05:57:27 test_water 1 13.33 11.51 54790
05:57:29 test_water 1 13.33 11.51 54790
05:57:31 test_water 1 13.33 11.51 54790
05:57:33 test_water 1 13.33 11.51 54790
05:57:35 test_water 1 13.33 11.51 54790
05:57:37 test_water 1 13.33 11.51 54790
05:57:39 test_water 1 13.33 11.51 54790
05:57:41 test_water 1 13.33 11.50 54790
05:57:43 test_water 1 13.33 11.50 54790
05:57:45 test_water 1 13.33 11.50 54790
05:57:47 test_water 1 13.33 11.50 54790
05:57:49 test_water 1 13.33 11.49 54790
05:57:51 test_water 1 13.33 11.50 54790
05:57:53 test_water 1 13.33 11.50 54790
05:57:55 test_water 1 13.33 11.50 54790
05:57:57 test_water 1 13.33 11.49 54790
05:57:59 test_water 1 13.33 11.50 54790
05:58:01 test_water 1 13.33 11.50 54790
05:58:03 test_water 1 13.33 11.50 54790
05:58:05 test_water 1 13.33 11.50 54790
05:58:07 test_water 1 13.33 11.50 54790
05:58:09 test_water 1 13.33 11.50 54790
05:58:11 test_water 1 13.33 11.50 54790
05:58:13 test_water 1 13.33 11.50 54790
05:58:15 test_water 1 13.33 11.50 54790
05:58:17 test_water 1 13.33 11.50 54790
05:58:19 test_water 1 13.33 11.50 54790
05:58:21 test_water 1 13.33 11.50 54790
05:58:23 test_water 1 13.33 11.50 54790
05:58:25 test_water 1 13.33 11.50 54790
05:58:27 test_water 1 13.33 11.50 54790
05:58:29 test_water 1 13.33 11.51 54790
05:58:31 test_water 1 13.33 11.51 54790
05:58:33 test_water 1 13.33 11.51 54790
05:58:35 test_water 1 13.33 11.51 54790
05:58:37 test_water 1 13.33 11.51 54790
05:58:39 test_water 1 13.33 11.51 54790
05:58:41 test_water 1 13.33 11.51 54790
05:58:43 test_water 1 13.33 11.51 54790
05:58:45 test_water 1 13.33 11.51 54790
05:58:47 test_water 1 13.33 11.51 54790
05:58:49 test_water 1 13.33 11.51 54790
05:58:51 test_water 1 13.33 11.51 54790
05:58:53 test_water 1 13.33 11.51 54790
05:58:55 test_water 1 13.33 11.51 54790
05:58:57 test_water 1 13.33 11.50 54790
05:58:59 test_water 1 13.33 11.50 54790
05:59:01 test_water 1 13.33 11.50 54790
05:59:03 test_water 1 13.33 11.50 54790
05:59:05 test_water 1 13.33 11.50 54790
05:59:07 test_water 1 13.33 11.50 54790
05:59:09 test_water 1 13.33 11.50 54790
05:59:11 test_water 1 13.33 11.50 54790
05:59:13 test_water 1 13.33 11.51 54790
05:59:15 test_water 1 13.33 11.51 54790
05:59:17 test_water 1 13.33 11.51 54892
05:59:19 test_water 1 13.33 11.51 54892
05:59:21 test_water 1 13.33 11.51 54892
05:59:23 test_water 1 13.33 11.51 54892
05:59:25 test_water 1 13.33 11.61 54892
05:59:27 test_water 1 13.33 11.60 54892
05:59:29 test_water 1 13.33 11.91 54892
05:59:31 test_water 1 13.33 11.60 54892
05:59:33 test_water 1 13.33 11.60 54892
05:59:35 test_water 1 13.33 11.59 54892
05:59:37 test_water 1 13.33 11.59 54892
05:59:39 test_water 1 13.33 11.59 54892
05:59:41 test_water 1 13.33 11.59 54892
05:59:43 test_water 1 13.33 11.58 54892
05:59:45 test_water 1 13.33 11.58 54892
05:59:47 test_water 1 13.33 11.57 54892
05:59:49 test_water 1 13.33 11.57 54892
05:59:51 test_water 1 13.33 11.57 54892
05:59:53 test_water 1 13.33 11.57 54892
05:59:55 test_water 1 13.33 11.56 54892
05:59:57 test_water 1 13.33 11.56 54892
05:59:59 test_water 1 13.33 11.56 54892
06:00:01 test_water 1 13.33 11.55 54892
06:00:03 test_water 1 13.33 11.55 54892
06:00:05 test_water 1 13.33 11.55 54892
06:00:07 test_water 1 13.33 11.54 54892
06:00:09 test_water 1 13.33 11.54 54892
06:00:11 test_water 1 13.33 11.53 54892
06:00:13 test_water 1 13.33 11.54 54892
06:00:15 test_water 1 13.33 11.53 54892
06:00:17 test_water 1 13.33 11.53 54892
06:00:19 test_water 1 13.33 11.53 54892
06:00:21 test_water 1 13.33 11.55 54892
06:00:23 test_water 1 13.33 11.55 54892
06:00:25 test_water 1 13.33 11.55 54892
06:00:27 test_water 1 13.33 11.55 54892
06:00:29 test_water 1 13.33 11.55 54892
06:00:31 test_water 1 13.33 11.54 54892
06:00:33 test_water 1 13.33 11.54 54892
06:00:35 test_water 1 13.33 11.54 54892
06:00:37 test_water 1 13.33 11.53 54892
06:00:39 test_water 1 13.33 11.54 54892
06:00:41 test_water 1 13.33 11.55 54892
06:00:43 test_water 1 13.33 11.55 54892
06:00:45 test_water 1 13.33 11.55 54892
06:00:47 test_water 1 13.33 11.54 54892
06:00:49 test_water 1 13.33 11.54 54892
06:00:51 test_water 1 13.33 11.54 54892
06:00:53 test_water 1 13.33 11.54 54892
06:00:55 test_water 1 13.33 11.54 54892
06:00:57 test_water 1 13.33 11.54 54892
06:00:59 test_water 1 13.33 11.54 54892
06:01:01 test_water 1 13.33 11.54 54892
06:01:03 test_water 1 13.33 11.54 54892
06:01:05 test_water 1 13.33 11.54 54892
06:01:07 test_water 1 13.33 11.53 54892
06:01:09 test_water 1 13.33 11.53 54892
06:01:11 test_water 1 13.33 11.54 54892
06:01:13 test_water 1 13.33 11.54 54892
06:01:15 test_water 2 13.54 11.39 54977
06:01:17 test_water 2 13.54 11.39 54977
06:01:19 test_water 2 13.54 11.39 54977
06:01:21 test_water 2 13.54 11.39 54977
06:01:23 test_water 2 13.54 11.39 54977
06:01:25 test_water 2 13.54 11.39 54977
06:01:27 test_water 2 13.64 11.29 54977
06:01:29 test_water 2 13.64 11.29 54977
06:01:31 test_water 2 13.74 11.18 54977
06:01:33 test_water 2 14.00 10.93 54977
06:01:35 test_water 2 14.49 10.44 54977
06:01:37 test_water 2 14.84 10.09 54977
06:01:39 test_water 2 14.93 10.00 54977
06:01:41 test_water 2 15.28 9.65 54977
06:01:43 test_water 2 15.43 9.49 54977
06:01:45 test_water 2 15.70 9.22 54977
06:01:47 test_water 2 15.92 9.01 54977
06:01:49 test_water 2 16.03 8.90 54977
06:01:51 test_water 2 16.18 8.75 54977
06:01:53 test_water 2 16.42 8.51 54977
06:01:55 test_water 2 16.84 8.08 54977
06:01:57 test_water 2 16.95 7.97 54977
06:01:59 test_water 2 16.97 7.95 54977
06:02:01 test_water 2 17.02 7.91 54977
06:02:03 test_water 2 17.05 7.88 54977
06:02:05 test_water 2 17.35 7.58 54977
06:02:07 test_water 2 17.41 7.51 54977
06:02:09 test_water 2 17.42 7.51 54977
06:02:11 test_water 2 17.44 7.49 54977
06:02:13 test_water 2 17.48 7.45 54977
06:02:15 test_water 2 17.44 7.50 54977
06:02:17 test_water 2 17.44 7.50 54977
06:02:19 test_water 2 17.45 7.49 54977
06:02:21 test_water 2 17.49 7.44 54977
06:02:23 test_water 2 17.44 7.49 54977
06:02:25 test_water 2 17.47 7.46 54977
06:02:27 test_water 2 17.44 7.49 54977
06:02:29 test_water 2 17.45 7.48 54977
06:02:31 test_water 2 17.66 7.27 54977
06:02:33 test_water 2 17.68 7.25 54977
06:02:35 test_water 2 17.67 7.26 54977
06:02:37 test_water 2 17.68 7.25 54977
06:02:39 test_water 2 17.67 7.26 54977
06:02:41 test_water 2 17.68 7.24 54977
06:02:43 test_water 2 17.68 7.25 54977
06:02:45 test_water 2 17.69 7.23 54977
06:02:47 test_water 2 17.68 7.24 54977
06:02:49 test_water 2 17.70 7.22 54977
06:02:51 test_water 2 17.69 7.23 54977
06:02:53 test_water 2 17.71 7.23 54977
06:02:55 test_water 2 17.73 7.19 54977
06:02:57 test_water 2 17.74 7.19 54977
06:02:59 test_water 2 17.74 7.18 54977
06:03:01 test_water 2 17.74 7.19 54977
06:03:03 test_water 2 17.74 7.19 54977
06:03:05 test_water 2 17.74 7.19 54977
06:03:07 test_water 2 17.74 7.19 54977
06:03:09 test_water 2 17.74 7.18 54977
06:03:11 test_water 2 17.76 7.16 54977
06:03:13 test_water 2 17.74 7.19 54977
06:03:15 test_water 2 17.74 7.18 54977
06:03:17 test_water 2 17.74 7.18 54977
06:03:19 test_water 2 17.74 7.18 54977
06:03:21 test_water 2 17.74 7.19 54977
06:03:23 test_water 2 17.74 7.19 54977
06:03:25 test_water 2 17.74 7.19 54977
06:03:27 test_water 2 17.74 7.19 54977
06:03:29 test_water 2 17.74 7.19 54977
06:03:31 test_water 2 17.74 7.19 54977
06:03:33 test_water 2 17.74 7.19 54977
06:03:35 test_water 2 17.74 7.19 54977
06:03:37 test_water 2 17.74 7.19 54977
06:03:39 test_water 2 17.74 7.19 54977
06:03:41 test_water 2 17.74 7.19 54977
06:03:43 test_water 2 17.75 7.17 54977
06:03:45 test_water 2 17.74 7.19 54977
06:03:47 test_water 2 17.74 7.18 54977
06:03:49 test_water 2 17.74 7.18 54977
06:03:51 test_water 2 17.74 7.18 54977
06:03:53 test_water 2 17.74 7.18 54977
06:03:55 test_water 2 17.76 7.16 54977
06:03:57 test_water 2 17.74 7.18 54977
06:03:59 test_water 2 17.75 7.17 54977
06:04:01 test_water 2 17.74 7.18 54977
06:04:03 test_water 2 17.74 7.18 54977
06:04:05 test_water 2 17.74 7.17 54977
06:04:07 test_water 2 17.76 7.16 54977
06:04:09 test_water 2 17.74 7.19 54977
06:04:11 test_water 2 17.74 7.19 54977
06:04:13 test_water 2 17.74 7.18 54977
06:04:15 test_water 2 17.77 7.16 54977
06:04:17 test_water 2 17.74 7.18 54977
06:04:19 test_water 2 17.74 7.19 54977
06:04:21 test_water 2 17.74 7.19 54977
06:04:23 test_water 2 17.74 7.18 54977
06:04:25 test_water 2 17.74 7.18 54977
06:04:27 test_water 2 17.74 7.18 54977
06:04:29 test_water 2 17.72 7.21 54977
06:04:31 test_water 2 13.53 11.40 54977
06:04:33 test_water 2 13.53 11.39 54977
06:04:35 test_water 2 13.53 11.39 54977
06:04:37 test_water 2 13.53 11.39 54977
06:04:39 test_water 2 13.53 11.40 54977
06:04:41 test_water 2 13.53 11.40 54977
06:04:43 test_water 2 13.57 11.37 54977
06:04:45 test_water 2 13.63 11.30 54977
06:04:47 test_water 2 13.71 11.22 54977
06:04:49 test_water 2 13.99 10.94 54977
06:04:51 test_water 2 14.33 10.60 54977
06:04:53 test_water 2 14.75 10.17 54977
06:04:55 test_water 2 14.89 10.03 54977
06:04:57 test_water 2 15.12 9.81 54977
06:04:59 test_water 2 15.43 9.49 54977
06:05:01 test_water 2 15.60 9.32 54977
06:05:03 test_water 2 15.90 9.02 54977
06:05:05 test_water 2 16.03 8.89 54977
06:05:07 test_water 2 16.18 8.73 54977
06:05:09 test_water 2 16.42 8.49 54977
06:05:11 test_water 2 16.71 8.20 54977
06:05:13 test_water 2 16.95 7.97 54977
06:05:15 test_water 2 16.97 7.95 54977
06:05:17 test_water 2 16.98 7.94 54977
06:05:19 test_water 2 17.04 7.88 54977
06:05:21 test_water 2 17.18 7.73 54977
06:05:23 test_water 2 17.40 7.52 54977
06:05:25 test_water 2 17.42 7.50 54977
06:05:27 test_water 2 17.43 7.49 54977
06:05:29 test_water 2 17.46 7.46 54977
06:05:31 test_water 2 17.48 7.43 54977
06:05:33 test_water 2 17.44 7.48 54977
06:05:35 test_water 2 17.44 7.47 54977
06:05:37 test_water 2 17.49 7.43 54977
06:05:39 test_water 2 17.44 7.47 54977
06:05:41 test_water 2 17.44 7.47 54977
06:05:43 test_water 2 17.44 7.47 54977
06:05:45 test_water 2 17.44 7.47 54977
06:05:47 test_water 2 17.59 7.31 54977
06:05:49 test_water 2 17.66 7.24 54977
06:05:51 test_water 2 17.69 7.22 54977
06:05:53 test_water 2 17.67 7.24 54977
06:05:55 test_water 2 17.69 7.22 54977
06:05:57 test_water 2 17.67 7.24 54977
06:05:59 test_water 2 17.68 7.24 54977
06:06:01 test_water 2 17.68 7.24 54977
06:06:03 test_water 2 17.68 7.23 54977
06:06:05 test_water 2 17.69 7.23 54977
06:06:08 test_water 2 17.69 7.23 54977
06:06:10 test_water 2 17.69 7.22 54977
06:06:12 test_water 2 17.71 7.21 54977
06:06:14 test_water 2 17.75 7.17 54977
06:06:16 test_water 2 17.74 7.18 54977
06:06:18 test_water 2 17.74 7.18 54977
06:06:20 test_water 2 17.74 7.18 54977
06:06:22 test_water 2 17.74 7.18 54977
06:06:24 test_water 2 17.74 7.18 54977
06:06:26 test_water 2 17.74 7.18 54977
06:06:28 test_water 2 17.76 7.15 54977
06:06:30 test_water 2 17.74 7.17 54977
06:06:32 test_water 2 17.74 7.18 54977
06:06:34 test_water 2 17.74 7.18 54977
06:06:36 test_water 2 17.74 7.18 54977
06:06:38 test_water 2 17.74 7.18 54977
06:06:40 test_water 2 17.74 7.18 54977
06:06:42 test_water 2 17.74 7.18 54977
06:06:44 test_water 2 17.74 7.18 54977
06:06:46 test_water 2 17.74 7.18 54977
06:06:48 test_water 2 17.74 7.17 54977
06:06:50 test_water 2 17.74 7.17 54977
06:06:52 test_water 2 17.74 7.17 54977
06:06:54 test_water 2 17.74 7.17 54977
06:06:56 test_water 2 17.74 7.56 54977
06:06:58 test_water 2 17.74 7.00 54977
06:07:00 test_water 2 17.74 7.02 54977
06:07:02 test_water 2 17.75 7.00 54977
06:07:04 test_water 2 17.74 7.02 54977
06:07:06 test_water 2 17.74 7.02 54977
06:07:08 test_water 2 17.74 7.01 54977
06:07:10 test_water 2 17.74 7.01 54977
06:07:12 test_water 2 17.74 6.99 54977
06:07:14 test_water 2 17.75 7.21 54977
06:07:16 test_water 2 17.74 7.22 54977
06:07:18 test_water 2 17.74 7.22 54977
06:07:20 test_water 2 17.74 7.22 54977
06:07:22 test_water 2 17.74 7.22 54977
06:07:24 test_water 2 17.74 7.22 54977
06:07:26 test_water 2 17.75 7.20 54977
06:07:28 test_water 2 17.74 7.21 54977
06:07:30 test_water 2 17.74 7.21 54977
06:07:32 test_water 2 17.74 7.21 54977
06:07:34 test_water 2 17.76 7.18 54977
06:07:36 test_water 2 17.74 7.21 54977
06:07:38 test_water 2 17.74 7.21 54977
06:07:40 test_water 2 17.74 7.20 54977
06:07:42 test_water 2 17.74 7.20 54977
06:07:44 test_water 2 17.74 7.22 54977
06:07:46 test_water 2 17.74 7.22 54977
06:07:48 test_water 2 17.74 7.22 54977
06:07:50 test_water 1 13.33 11.58 55093
06:07:52 test_water 1 13.33 11.46 55093
06:07:54 test_water 1 13.33 11.58 55093
06:07:56 test_water 1 13.33 11.58 55093
06:07:58 test_water 1 13.33 11.58 55093
06:08:00 test_water 1 13.33 11.58 55093
06:08:02 test_water 1 13.33 11.57 55093
06:08:04 test_water 1 13.33 11.57 55093
06:08:06 test_water 1 13.33 11.57 55093
06:08:08 test_water 1 13.33 11.57 55093
06:08:10 test_water 1 13.33 11.58 55093
06:08:12 test_water 1 13.33 11.58 55093
06:08:14 test_water 1 13.33 11.58 55093
06:08:16 test_water 1 13.33 11.58 55093
06:08:18 test_water 1 13.33 11.58 55093
06:08:20 test_water 1 13.33 11.58 55093
06:08:22 test_water 1 13.33 11.58 55093
06:08:24 test_water 1 13.33 11.57 55093
06:08:26 test_water 1 13.33 11.58 55093
06:08:28 test_water 1 13.33 11.58 55093
06:08:30 test_water 1 13.33 11.58 55093
06:08:32 test_water 1 13.33 11.57 55093
06:08:34 test_water 1 13.33 11.57 55093
06:08:36 test_water 1 13.33 11.57 55093
06:08:38 test_water 1 13.33 11.57 55093
06:08:40 test_water 1 13.33 11.57 55093
06:08:42 test_water 1 13.33 11.57 55093
06:08:44 test_water 1 13.33 11.57 55093
06:08:46 test_water 1 13.33 11.57 55093
06:08:48 test_water 1 13.33 11.58 55093
06:08:50 test_water 1 13.33 11.57 55093
06:08:52 test_water 1 13.33 11.57 55093
06:08:54 test_water 1 13.33 11.57 55093
06:08:56 test_water 1 13.33 11.57 55093
06:08:58 test_water 1 13.33 11.57 55093
06:09:00 test_water 1 13.33 11.57 55093
06:09:02 test_water 1 13.33 11.57 55093
06:09:04 test_water 1 13.33 11.57 55093
06:09:06 test_water 1 13.33 11.57 55093
06:09:08 test_water 1 13.33 11.57 55093
06:09:10 test_water 1 13.33 11.57 55093
06:09:12 test_water 1 13.33 11.57 55093
06:09:14 test_water 1 13.33 11.57 55093
06:09:16 test_water 1 13.33 11.57 55093
06:09:18 test_water 1 13.33 11.57 55093
06:09:20 test_water 1 13.33 11.57 55093
06:09:22 test_water 1 13.33 11.57 55093
06:09:24 test_water 1 13.33 11.57 55093
06:09:26 test_water 1 13.33 11.57 55093
06:09:28 test_water 1 13.33 11.57 55093
06:09:30 test_water 1 13.33 11.57 55093
06:09:32 test_water 1 13.33 11.57 55093
06:09:34 test_water 1 13.33 11.57 55093
06:09:36 test_water 1 13.33 11.58 55093
06:09:38 test_water 1 13.33 11.58 55093
06:09:40 test_water 1 13.33 11.58 55726
06:09:42 test_water 1 13.32 11.58 55726
06:09:44 test_water 1 0.27 24.66 55727
06:09:46 test_islands 1 0.30 24.62 55746
06:09:48 test_islands 1 0.30 24.62 55746
06:09:50 test_islands 1 0.30 24.62 55746
06:09:52 test_islands 1 0.30 24.62 55746
06:09:54 test_islands 1 0.30 24.62 55824
06:09:56 test_islands 1 0.30 24.62 55824
06:09:58 test_islands 1 0.30 24.62 55824
06:10:00 test_islands 1 0.30 24.62 55824
06:10:02 test_islands 1 0.30 24.62 55944
06:10:04 test_islands 1 0.30 24.62 55944
06:10:06 test_islands 1 0.30 24.62 55944
06:10:08 test_islands 1 0.30 24.62 55944
06:10:10 test_islands 1 0.30 24.62 55944
06:10:12 test_islands 1 0.30 24.62 55944
06:10:14 test_islands 1 0.30 24.62 55944
06:10:16 test_islands 1 0.30 24.62 55944
06:10:18 test_islands 1 0.30 24.62 55944
06:10:20 test_islands 1 0.46 24.47 55944
06:10:22 test_islands 1 0.58 24.34 55944
06:10:24 test_islands 1 0.95 23.98 55944
06:10:26 test_islands 1 1.17 23.75 55944
06:10:28 test_islands 1 1.51 23.42 55944
06:10:30 test_islands 1 1.78 23.14 55944
06:10:32 test_islands 1 2.00 22.92 55944
06:10:34 test_islands 1 2.15 22.77 55944
06:10:36 test_islands 1 2.63 22.28 55944
06:10:38 test_islands 1 3.04 21.88 55944
06:10:40 test_islands 1 3.34 21.58 55944
06:10:42 test_islands 1 3.76 21.04 55944
06:10:44 test_islands 1 4.18 20.73 55944
06:10:46 test_islands 1 4.58 20.22 55944
06:10:48 test_islands 1 4.80 20.09 55944
06:10:50 test_islands 1 4.82 20.08 55944
06:10:52 test_islands 1 4.84 20.06 55944
06:10:54 test_islands 1 4.83 20.07 55944
06:10:56 test_islands 1 4.83 19.85 55944
06:10:58 test_islands 1 4.83 20.07 55944
06:11:00 test_islands 1 4.83 20.06 55944
06:11:02 test_islands 1 5.06 19.84 55944
06:11:04 test_islands 1 5.34 19.25 55944
06:11:06 test_islands 1 5.48 19.42 55944
06:11:08 test_islands 1 5.48 19.41 55944
06:11:10 test_islands 1 5.71 19.18 55944
06:11:12 test_islands 1 5.73 19.16 55944
06:11:14 test_islands 1 5.73 19.15 55944
06:11:16 test_islands 1 5.73 19.15 55944
06:11:18 test_islands 1 5.73 19.17 55944
06:11:20 test_islands 1 5.73 19.16 55944
06:11:22 test_islands 1 5.73 19.16 55944
06:11:24 test_islands 1 5.74 19.15 55944
06:11:26 test_islands 1 5.77 19.13 55944
06:11:28 test_islands 1 5.78 19.11 55944
06:11:30 test_islands 1 5.80 19.10 55944
06:11:32 test_islands 1 5.83 19.06 55944
06:11:34 test_islands 1 5.79 19.10 55944
06:11:36 test_islands 1 5.79 19.10 55944
06:11:38 test_islands 1 5.82 18.81 55944
06:11:40 test_islands 1 5.87 19.02 55944
06:11:42 test_islands 1 5.89 19.01 55944
06:11:44 test_islands 1 5.91 19.00 55944
06:11:46 test_islands 1 5.92 18.98 55944
06:11:48 test_islands 1 5.93 18.97 55944
06:11:50 test_islands 1 5.93 18.97 55944
06:11:52 test_islands 1 5.97 18.92 55944
06:11:54 test_islands 1 6.21 18.69 55944
06:11:56 test_islands 1 6.34 18.56 55944
06:11:58 test_islands 1 6.35 18.54 55944
06:12:00 test_islands 1 6.37 18.53 55944
06:12:02 test_islands 1 6.39 18.51 55944
06:12:04 test_islands 1 6.40 18.49 55944
06:12:06 test_islands 1 6.39 18.51 55944
06:12:08 test_islands 1 6.42 18.47 55944
06:12:10 test_islands 1 6.43 18.46 55944
06:12:12 test_islands 1 6.43 18.47 55944
06:12:14 test_islands 1 6.43 18.47 55944
06:12:16 test_islands 1 6.43 18.47 55944
06:12:18 test_islands 1 6.43 18.47 55944
06:12:20 test_islands 1 6.44 18.45 55944
06:12:22 test_islands 1 6.47 18.43 55944
06:12:24 test_islands 1 6.45 18.45 55944
06:12:26 test_islands 1 6.45 18.44 55944
06:12:28 test_islands 1 6.45 18.45 55944
06:12:30 test_islands 1 6.88 18.02 55944
06:12:32 test_islands 1 7.04 17.86 55944
06:12:34 test_islands 1 7.05 17.84 55944
06:12:36 test_islands 1 7.07 17.83 55944
06:12:38 test_islands 1 7.08 17.82 55944
06:12:40 test_islands 1 7.08 17.82 55944
06:12:42 test_islands 1 7.08 17.82 55944
06:12:44 test_islands 1 7.08 17.82 55944
06:12:46 test_islands 1 7.08 17.82 55944
06:12:48 test_islands 1 7.09 17.81 55944
06:12:50 test_islands 1 7.09 17.81 55944
06:12:52 test_islands 1 7.09 17.81 55944
06:12:54 test_islands 1 7.09 17.81 55944
06:12:56 test_islands 1 7.10 17.80 55944
06:12:58 test_islands 1 7.11 17.79 55944
06:13:00 test_islands 1 7.12 17.78 55944
06:13:02 test_islands 1 7.12 17.79 55944
06:13:04 test_islands 1 7.12 17.79 55944
06:13:06 test_islands 1 7.12 17.79 55944
06:13:08 test_islands 1 7.12 17.79 55944
06:13:10 test_islands 1 7.12 17.78 55944
06:13:12 test_islands 1 7.11 17.79 55944
06:13:14 test_islands 1 7.11 17.79 55944
06:13:16 test_islands 1 7.11 17.79 55944
06:13:18 test_islands 1 7.13 17.77 55944
06:13:20 test_islands 1 7.11 17.79 55944
06:13:22 test_islands 1 7.11 17.79 55944
06:13:24 test_islands 1 7.11 17.79 56062
06:13:26 test_islands 1 7.11 17.79 56062
06:13:28 test_islands 1 7.11 17.79 56062
06:13:30 test_islands 1 7.11 17.79 56062
06:13:32 test_islands 1 7.11 17.80 56062
06:13:34 test_islands 1 7.11 17.80 56062
06:13:36 test_islands 1 7.11 17.80 56062
06:13:38 test_islands 1 7.11 17.80 56062
06:13:40 test_islands 1 7.11 17.80 56062
06:13:42 test_islands 1 7.11 17.80 56062
06:13:44 test_islands 1 7.11 17.80 56062
06:13:46 test_islands 1 7.11 17.79 56062
06:13:48 test_islands 1 7.11 17.79 56062
06:13:50 test_islands 1 7.11 17.79 56062
06:13:52 test_islands 1 7.11 17.79 56062
06:13:54 test_islands 1 7.11 17.80 56062
06:13:56 test_islands 1 7.11 17.79 56062
06:13:58 test_islands 1 7.11 17.79 56062
06:14:00 test_islands 1 7.11 17.79 56062
06:14:02 test_islands 1 7.11 17.79 56062
06:14:04 test_islands 1 7.11 17.78 56062
06:14:06 test_islands 1 7.11 17.79 56062
06:14:08 test_islands 1 7.14 17.76 56062
06:14:10 test_islands 1 7.11 17.79 56062
06:14:12 test_islands 1 7.11 17.79 56062
06:14:14 test_islands 1 7.11 17.79 56062
06:14:16 test_islands 1 7.11 17.79 56062
06:14:18 test_islands 1 7.11 17.78 56062
06:14:20 test_islands 1 7.11 17.77 56062
06:14:22 test_islands 1 7.11 17.77 56062
06:14:24 test_islands 1 7.11 17.77 56062
06:14:26 test_islands 1 7.11 17.77 56062
06:14:28 test_islands 1 7.11 17.76 56062
06:14:30 test_islands 1 7.11 17.76 56062
06:14:32 test_islands 1 7.12 17.78 56062
06:14:34 test_islands 1 7.12 17.78 56062
06:14:36 test_islands 1 7.12 17.78 56062
06:14:38 test_islands 1 7.13 17.76 56062
06:14:40 test_islands 1 7.11 17.78 56062
06:14:42 test_islands 1 7.11 17.78 56062
06:14:44 test_islands 1 7.11 17.78 56062
06:14:46 test_islands 1 7.11 17.78 56062
06:14:48 test_islands 1 7.11 17.78 56062
06:14:50 test_islands 1 7.11 17.78 56062
06:14:52 test_islands 1 7.11 17.78 56062
06:14:54 test_islands 1 7.11 17.78 56062
06:14:56 test_islands 1 7.11 17.78 56062
06:14:58 test_islands 1 7.11 17.78 56062
06:15:00 test_islands 1 7.11 17.78 56062
06:15:02 test_islands 1 7.11 17.78 56062
06:15:04 test_islands 1 7.11 17.78 56062
06:15:06 test_islands 1 7.11 17.78 56062
06:15:08 test_islands 1 7.12 17.77 56062
06:15:10 test_islands 1 7.12 17.77 56062
06:15:12 test_islands 1 7.12 17.77 56062
06:15:14 test_islands 1 7.12 17.77 56062
06:15:16 test_islands 1 7.12 17.77 56062
06:15:18 test_islands 1 7.12 17.77 56062
06:15:20 test_islands 1 7.12 17.77 56062
06:15:22 test_islands 1 7.12 17.77 56062
06:15:24 test_islands 1 7.12 17.77 56062
06:15:26 test_islands 1 7.13 17.77 56062
06:15:28 test_islands 1 7.12 17.77 56062
06:15:30 test_islands 1 7.12 17.77 56062
06:15:32 test_islands 1 7.12 17.77 56180
06:15:34 test_islands 1 7.12 17.77 56180
06:15:36 test_islands 1 7.12 17.77 56180
06:15:38 test_islands 1 7.12 17.77 56180
06:15:40 test_islands 1 7.12 17.77 56180
06:15:42 test_islands 1 7.12 17.77 56180
06:15:44 test_islands 1 7.12 17.77 56180
06:15:46 test_islands 1 7.12 17.77 56180
06:15:48 test_islands 1 7.12 17.76 56180
06:15:50 test_islands 1 7.12 17.77 56180
06:15:52 test_islands 1 7.12 17.77 56180
06:15:54 test_islands 1 7.12 17.77 56180
06:15:56 test_islands 1 7.12 17.76 56180
06:15:58 test_islands 1 7.13 17.76 56180
06:16:00 test_islands 1 7.12 17.76 56180
06:16:02 test_islands 1 7.12 17.76 56180
06:16:04 test_islands 1 7.12 17.76 56180
06:16:06 test_islands 1 7.12 17.76 56180
06:16:08 test_islands 1 7.12 17.76 56180
06:16:10 test_islands 1 7.12 17.76 56180
06:16:12 test_islands 1 7.12 17.76 56180
06:16:14 test_islands 1 7.12 17.76 56180
06:16:16 test_islands 1 7.12 17.75 56180
06:16:18 test_islands 1 7.12 17.76 56180
06:16:20 test_islands 1 7.12 17.76 56180
06:16:22 test_islands 1 7.12 17.76 56180
06:16:24 test_islands 1 7.12 17.76 56180
06:16:26 test_islands 1 7.12 17.76 56180
06:16:28 test_islands 1 7.12 17.76 56180
06:16:30 test_islands 1 7.12 17.76 56180
06:16:32 test_islands 1 7.12 17.76 56180
06:16:34 test_islands 1 7.12 17.76 56276
06:16:36 test_islands 1 7.12 17.76 56276
06:16:38 test_islands 1 7.12 17.76 56276
06:16:40 test_islands 1 7.12 17.76 56276
06:16:42 test_islands 1 7.12 17.76 56276
06:16:44 test_islands 1 7.12 17.76 56276
06:16:46 test_islands 1 7.12 17.76 56276
06:16:48 test_islands 1 7.12 17.76 56276
06:16:50 test_islands 1 7.12 17.75 56276
06:16:52 test_islands 1 7.12 17.75 56276
06:16:54 test_islands 1 7.12 17.76 56276
06:16:56 test_islands 1 7.11 17.78 56276
06:16:58 test_islands 1 7.11 17.78 56276
06:17:00 test_islands 1 7.11 17.77 56276
06:17:02 test_islands 1 7.11 17.77 56276
06:17:04 test_islands 1 7.11 17.77 56276
06:17:06 test_islands 1 7.11 17.77 56276
06:17:08 test_islands 1 7.11 17.77 56276
06:17:10 test_islands 1 7.11 17.78 56381
06:17:12 test_islands 1 7.11 17.77 56381
06:17:14 test_islands 1 7.11 17.77 56381
06:17:16 test_islands 1 7.11 17.77 56381
06:17:18 test_islands 1 7.11 17.77 56381
06:17:20 test_islands 1 7.11 17.77 56381
06:17:22 test_islands 1 7.11 17.76 56381
06:17:24 test_islands 1 7.11 17.76 56381
06:17:26 test_islands 1 7.11 17.76 56381
06:17:28 test_islands 1 7.11 17.78 56381
06:17:30 test_islands 1 7.11 17.77 56381
06:17:32 test_islands 1 7.11 17.77 56381
06:17:34 test_islands 1 7.11 17.77 56381
06:17:36 test_islands 1 7.11 17.77 56381
06:17:38 test_islands 1 7.18 17.69 56381
06:17:40 test_islands 1 7.19 17.68 56381
06:17:42 test_islands 1 7.20 17.68 56486
06:17:44 test_islands 1 7.20 17.68 56486
06:17:46 test_islands 1 7.20 17.68 56486
06:17:48 test_islands 1 7.20 17.68 56486
06:17:50 test_islands 1 7.22 17.66 56486
06:17:52 test_islands 1 7.24 17.64 56486
06:17:54 test_islands 1 7.22 17.65 56486
06:17:56 test_islands 1 7.22 17.65 56486
06:17:58 test_islands 1 7.22 17.65 56486
06:18:00 test_islands 1 7.23 17.63 56486
06:18:02 test_islands 1 7.25 17.61 56486
06:18:04 test_islands 1 7.22 17.64 56486
06:18:06 test_islands 1 7.22 17.64 56486
06:18:08 test_islands 1 7.22 17.65 56486
06:18:10 test_islands 1 7.22 17.65 56486
06:18:12 test_islands 1 7.22 17.65 56486
06:18:14 test_islands 1 7.25 17.62 56486
06:18:16 test_islands 1 7.22 17.65 56591
06:18:18 test_islands 1 7.22 17.65 56591
06:18:20 test_islands 1 7.23 17.64 56591
06:18:22 test_islands 1 7.23 17.65 56591
06:18:24 test_islands 1 7.23 17.65 56591
06:18:26 test_islands 1 7.24 17.64 56591
06:18:28 test_islands 1 7.27 17.60 56591
06:18:30 test_islands 1 7.24 17.64 56591
06:18:32 test_islands 1 7.24 17.64 56591
06:18:34 test_islands 1 7.24 17.64 56591
06:18:36 test_islands 1 7.24 17.64 56591
06:18:38 test_islands 1 7.24 17.63 56591
06:18:40 test_islands 1 7.25 17.62 56591
06:18:42 test_islands 1 7.25 17.62 56591
06:18:44 test_islands 1 7.25 17.63 56591
06:18:46 test_islands 1 7.25 17.63 56591
06:18:48 test_islands 1 7.25 17.63 56696
06:18:50 test_islands 1 7.25 17.63 56696
06:18:52 test_islands 1 7.25 17.63 56696
06:18:54 test_islands 1 7.25 17.63 56696
06:18:56 test_islands 1 7.25 17.62 56696
06:18:58 test_islands 1 7.25 17.63 56696
06:19:00 test_islands 1 7.25 17.62 56696
06:19:02 test_islands 1 7.25 17.62 56696
06:19:04 test_islands 1 7.25 17.62 56696
06:19:06 test_islands 1 7.25 17.62 56696
06:19:08 test_islands 1 7.25 17.62 56696
06:19:10 test_islands 1 7.25 17.62 56696
06:19:12 test_islands 1 7.25 17.62 56696
06:19:14 test_islands 1 7.25 17.63 56696
06:19:16 test_islands 1 7.25 17.62 56696
06:19:18 test_islands 1 7.25 17.62 56696
06:19:20 test_islands 1 7.25 17.62 56696
06:19:22 test_islands 1 7.25 17.62 56696
06:19:24 test_islands 1 7.25 17.62 56696
06:19:26 test_islands 1 7.25 17.62 56696
06:19:28 test_islands 1 7.27 17.60 56696
06:19:30 test_islands 1 7.25 17.62 56801
06:19:32 test_islands 1 7.25 17.62 56801
06:19:34 test_islands 1 7.25 17.62 56801
06:19:36 test_islands 1 7.25 17.62 56801
06:19:38 test_islands 1 7.25 17.62 56801
06:19:40 test_islands 1 7.25 17.62 56801
06:19:42 test_islands 1 7.25 17.62 56801
06:19:44 test_islands 1 7.25 17.61 56801
06:19:46 test_islands 1 7.27 17.59 56801
06:19:48 test_islands 1 7.25 17.62 56801
06:19:50 test_islands 1 7.25 17.62 56801
06:19:52 test_islands 1 7.25 17.62 56801
06:19:54 test_islands 1 7.25 17.62 56801
06:19:56 test_islands 1 7.25 17.62 56801
06:19:58 test_islands 1 7.25 17.62 56801
06:20:00 test_islands 1 7.25 17.62 56801
06:20:02 test_islands 1 7.25 17.62 56801
06:20:04 test_islands 1 7.25 17.62 56801
06:20:06 test_islands 1 7.25 17.62 56801
06:20:08 test_islands 1 7.25 17.62 56906
06:20:10 test_islands 1 7.25 17.62 56906
06:20:12 test_islands 1 7.25 17.62 56906
06:20:14 test_islands 1 7.25 17.62 56906
06:20:16 test_islands 1 7.25 17.63 56906
06:20:18 test_islands 1 7.25 17.63 56906
06:20:20 test_islands 1 7.25 17.63 56906
06:20:22 test_islands 1 7.25 17.62 56906
06:20:24 test_islands 1 7.25 17.62 56906
06:20:26 test_islands 1 7.25 17.62 56906
06:20:28 test_islands 1 7.25 17.62 56906
06:20:30 test_islands 1 7.25 17.62 56906
06:20:32 test_islands 1 7.25 17.62 56906
06:20:34 test_islands 1 7.25 17.62 56906
06:20:36 test_islands 1 7.27 17.60 56906
06:20:38 test_islands 1 7.25 17.61 56906
06:20:40 test_islands 1 7.25 17.61 57011
06:20:42 test_islands 1 7.25 17.61 57011
06:20:44 test_islands 1 7.25 17.61 57011
06:20:46 test_islands 1 7.25 17.61 57011
06:20:48 test_islands 1 7.25 17.61 57011
06:20:50 test_islands 1 7.25 17.61 57011
06:20:52 test_islands 1 7.25 17.63 57011
06:20:54 test_islands 1 7.25 17.63 57011
06:20:56 test_islands 1 7.25 17.63 57011
06:20:58 test_islands 1 7.25 17.62 57011
06:21:00 test_islands 1 7.25 17.62 57011
06:21:02 test_islands 1 7.25 17.62 57011
06:21:04 test_islands 1 7.25 17.62 57011
06:21:06 test_islands 1 7.25 17.62 57011
06:21:08 test_islands 1 7.25 17.62 57011
06:21:10 test_islands 1 7.25 17.62 57011
06:21:12 test_islands 1 7.25 17.62 57011
06:21:14 test_islands 1 7.25 17.62 57011
06:21:16 test_islands 1 7.25 17.62 57011
06:21:18 test_islands 1 7.25 17.62 57011
06:21:20 test_islands 1 7.25 17.62 57011
06:21:22 test_islands 1 7.25 17.62 57011
06:21:24 test_islands 1 7.25 17.62 57011
06:21:26 test_islands 1 7.25 17.61 57011
06:21:28 test_islands 1 7.25 17.61 57011
06:21:30 test_islands 1 7.25 17.62 57011
06:21:32 test_islands 1 7.25 17.62 57011
06:21:34 test_islands 1 7.26 17.60 57011
06:21:36 test_islands 1 7.25 17.61 57011
06:21:38 test_islands 1 7.25 17.61 57011
06:21:40 test_islands 1 7.25 17.60 57116
06:21:42 test_islands 1 7.25 17.60 57116
06:21:44 test_islands 1 7.25 17.60 57116
06:21:46 test_islands 1 7.25 17.60 57116
06:21:48 test_islands 1 7.25 17.60 57116
06:21:50 test_islands 1 7.25 17.59 57116
06:21:52 test_islands 1 7.25 17.59 57116
06:21:54 test_islands 1 7.25 17.59 57116
06:21:56 test_islands 1 7.27 17.60 57116
06:21:58 test_islands 1 7.25 17.61 57116
06:22:00 test_islands 1 7.25 17.61 57116
06:22:02 test_islands 1 7.25 17.61 57116
06:22:04 test_islands 1 7.25 17.61 57116
06:22:06 test_islands 1 7.25 17.61 57116
06:22:08 test_islands 1 7.25 17.61 57116
06:22:10 test_islands 1 7.25 17.61 57116
06:22:12 test_islands 1 7.25 17.61 57116
06:22:14 test_islands 1 7.25 17.61 57116
06:22:16 test_islands 1 7.25 17.61 57116
06:22:18 test_islands 1 7.25 17.61 57116
06:22:20 test_islands 1 7.25 17.61 57116
06:22:22 test_islands 1 7.25 17.61 57116
06:22:25 test_islands 1 7.25 17.61 57116
06:22:27 test_islands 1 7.25 17.61 57116
06:22:29 test_islands 1 7.25 17.61 57116
06:22:31 test_islands 1 7.25 17.61 57116
06:22:33 test_islands 1 7.25 17.60 57221
06:22:35 test_islands 1 7.25 17.61 57221
06:22:37 test_islands 1 7.25 17.61 57221
06:22:39 test_islands 1 7.25 17.61 57221
06:22:41 test_islands 1 7.25 17.61 57221
06:22:43 test_islands 1 7.25 17.61 57221
06:22:45 test_islands 1 7.25 17.61 57221
06:22:47 test_islands 1 7.25 17.61 57221
06:22:49 test_islands 1 7.25 17.61 57221
06:22:51 test_islands 1 7.26 17.60 57221
06:22:53 test_islands 1 7.27 17.60 57221
06:22:55 test_islands 1 7.34 17.52 57221
06:22:57 test_islands 1 7.43 17.44 57221
06:22:59 test_islands 1 7.70 17.17 57221
06:23:01 test_islands 1 7.84 17.02 57221
06:23:03 test_islands 1 7.85 17.02 57221
06:23:05 test_islands 1 8.23 16.64 57221
06:23:07 test_islands 1 8.56 16.30 57221
06:23:09 test_islands 1 8.73 16.13 57221
06:23:11 test_islands 1 8.73 16.13 57221
06:23:13 test_islands 1 9.32 15.54 57221
06:23:15 test_islands 1 9.52 15.32 57221
06:23:17 test_islands 1 9.74 15.11 57221
06:23:19 test_islands 1 10.06 14.79 57221
06:23:21 test_islands 1 10.34 14.51 57221
06:23:23 test_islands 1 10.57 14.29 57221
06:23:25 test_islands 1 10.97 13.89 57221
06:23:27 test_islands 1 11.21 13.65 57221
06:23:29 test_islands 1 11.47 13.38 57221
06:23:31 test_islands 1 11.50 13.36 57221
06:23:33 test_islands 1 11.50 13.35 57221
06:23:35 test_islands 1 11.78 13.08 57221
06:23:37 test_islands 1 11.83 13.03 57221
06:23:39 test_islands 1 11.96 12.90 57221
06:23:41 test_islands 1 11.98 12.88 57221
06:23:43 test_islands 1 11.98 12.87 57221
06:23:45 test_islands 1 11.98 12.87 57221
06:23:47 test_islands 1 11.98 12.87 57221
06:23:49 test_islands 1 11.98 12.87 57221
06:23:51 test_islands 1 11.98 12.87 57221
06:23:53 test_islands 1 11.98 12.87 57221
06:23:55 test_islands 1 11.98 12.86 57221
06:23:57 test_islands 1 11.98 12.87 57221
06:23:59 test_islands 1 12.20 12.66 57221
06:24:01 test_islands 1 12.20 12.65 57221
06:24:03 test_islands 1 12.25 12.60 57221
06:24:05 test_islands 1 12.28 12.57 57328
06:24:07 test_islands 1 12.28 12.57 57328
06:24:09 test_islands 1 12.19 12.66 57328
06:24:11 test_islands 1 12.19 12.66 57328
06:24:13 test_islands 1 12.19 12.66 57328
06:24:15 test_islands 1 12.19 12.66 57328
06:24:17 test_islands 1 12.19 12.66 57328
06:24:19 test_islands 1 12.19 12.66 57328
06:24:21 test_islands 1 12.19 12.66 57328
06:24:23 test_islands 1 12.19 12.66 57328
06:24:25 test_islands 1 12.19 12.66 57328
06:24:27 test_islands 1 12.19 12.66 57328
06:24:29 test_islands 1 12.19 12.66 57328
06:24:31 test_islands 1 12.19 12.66 57328
06:24:33 test_islands 1 12.19 12.66 57328
06:24:35 test_islands 1 12.19 12.66 57328
06:24:37 test_islands 1 12.19 12.66 57328
06:24:39 test_islands 1 12.19 12.66 57328
06:24:41 test_islands 1 12.19 12.65 57328
06:24:43 test_islands 1 12.19 12.66 57328
06:24:45 test_islands 1 12.19 12.66 57328
06:24:47 test_islands 1 12.19 12.66 57328
06:24:49 test_islands 1 12.19 12.66 57328
06:24:51 test_islands 1 12.19 12.66 57328
06:24:53 test_islands 1 12.19 12.66 57328
06:24:55 test_islands 1 12.19 12.66 57328
06:24:57 test_islands 1 12.19 12.66 57328
06:24:59 test_islands 1 12.19 12.66 57328
06:25:01 test_islands 1 12.19 12.65 57328
06:25:03 test_islands 1 12.19 12.65 57328
06:25:05 test_islands 1 12.19 12.65 57328
06:25:07 test_islands 1 12.19 12.66 57328
06:25:09 test_islands 1 12.19 12.66 57328
06:25:11 test_islands 1 12.19 12.66 57328
06:25:13 test_islands 1 12.19 12.65 57328
06:25:15 test_islands 1 12.19 12.65 57328
06:25:17 test_islands 1 12.19 12.65 57328
06:25:19 test_islands 1 12.19 12.66 57328
06:25:21 test_islands 1 12.19 12.66 57328
06:25:23 test_islands 1 12.19 12.66 57328
06:25:25 test_islands 1 12.19 12.66 57328
06:25:27 test_islands 1 12.19 12.65 57328
06:25:29 test_islands 1 12.19 12.65 57328
06:25:31 test_islands 1 12.19 12.65 57328
06:25:33 test_islands 1 12.19 12.65 57328
06:25:35 test_islands 1 12.19 12.65 57328
06:25:37 test_islands 1 12.19 12.60 57328
06:25:39 test_islands 1 12.19 12.65 57328
06:25:41 test_islands 1 12.19 12.65 57328
06:25:43 test_islands 1 12.19 12.65 57328
06:25:45 test_islands 1 12.19 13.06 57328
06:25:47 test_islands 1 12.19 13.06 57328
06:25:49 test_islands 1 12.19 12.43 57328
06:25:51 test_islands 1 12.19 12.51 57328
06:25:53 test_islands 1 12.19 12.51 57328
06:25:55 test_islands 1 12.19 12.51 57328
06:25:57 test_islands 1 12.19 12.51 57328
06:25:59 test_islands 1 12.19 12.50 57328
06:26:01 test_islands 1 12.19 12.51 57328
06:26:03 test_islands 1 12.19 12.72 57328
06:26:05 test_islands 1 12.19 12.72 57328
06:26:07 test_islands 1 12.19 12.72 57328
06:26:09 test_islands 1 12.19 12.72 57328
06:26:11 test_islands 1 12.19 12.72 57328
06:26:13 test_islands 1 12.19 12.72 57328
06:26:15 test_islands 1 12.19 12.72 57328
06:26:17 test_islands 1 12.19 12.72 57328
06:26:19 test_islands 1 12.19 12.71 57328
06:26:21 test_islands 1 12.19 12.71 57328
06:26:23 test_islands 1 12.19 12.71 57328
06:26:25 test_islands 1 12.19 12.71 57328
06:26:27 test_islands 1 12.19 12.70 57328
06:26:29 test_islands 1 12.19 12.70 57328
06:26:31 test_islands 1 12.19 12.70 57328
06:26:33 test_islands 1 12.19 12.71 57432
06:26:35 test_islands 1 12.19 12.71 57432
06:26:37 test_islands 1 12.19 12.71 57432
06:26:39 test_islands 1 12.19 12.70 57432
06:26:41 test_islands 1 12.19 12.71 57432
06:26:43 test_islands 1 12.19 12.71 57432
06:26:45 test_islands 1 12.19 12.71 57432
06:26:47 test_islands 1 12.19 12.71 57432
06:26:49 test_islands 1 12.19 12.71 57432
06:26:51 test_islands 1 12.19 12.71 57432
06:26:53 test_islands 1 12.19 12.71 57432
06:26:55 test_islands 1 12.19 12.71 57432
06:26:57 test_islands 1 12.19 12.71 57432
06:26:59 test_islands 1 12.19 12.71 57432
06:27:01 test_islands 1 12.19 12.71 57432
06:27:03 test_islands 1 12.19 12.71 57432
06:27:05 test_islands 1 12.19 12.71 57432
06:27:07 test_islands 1 12.19 12.71 57432
06:27:09 test_islands 1 12.19 12.71 57432
06:27:11 test_islands 1 12.19 12.71 57432
06:27:13 test_islands 1 12.19 12.71 57432
06:27:15 test_islands 1 12.19 12.72 57432
06:27:17 test_islands 1 12.19 12.71 57432
06:27:19 test_islands 1 12.19 12.71 57432
06:27:21 test_islands 1 12.19 12.71 57432
06:27:23 test_islands 1 12.19 12.72 57432
06:27:25 test_islands 1 12.19 12.72 57432
06:27:27 test_islands 1 12.19 12.71 57432
06:27:29 test_islands 1 12.19 12.71 57432
06:27:31 test_islands 1 12.19 12.71 57432
06:27:33 test_islands 1 12.19 12.71 57432
06:27:35 test_islands 1 12.19 12.71 57432
06:27:37 test_islands 1 12.19 12.71 57432
06:27:39 test_islands 1 12.19 12.71 57432
06:27:41 test_islands 1 12.19 12.71 57432
06:27:43 test_islands 1 12.19 12.71 57432
06:27:45 test_islands 1 12.19 12.71 57432
06:27:47 test_islands 1 12.19 12.71 57432
06:27:49 test_islands 1 12.19 12.71 57432
06:27:51 test_islands 1 12.19 12.71 57432
06:27:53 test_islands 1 12.19 12.70 57432
06:27:55 test_islands 1 12.19 12.70 57432
06:27:57 test_islands 1 12.19 12.70 57432
06:27:59 test_islands 1 12.19 12.70 57432
06:28:01 test_islands 1 12.19 12.71 57432
06:28:03 test_islands 1 12.19 12.71 57432
06:28:05 test_islands 1 12.19 12.71 57432
06:28:07 test_islands 1 12.19 12.71 57432
06:28:09 test_islands 1 12.19 12.71 57432
06:28:11 test_islands 1 12.19 12.71 57432
06:28:13 test_islands 1 12.19 12.71 57432
06:28:15 test_islands 1 12.19 12.71 57432
06:28:17 test_islands 1 12.19 12.71 57432
06:28:19 test_islands 1 12.19 12.71 57432
06:28:21 test_islands 1 12.19 12.71 57432
06:28:23 test_islands 1 12.19 12.70 57432
06:28:25 test_islands 1 12.19 12.71 57432
06:28:27 test_islands 1 12.19 12.71 57432
06:28:29 test_islands 1 12.19 12.70 57540
06:28:31 test_islands 1 12.18 12.71 57540
06:28:33 test_islands 1 12.18 12.71 57540
06:28:35 test_islands 1 12.18 12.71 57540
06:28:37 test_islands 1 12.18 12.71 57540
06:28:39 test_islands 1 12.18 12.71 57540
06:28:41 test_islands 1 12.18 12.72 57540
06:28:43 test_islands 1 12.18 12.72 57540
06:28:45 test_islands 1 12.18 12.72 57540
06:28:47 test_islands 1 12.18 12.72 57540
06:28:49 test_islands 1 12.18 12.72 57540
06:28:51 test_islands 1 12.18 12.71 57540
06:28:53 test_islands 1 12.18 12.72 57540
06:28:55 test_islands 1 12.18 12.71 57540
06:28:57 test_islands 1 12.18 12.71 57540
06:28:59 test_islands 1 12.18 12.71 57540
06:29:01 test_islands 1 12.18 12.71 57540
06:29:03 test_islands 1 12.18 12.71 57540
06:29:05 test_islands 1 12.18 12.71 57540
06:29:07 test_islands 1 12.18 12.71 57540
06:29:09 test_islands 1 12.18 12.71 57540
06:29:11 test_islands 1 12.18 12.71 57540
06:29:13 test_islands 1 12.18 12.70 57540
06:29:15 test_islands 1 12.18 12.70 57540
06:29:17 test_islands 1 12.18 12.71 57540
06:29:19 test_islands 1 12.18 12.71 57540
06:29:21 test_islands 1 12.18 12.71 57540
06:29:23 test_islands 1 12.18 12.71 57540
06:29:25 test_islands 1 12.18 12.71 57540
06:29:27 test_islands 1 12.18 12.71 57540
06:29:29 test_islands 1 12.18 12.71 57540
06:29:31 test_islands 1 12.18 12.71 57540
06:29:33 test_islands 1 12.18 13.06 57540
06:29:35 test_islands 1 12.18 12.75 57540
06:29:37 test_islands 1 12.18 12.75 57540
06:29:39 test_islands 1 12.18 12.74 57540
06:29:41 test_islands 1 12.18 12.74 57540
06:29:43 test_islands 1 12.18 12.66 57540
06:29:45 test_islands 1 12.18 12.67 57540
06:29:47 test_islands 1 12.18 12.66 57540
06:29:49 test_islands 1 12.18 12.65 57540
06:29:51 test_islands 1 12.18 12.64 57540
06:29:53 test_islands 1 12.18 12.65 57540
06:29:55 test_islands 1 12.18 12.65 57540
06:29:57 test_islands 1 12.18 12.64 57540
06:29:59 test_islands 1 12.18 12.64 57540
06:30:01 test_islands 1 12.18 12.64 57540
06:30:03 test_islands 1 12.18 12.64 57540
06:30:05 test_islands 1 12.18 12.63 57540
06:30:07 test_islands 1 12.18 12.66 57540
06:30:09 test_islands 1 12.18 12.66 57540
06:30:11 test_islands 1 12.18 12.66 57540
06:30:13 test_islands 1 12.18 12.66 57540
06:30:15 test_islands 1 12.18 12.68 57540
06:30:17 test_islands 1 12.18 12.68 57540
06:30:19 test_islands 1 12.18 12.68 57540
06:30:21 test_islands 1 12.18 12.68 57540
06:30:23 test_islands 1 12.18 12.68 57644
06:30:25 test_islands 1 12.18 12.68 57644
06:30:27 test_islands 1 12.18 12.68 57644
06:30:29 test_islands 1 12.18 12.68 57644
06:30:31 test_islands 1 12.18 12.68 57644
06:30:33 test_islands 1 12.18 12.68 57644
06:30:35 test_islands 1 12.18 12.68 57644
06:30:37 test_islands 1 12.18 12.68 57644
06:30:39 test_islands 1 12.18 12.68 57644
06:30:41 test_islands 1 12.18 12.68 57644
06:30:43 test_islands 1 12.18 12.68 57644
06:30:45 test_islands 1 12.18 12.68 57644
06:30:47 test_islands 2 12.29 12.63 57644
06:30:49 test_islands 2 12.39 12.53 57644
06:30:51 test_islands 2 12.39 12.52 57644
06:30:53 test_islands 2 12.39 12.52 57644
06:30:55 test_islands 2 12.39 12.52 57644
06:30:57 test_islands 2 12.41 12.50 57644
06:30:59 test_islands 2 12.42 12.49 57644
06:31:01 test_islands 2 12.48 12.43 57644
06:31:03 test_islands 2 12.59 12.32 57644
06:31:05 test_islands 2 12.80 12.11 57644
06:31:07 test_islands 2 12.87 12.04 57644
06:31:09 test_islands 2 13.00 11.91 57644
06:31:11 test_islands 2 13.13 11.78 57644
06:31:13 test_islands 2 13.50 11.42 57644
06:31:15 test_islands 2 13.88 11.03 57644
06:31:17 test_islands 2 13.89 11.03 57644
06:31:19 test_islands 2 14.29 10.63 57644
06:31:21 test_islands 2 14.58 10.34 57644
06:31:23 test_islands 2 14.76 10.16 57644
06:31:25 test_islands 2 15.13 9.78 57644
06:31:27 test_islands 2 15.34 9.57 57644
06:31:29 test_islands 2 15.72 9.19 57644
06:31:31 test_islands 2 15.99 8.92 57644
06:31:33 test_islands 2 16.26 8.64 57644
06:31:35 test_islands 2 16.51 8.39 57644
06:31:37 test_islands 2 16.66 8.24 57644
06:31:39 test_islands 2 16.67 8.24 57644
06:31:41 test_islands 2 16.86 8.04 57644
06:31:43 test_islands 2 16.99 7.92 57644
06:31:45 test_islands 2 17.13 7.78 57644
06:31:47 test_islands 2 17.15 7.76 57644
06:31:49 test_islands 2 17.16 7.75 57644
06:31:51 test_islands 2 17.16 7.74 57644
06:31:53 test_islands 2 17.16 7.74 57644
06:31:55 test_islands 2 17.16 7.74 57644
06:31:57 test_islands 2 17.16 7.74 57644
06:31:59 test_islands 2 17.16 7.74 57644
06:32:01 test_islands 2 17.17 7.73 57644
06:32:03 test_islands 2 17.17 7.73 57644
06:32:05 test_islands 2 17.38 7.52 57644
06:32:07 test_islands 2 17.40 7.50 57644
06:32:09 test_islands 2 17.41 7.48 57644
06:32:11 test_islands 2 17.50 7.39 57644
06:32:13 test_islands 2 17.49 7.41 57644
06:32:15 test_islands 2 17.49 7.41 57644
06:32:17 test_islands 2 17.49 7.42 57644
06:32:19 test_islands 2 17.49 7.42 57644
06:32:21 test_islands 2 17.49 7.42 57644
06:32:23 test_islands 2 17.49 7.42 57644
06:32:25 test_islands 2 17.49 7.42 57644
06:32:27 test_islands 2 17.49 7.41 57644
06:32:29 test_islands 2 17.76 7.14 57644
06:32:31 test_islands 2 17.84 7.06 57644
06:32:33 test_islands 2 17.86 7.04 57644
06:32:35 test_islands 2 17.86 7.04 57644
06:32:37 test_islands 2 17.86 7.04 57644
06:32:39 test_islands 2 17.86 7.03 57644
06:32:41 test_islands 2 17.86 7.03 57644
06:32:43 test_islands 2 17.86 7.04 57644
06:32:45 test_islands 2 17.87 7.04 57644
06:32:47 test_islands 2 18.03 6.87 57644
06:32:49 test_islands 2 18.05 6.84 57644
06:32:51 test_islands 2 18.05 6.84 57644
06:32:53 test_islands 2 18.06 6.84 57644
06:32:55 test_islands 2 18.06 6.84 57644
06:32:57 test_islands 2 18.06 6.84 57644
06:32:59 test_islands 2 18.06 6.84 57644
06:33:01 test_islands 2 18.06 6.84 57644
06:33:03 test_islands 2 18.06 6.84 57644
06:33:05 test_islands 2 18.06 6.84 57644
06:33:07 test_islands 2 18.06 6.84 57644
06:33:09 test_islands 2 18.06 6.84 57644
06:33:11 test_islands 2 18.06 6.84 57644
06:33:13 test_islands 2 18.06 6.84 57644
06:33:15 test_islands 2 18.06 6.84 57644
06:33:17 test_islands 2 18.06 6.84 57644
06:33:19 test_islands 2 18.06 6.84 57644
06:33:21 test_islands 2 18.07 6.83 57644
06:33:23 test_islands 2 18.41 6.49 57644
06:33:25 test_islands 2 18.56 6.34 57644
06:33:27 test_islands 2 18.58 6.31 57644
06:33:29 test_islands 2 18.58 6.31 57644
06:33:31 test_islands 2 18.58 6.31 57644
06:33:33 test_islands 2 18.58 6.31 57644
06:33:35 test_islands 2 18.58 6.31 57644
06:33:37 test_islands 2 18.58 6.31 57644
06:33:39 test_islands 2 18.58 6.31 57644
06:33:41 test_islands 2 18.58 6.31 57644
06:33:43 test_islands 2 18.58 6.31 57644
06:33:45 test_islands 2 18.58 6.31 57644
06:33:47 test_islands 2 18.59 6.31 57644
06:33:49 test_islands 2 18.59 6.31 57644
06:33:51 test_islands 2 18.59 6.31 57644
06:33:53 test_islands 2 18.59 6.31 57644
06:33:55 test_islands 2 18.66 6.23 57644
06:33:57 test_islands 2 18.72 6.18 57644
06:33:59 test_islands 2 18.74 6.16 57644
06:34:01 test_islands 2 18.74 6.15 57644
06:34:03 test_islands 2 18.74 6.15 57644
06:34:05 test_islands 2 18.74 6.15 57644
06:34:07 test_islands 2 18.77 6.13 57644
06:34:09 test_islands 2 18.74 6.15 57644
06:34:11 test_islands 2 18.75 6.14 57644
06:34:13 test_islands 2 18.74 6.15 57644
06:34:15 test_islands 2 18.74 6.15 57644
06:34:17 test_islands 2 18.75 6.14 57644
06:34:19 test_islands 2 18.74 6.15 57644
06:34:21 test_islands 2 18.74 6.14 57644
06:34:23 test_islands 2 18.76 6.14 57644
06:34:25 test_islands 2 18.74 6.15 57644
06:34:27 test_islands 2 18.75 6.14 57644
06:34:29 test_islands 2 18.78 6.11 57644
06:34:31 test_islands 2 18.99 5.90 57644
06:34:33 test_islands 2 19.01 5.88 57644
06:34:35 test_islands 2 19.15 5.74 57644
06:34:37 test_islands 2 19.24 5.65 57644
06:34:39 test_islands 2 19.26 5.63 57644
06:34:41 test_islands 2 19.27 5.69 57644
06:34:43 test_islands 2 19.27 5.68 57644
06:34:45 test_islands 2 19.27 5.68 57644
06:34:47 test_islands 2 19.28 5.68 57644
06:34:49 test_islands 2 19.28 5.68 57644
06:34:51 test_islands 2 19.28 5.67 57644
06:34:53 test_islands 2 19.28 5.67 57644
06:34:55 test_islands 2 19.28 5.67 57644
06:34:57 test_islands 2 19.28 5.67 57644
06:34:59 test_islands 2 19.27 5.67 57644
06:35:01 test_islands 2 19.27 5.67 57644
06:35:03 test_islands 2 12.39 12.56 57644
06:35:05 test_islands 2 12.39 12.56 57644
06:35:07 test_islands 2 12.39 12.56 57644
06:35:09 test_islands 2 12.39 12.56 57644
06:35:11 test_islands 2 12.39 12.56 57644
06:35:13 test_islands 2 12.42 12.52 57644
06:35:15 test_islands 2 12.43 12.51 57644
06:35:17 test_islands 2 12.50 12.44 57644
06:35:19 test_islands 2 12.66 12.28 57644
06:35:21 test_islands 2 12.86 12.07 57644
06:35:23 test_islands 2 13.00 11.94 57644
06:35:25 test_islands 2 13.01 11.93 57644
06:35:27 test_islands 2 13.46 11.48 57644
06:35:29 test_islands 2 13.78 11.16 57644
06:35:31 test_islands 2 13.89 11.05 57644
06:35:33 test_islands 2 14.04 10.90 57644
06:35:35 test_islands 2 14.49 10.44 57644
06:35:37 test_islands 2 14.69 10.25 57644
06:35:39 test_islands 2 15.01 9.92 57644
06:35:41 test_islands 2 15.22 9.71 57644
06:35:43 test_islands 2 15.59 9.34 57644
06:35:45 test_islands 2 15.72 9.20 57644
06:35:47 test_islands 2 16.19 8.73 57644
06:35:49 test_islands 2 16.37 8.55 57644
06:35:51 test_islands 2 16.64 8.27 57644
06:35:53 test_islands 2 16.67 8.24 57644
06:35:55 test_islands 2 16.67 8.24 57644
06:35:57 test_islands 2 16.94 7.97 57644
06:35:59 test_islands 2 17.00 7.91 57644
06:36:01 test_islands 2 17.13 7.78 57644
06:36:03 test_islands 2 17.16 7.76 57644
06:36:05 test_islands 2 17.16 7.76 57644
06:36:07 test_islands 2 17.16 7.76 57644
06:36:09 test_islands 2 17.16 7.75 57644
06:36:11 test_islands 2 17.16 7.75 57644
06:36:13 test_islands 2 17.16 7.75 57644
06:36:15 test_islands 2 17.17 7.74 57644
06:36:17 test_islands 2 17.17 7.74 57644
06:36:19 test_islands 2 17.17 7.74 57644
06:36:21 test_islands 2 17.40 7.51 57644
06:36:23 test_islands 2 17.41 7.51 57644
06:36:25 test_islands 2 17.47 7.44 57644
06:36:27 test_islands 2 17.48 7.42 57644
06:36:29 test_islands 2 17.48 7.42 57644
06:36:31 test_islands 2 17.48 7.42 57644
06:36:33 test_islands 2 17.48 7.42 57644
06:36:35 test_islands 2 17.48 7.42 57644
06:36:37 test_islands 2 17.48 7.42 57644
06:36:39 test_islands 2 17.48 7.42 57644
06:36:41 test_islands 2 17.48 7.42 57644
06:36:43 test_islands 2 17.50 7.41 57644
06:36:45 test_islands 2 17.83 7.07 57644
06:36:47 test_islands 2 17.85 7.07 57644
06:36:49 test_islands 2 17.86 7.05 57644
06:36:51 test_islands 2 17.86 7.06 57644
06:36:53 test_islands 2 17.86 7.06 57644
06:36:55 test_islands 2 17.86 7.05 57644
06:36:57 test_islands 2 17.86 7.05 57644
06:36:59 test_islands 2 17.86 7.05 57644
06:37:01 test_islands 2 17.86 7.05 57644
06:37:03 test_islands 2 18.03 6.88 57644
06:37:05 test_islands 2 18.05 6.86 57644
06:37:07 test_islands 2 18.05 6.85 57644
06:37:09 test_islands 2 18.06 6.84 57644
06:37:11 test_islands 2 18.06 6.84 57644
06:37:13 test_islands 2 18.06 6.84 57644
06:37:15 test_islands 2 18.06 6.84 57644
06:37:17 test_islands 2 18.06 6.85 57644
06:37:19 test_islands 2 18.06 6.85 57644
06:37:21 test_islands 2 18.06 6.85 57644
06:37:23 test_islands 2 18.06 6.85 57644
06:37:25 test_islands 2 18.06 7.26 57644
06:37:27 test_islands 2 18.06 7.11 57644
06:37:29 test_islands 2 18.06 6.95 57644
06:37:31 test_islands 2 18.06 6.95 57644
06:37:33 test_islands 2 18.06 6.93 57644
06:37:35 test_islands 2 18.06 6.94 57644
06:37:37 test_islands 2 18.06 6.93 57644
06:37:39 test_islands 2 18.40 6.59 57644
06:37:41 test_islands 2 18.56 6.43 57644
06:37:43 test_islands 2 18.58 6.40 57644
06:37:45 test_islands 2 18.58 6.39 57644
06:37:47 test_islands 2 18.58 6.39 57644
06:37:49 test_islands 2 18.58 6.38 57644
06:37:51 test_islands 2 18.58 6.38 57644
06:37:53 test_islands 2 18.58 6.37 57644
06:37:55 test_islands 2 18.58 6.37 57644
06:37:57 test_islands 2 18.58 6.37 57644
06:37:59 test_islands 2 18.58 6.37 57644
06:38:01 test_islands 2 18.58 6.37 57644
06:38:03 test_islands 2 18.58 6.37 57644
06:38:05 test_islands 2 18.58 6.38 57644
06:38:07 test_islands 2 18.58 6.38 57644
06:38:09 test_islands 2 18.58 6.38 57644
06:38:11 test_islands 2 18.62 6.34 57644
06:38:13 test_islands 2 18.71 6.24 57644
06:38:15 test_islands 2 18.73 6.22 57644
06:38:17 test_islands 2 18.75 6.21 57644
06:38:19 test_islands 2 18.74 6.22 57644
06:38:21 test_islands 2 18.74 6.22 57644
06:38:23 test_islands 2 18.75 6.21 57644
06:38:25 test_islands 2 18.74 6.22 57644
06:38:28 test_islands 2 18.74 6.22 57644
06:38:30 test_islands 2 18.74 6.22 57644
06:38:32 test_islands 2 18.74 6.22 57644
06:38:34 test_islands 2 18.74 6.21 57644
06:38:36 test_islands 2 18.75 6.20 57644
06:38:38 test_islands 2 18.75 6.20 57644
06:38:40 test_islands 2 18.75 6.20 57644
06:38:42 test_islands 2 18.75 6.20 57644
06:38:44 test_islands 2 18.75 6.19 57644
06:38:46 test_islands 2 18.75 6.19 57644
06:38:48 test_islands 2 18.96 5.98 57644
06:38:50 test_islands 2 19.00 5.95 57644
06:38:52 test_islands 2 19.01 5.94 57644
06:38:54 test_islands 2 19.23 5.72 57644
06:38:56 test_islands 2 19.25 5.70 57644
06:38:58 test_islands 2 19.26 5.69 57644
06:39:00 test_islands 2 19.26 5.68 57644
06:39:02 test_islands 2 19.27 5.68 57644
06:39:04 test_islands 2 19.27 5.67 57644
06:39:06 test_islands 2 19.27 5.67 57644
06:39:08 test_islands 2 19.27 5.67 57644
06:39:10 test_islands 2 19.28 5.67 57644
06:39:12 test_islands 2 19.28 5.67 57644
06:39:14 test_islands 2 19.28 5.67 57644
06:39:16 test_islands 2 19.28 5.67 57644
06:39:18 test_islands 2 19.25 5.70 57644
06:39:20 test_islands 2 12.39 12.57 57644
06:39:22 test_islands 2 12.39 12.57 57644
06:39:24 test_islands 2 12.39 12.57 57644
06:39:26 test_islands 2 12.39 12.57 57644
06:39:28 test_islands 2 12.39 12.57 57644
06:39:30 test_islands 2 12.39 12.57 57644
06:39:32 test_islands 2 12.39 12.57 57644
06:39:34 test_islands 2 12.39 12.57 57644
06:39:36 test_islands 2 12.45 12.51 57644
06:39:38 test_islands 2 12.55 12.41 57644
06:39:40 test_islands 2 12.79 12.16 57644
06:39:42 test_islands 2 13.29 11.67 57644
06:39:44 test_islands 2 13.46 11.49 57644
06:39:46 test_islands 2 13.90 11.06 57644
06:39:48 test_islands 2 14.06 10.90 57644
06:39:50 test_islands 2 14.31 10.65 57644
06:39:52 test_islands 2 14.39 10.56 57644
06:39:54 test_islands 2 14.75 10.20 57644
06:39:56 test_islands 2 14.94 10.01 57644
06:39:58 test_islands 2 15.13 9.83 57644
06:40:00 test_islands 2 15.15 9.81 57644
06:40:02 test_islands 2 15.15 9.81 57644
06:40:04 test_islands 2 15.15 9.81 57644
06:40:06 test_islands 2 15.16 9.79 57644
06:40:08 test_islands 2 15.15 9.80 57644
06:40:10 test_islands 2 15.15 9.80 57644
06:40:12 test_islands 2 15.17 9.78 57644
06:40:14 test_islands 2 15.16 9.79 57644
06:40:16 test_islands 2 15.17 9.78 57644
06:40:18 test_islands 2 15.23 9.71 57644
06:40:20 test_islands 2 15.28 9.66 57644
06:40:22 test_islands 2 15.39 9.55 57644
06:40:24 test_islands 2 15.65 9.31 57644
06:40:26 test_islands 2 15.65 9.31 57644
06:40:28 test_islands 2 15.65 9.30 57644
06:40:30 test_islands 2 15.66 9.29 57644
06:40:32 test_islands 2 15.68 9.27 57644
06:40:34 test_islands 2 15.70 9.25 57644
06:40:36 test_islands 2 15.69 9.26 57644
06:40:38 test_islands 2 16.03 8.92 57644
06:40:40 test_islands 2 16.05 8.90 57644
06:40:42 test_islands 2 16.04 8.91 57644
06:40:44 test_islands 2 16.05 8.90 57644
06:40:46 test_islands 2 16.04 8.90 57644
06:40:48 test_islands 2 16.04 8.90 57644
06:40:50 test_islands 2 16.05 8.90 57644
06:40:52 test_islands 2 16.05 8.89 57644
06:40:54 test_islands 2 16.05 8.89 57644
06:40:56 test_islands 2 16.55 8.39 57644
06:40:58 test_islands 2 16.65 8.30 57644
06:41:00 test_islands 2 16.63 8.32 57644
06:41:02 test_islands 2 16.65 8.30 57644
06:41:04 test_islands 2 16.99 7.96 57644
06:41:06 test_islands 2 17.11 7.84 57644
06:41:08 test_islands 2 17.12 7.82 57644
06:41:10 test_islands 2 17.13 7.82 57644
06:41:12 test_islands 2 17.13 7.82 57644
06:41:14 test_islands 2 17.13 7.81 57644
06:41:16 test_islands 2 17.13 7.76 57644
06:41:18 test_islands 2 17.13 7.72 57644
06:41:20 test_islands 2 17.13 7.72 57644
06:41:22 test_islands 2 17.13 7.81 57644
06:41:24 test_islands 2 17.13 7.80 57644
06:41:26 test_islands 2 17.13 7.80 57644
06:41:28 test_islands 2 17.13 7.80 57644
06:41:30 test_islands 2 17.13 7.80 57644
06:41:32 test_islands 2 17.13 7.81 57644
06:41:34 test_islands 2 17.13 7.81 57644
06:41:36 test_islands 2 17.13 7.81 57644
06:41:38 test_islands 2 17.13 7.81 57644
06:41:40 test_islands 2 17.13 7.81 57644
06:41:42 test_islands 2 17.13 7.81 57644
06:41:44 test_islands 2 17.13 7.81 57644
06:41:46 test_islands 2 17.13 7.81 57644
06:41:48 test_islands 2 17.13 7.81 57644
06:41:50 test_islands 2 17.13 7.81 57644
06:41:52 test_islands 2 17.33 7.60 57644
06:41:54 test_islands 2 17.35 7.59 57644
06:41:56 test_islands 2 17.35 7.59 57644
06:41:58 test_islands 2 17.35 7.59 57644
06:42:00 test_islands 2 17.36 7.58 57644
06:42:02 test_islands 2 17.35 7.59 57644
06:42:04 test_islands 2 17.35 7.58 57644
06:42:06 test_islands 2 17.36 7.58 57644
06:42:08 test_islands 2 17.36 7.58 57644
06:42:10 test_islands 2 17.36 7.27 57644
06:42:12 test_islands 2 17.69 6.93 57644
06:42:14 test_islands 2 17.70 7.24 57644
06:42:16 test_islands 2 17.72 7.22 57644
06:42:18 test_islands 2 17.72 7.21 57644
06:42:20 test_islands 2 17.72 7.21 57644
06:42:22 test_islands 2 17.72 6.99 57644
06:42:24 test_islands 2 17.72 6.91 57644
06:42:26 test_islands 2 17.72 6.83 57644
06:42:28 test_islands 2 17.72 6.58 57644
06:42:30 test_islands 2 17.72 6.57 57644
06:42:32 test_islands 2 17.72 6.60 57644
06:42:34 test_islands 2 17.72 7.15 57644
06:42:36 test_islands 2 17.72 7.22 57644
06:42:38 test_islands 2 17.72 7.23 57644
06:42:40 test_islands 2 17.72 7.22 57644
06:42:42 test_islands 2 17.72 7.23 57644
06:42:44 test_islands 2 17.72 7.23 57644
06:42:46 test_islands 2 17.72 7.23 57644
06:42:48 test_islands 2 17.72 7.23 57644
06:42:50 test_islands 2 17.72 7.23 57644
06:42:52 test_islands 2 17.72 7.23 57644
06:42:54 test_islands 2 17.72 7.23 57644
06:42:56 test_islands 2 17.72 7.23 57644
06:42:58 test_islands 2 17.72 7.23 57644
06:43:00 test_islands 2 17.72 7.23 57644
06:43:02 test_islands 2 17.72 7.23 57644
06:43:04 test_islands 2 17.72 7.23 57644
06:43:06 test_islands 2 17.72 7.23 57644
06:43:08 test_islands 2 17.72 7.23 57644
06:43:10 test_islands 2 18.04 6.89 57644
06:43:12 test_islands 2 18.13 6.80 57644
06:43:14 test_islands 2 18.15 6.78 57644
06:43:16 test_islands 2 18.15 6.77 57644
06:43:18 test_islands 2 18.15 6.79 57644
06:43:20 test_islands 2 18.17 6.77 57644
06:43:22 test_islands 2 18.18 6.44 57644
06:43:24 test_islands 2 18.16 6.39 57644
06:43:26 test_islands 2 18.16 6.20 57644
06:43:28 test_islands 2 18.18 6.18 57644
06:43:30 test_islands 2 18.16 6.79 57644
06:43:32 test_islands 2 18.16 6.79 57644
06:43:34 test_islands 2 18.16 6.79 57644
06:43:36 test_islands 2 18.16 6.78 57644
06:43:38 test_islands 2 18.16 6.78 57644
06:43:40 test_islands 2 18.16 6.78 57644
06:43:42 test_islands 2 18.16 6.78 57644
06:43:44 test_islands 2 18.16 6.78 57644
06:43:46 test_islands 2 18.16 6.78 57644
06:43:48 test_islands 2 18.16 6.78 57644
06:43:50 test_islands 2 18.16 6.46 57644
06:43:52 test_islands 2 18.16 6.46 57644
06:43:54 test_islands 2 18.16 6.37 57644
06:43:56 test_islands 2 18.16 6.36 57644
06:43:58 test_islands 2 18.16 6.12 57644
06:44:00 test_islands 2 12.39 11.90 57762
06:44:02 test_islands 2 12.39 11.90 57762
06:44:04 test_islands 2 12.39 11.90 57762
06:44:06 test_islands 2 12.39 11.89 57762
06:44:08 test_islands 2 12.39 11.89 57762
06:44:10 test_islands 2 12.39 11.89 57762
06:44:12 test_islands 2 12.39 11.89 57762
06:44:14 test_islands 2 12.39 11.89 57762
06:44:16 test_islands 2 12.42 11.85 57762
06:44:18 test_islands 2 12.43 11.85 57762
06:44:20 test_islands 2 12.43 11.85 57762
06:44:22 test_islands 2 12.50 11.78 57762
06:44:24 test_islands 2 12.59 11.70 57762
06:44:26 test_islands 2 12.66 11.63 57762
06:44:28 test_islands 2 12.86 11.42 57762
06:44:30 test_islands 2 12.88 11.40 57762
06:44:32 test_islands 2 13.00 11.28 57762
06:44:34 test_islands 2 13.01 11.28 57762
06:44:36 test_islands 2 13.13 11.15 57762
06:44:38 test_islands 2 13.46 10.82 57762
06:44:40 test_islands 2 13.69 10.59 57762
06:44:42 test_islands 2 13.88 10.40 57762
06:44:44 test_islands 2 13.89 10.39 57762
06:44:46 test_islands 2 13.89 10.39 57762
06:44:48 test_islands 2 14.26 10.02 57762
06:44:50 test_islands 2 14.49 9.78 57762
06:44:52 test_islands 2 14.63 9.64 57762
06:44:54 test_islands 2 14.73 9.54 57762
06:44:56 test_islands 2 14.99 9.28 57762
06:44:58 test_islands 2 15.22 9.04 57762
06:45:00 test_islands 2 15.22 9.05 57762
06:45:02 test_islands 2 15.51 8.76 57762
06:45:04 test_islands 2 15.72 8.54 57762
06:45:06 test_islands 2 15.85 8.41 57762
06:45:08 test_islands 2 16.13 8.14 57762
06:45:10 test_islands 2 16.26 8.01 57762
06:45:12 test_islands 2 16.37 7.90 57762
06:45:14 test_islands 2 16.64 7.63 57762
06:45:16 test_islands 2 16.65 7.62 57762
06:45:18 test_islands 2 16.67 7.60 57762
06:45:20 test_islands 2 16.67 7.61 57762
06:45:22 test_islands 2 16.85 7.42 57762
06:45:24 test_islands 2 16.97 7.29 57762
06:45:26 test_islands 2 16.99 7.29 57762
06:45:28 test_islands 2 17.13 7.15 57762
06:45:30 test_islands 2 17.14 7.14 57762
06:45:32 test_islands 2 17.15 7.13 57762
06:45:34 test_islands 2 17.16 7.12 57762
06:45:36 test_islands 2 17.16 7.12 57762
06:45:38 test_islands 2 17.16 7.12 57762
06:45:40 test_islands 2 17.16 7.11 57762
06:45:42 test_islands 2 17.16 7.11 57762
06:45:44 test_islands 2 17.16 7.11 57762
06:45:46 test_islands 2 17.16 7.11 57762
06:45:48 test_islands 2 17.16 7.11 57762
06:45:50 test_islands 2 17.16 7.11 57762
06:45:52 test_islands 2 17.17 7.09 57762
06:45:54 test_islands 2 17.17 7.09 57762
06:45:56 test_islands 2 17.17 7.10 57762
06:45:58 test_islands 2 17.18 7.10 57762
06:46:00 test_islands 2 17.39 6.88 57762
06:46:02 test_islands 2 17.40 6.88 57762
06:46:04 test_islands 2 17.41 6.87 57762
06:46:06 test_islands 2 17.42 6.85 57762
06:46:08 test_islands 2 17.51 6.77 57762
06:46:10 test_islands 2 17.48 6.79 57762
06:46:12 test_islands 2 17.48 6.79 57762
06:46:14 test_islands 2 17.48 6.79 57762
06:46:16 test_islands 2 17.48 6.79 57762
06:46:18 test_islands 2 17.48 6.79 57762
06:46:20 test_islands 2 17.42 6.85 57762
06:46:22 test_islands 2 17.42 6.85 57762
06:46:24 test_islands 1 12.18 12.01 61230
06:46:26 test_islands 1 12.18 12.03 61230
06:46:28 test_islands 1 12.18 12.04 61230
06:46:30 test_islands 1 0.27 23.97 61231
06:46:32 test_islands 1 0.30 23.94 61231
06:46:34 test_island_cover 1 0.30 23.94 61255
06:46:36 test_island_cover 1 0.30 23.94 61255
06:46:38 test_island_cover 1 0.30 23.94 61255
06:46:40 test_island_cover 1 0.30 23.94 61255
06:46:42 test_island_cover 1 0.30 23.93 61255
06:46:44 test_island_cover 1 0.30 23.87 61344
06:46:46 test_island_cover 1 0.30 23.93 61344
06:46:48 test_island_cover 1 0.30 23.93 61344
06:46:50 test_island_cover 1 0.30 23.93 61344
06:46:52 test_island_cover 1 0.30 23.93 61344
06:46:54 test_island_cover 1 0.30 23.93 61344
06:46:56 test_island_cover 1 0.30 23.93 61344
06:46:58 test_island_cover 1 0.30 23.93 61344
06:47:00 test_island_cover 1 0.30 23.93 61344
06:47:02 test_island_cover 1 0.30 23.93 61344
06:47:04 test_island_cover 1 0.31 23.92 61344
06:47:06 test_island_cover 1 0.32 23.91 61344
06:47:08 test_island_cover 1 0.43 23.80 61344
06:47:10 test_island_cover 1 0.58 23.65 61344
06:47:12 test_island_cover 1 0.65 23.58 61344
06:47:14 test_island_cover 1 0.66 23.57 61344
06:47:16 test_island_cover 1 0.95 23.28 61344
06:47:18 test_island_cover 1 1.20 23.04 61344
06:47:20 test_island_cover 1 1.39 22.84 61344
06:47:22 test_island_cover 1 1.40 22.83 61344
06:47:24 test_island_cover 1 1.45 22.78 61344
06:47:26 test_island_cover 1 1.92 22.31 61344
06:47:28 test_island_cover 1 2.07 22.16 61344
06:47:30 test_island_cover 1 2.20 22.03 61344
06:47:32 test_island_cover 1 2.45 21.78 61344
06:47:34 test_island_cover 1 2.67 21.56 61344
06:47:36 test_island_cover 1 3.00 21.23 61344
06:47:38 test_island_cover 1 3.15 21.08 61344
06:47:40 test_island_cover 1 3.27 20.95 61344
06:47:42 test_island_cover 1 3.28 20.94 61344
06:47:44 test_island_cover 1 3.54 20.68 61344
06:47:46 test_island_cover 1 4.04 20.18 61344
06:47:48 test_island_cover 1 4.06 20.17 61344
06:47:50 test_island_cover 1 4.06 20.16 61344
06:47:52 test_island_cover 1 4.08 20.14 61344
06:47:54 test_island_cover 1 4.23 19.99 61344
06:47:56 test_island_cover 1 4.52 19.70 61344
06:47:58 test_island_cover 1 4.77 19.44 61344
06:48:00 test_island_cover 1 5.10 19.12 61344
06:48:02 test_island_cover 1 5.21 19.00 61344
06:48:04 test_island_cover 1 5.22 18.99 61344
06:48:06 test_island_cover 1 5.25 18.95 61344
06:48:08 test_island_cover 1 5.26 18.94 61344
06:48:10 test_island_cover 1 5.22 18.97 61344
06:48:12 test_island_cover 1 5.24 18.97 61344
06:48:14 test_island_cover 1 5.40 18.82 61344
06:48:16 test_island_cover 1 5.51 18.70 61344
06:48:18 test_island_cover 1 5.52 18.69 61344
06:48:20 test_island_cover 1 5.54 18.68 61344
06:48:22 test_island_cover 1 5.54 18.67 61344
06:48:24 test_island_cover 1 5.56 18.65 61344
06:48:26 test_island_cover 1 5.58 18.64 61344
06:48:28 test_island_cover 1 5.54 18.67 61344
06:48:30 test_island_cover 1 5.63 18.58 61344
06:48:32 test_island_cover 1 5.64 18.57 61344
06:48:34 test_island_cover 1 5.65 18.56 61344
06:48:36 test_island_cover 1 5.66 18.56 61344
06:48:38 test_island_cover 1 5.67 18.55 61344
06:48:40 test_island_cover 1 5.68 18.54 61344
06:48:42 test_island_cover 1 5.71 18.51 61344
06:48:44 test_island_cover 1 5.68 18.54 61344
06:48:46 test_island_cover 1 5.67 18.54 61344
06:48:48 test_island_cover 1 5.88 18.33 61344
06:48:50 test_island_cover 1 6.07 18.14 61344
06:48:52 test_island_cover 1 6.08 18.13 61344
06:48:54 test_island_cover 1 6.09 18.12 61344
06:48:57 test_island_cover 1 6.10 18.11 61344
06:48:59 test_island_cover 1 6.11 18.10 61344
06:49:01 test_island_cover 1 6.12 18.09 61344
06:49:03 test_island_cover 1 6.13 18.08 61344
06:49:05 test_island_cover 1 6.14 18.07 61344
06:49:07 test_island_cover 1 6.13 18.09 61344
06:49:09 test_island_cover 1 6.16 18.07 61344
06:49:11 test_island_cover 1 6.17 18.05 61344
06:49:13 test_island_cover 1 6.18 18.04 61344
06:49:15 test_island_cover 1 6.18 18.04 61344
06:49:17 test_island_cover 1 6.18 18.04 61344
06:49:19 test_island_cover 1 6.19 18.03 61344
06:49:21 test_island_cover 1 6.22 18.00 61344
06:49:23 test_island_cover 1 6.22 18.00 61344
06:49:25 test_island_cover 1 6.22 18.00 61344
06:49:27 test_island_cover 1 6.22 18.00 61344
06:49:29 test_island_cover 1 6.22 18.00 61344
06:49:31 test_island_cover 1 6.22 18.01 61344
06:49:33 test_island_cover 1 6.22 18.65 61344
06:49:35 test_island_cover 1 6.22 18.66 61344
06:49:37 test_island_cover 1 6.41 18.47 61344
06:49:39 test_island_cover 1 6.42 18.45 61344
06:49:41 test_island_cover 1 6.43 18.45 61344
06:49:43 test_island_cover 1 6.69 18.18 61439
06:49:45 test_island_cover 1 6.78 18.09 61439
06:49:47 test_island_cover 1 6.99 17.88 61439
06:49:49 test_island_cover 1 7.21 17.66 61439
06:49:51 test_island_cover 1 7.42 17.45 61439
06:49:53 test_island_cover 1 7.64 17.23 61439
06:49:55 test_island_cover 1 7.64 17.23 61439
06:49:57 test_island_cover 1 7.64 17.23 61439
06:49:59 test_island_cover 1 7.64 17.23 61439
06:50:01 test_island_cover 1 7.78 17.08 61439
06:50:03 test_island_cover 1 7.89 16.96 61439
06:50:05 test_island_cover 1 7.96 16.90 61439
06:50:07 test_island_cover 1 7.98 16.88 61439
06:50:09 test_island_cover 1 7.99 16.88 61439
06:50:11 test_island_cover 1 7.99 16.88 61439
06:50:13 test_island_cover 1 7.99 16.87 61439
06:50:15 test_island_cover 1 7.99 16.87 61439
06:50:17 test_island_cover 1 7.99 16.87 61439
06:50:19 test_island_cover 1 7.99 16.87 61439
06:50:21 test_island_cover 1 7.99 16.87 61439
06:50:23 test_island_cover 1 8.00 16.86 61439
06:50:25 test_island_cover 1 8.00 16.87 61439
06:50:27 test_island_cover 1 8.00 16.87 61439
06:50:29 test_island_cover 1 8.00 16.86 61439
06:50:31 test_island_cover 1 7.99 16.87 61439
06:50:33 test_island_cover 1 7.99 16.87 61541
06:50:35 test_island_cover 1 7.99 16.87 61541
06:50:37 test_island_cover 1 7.99 16.83 61541
06:50:39 test_island_cover 1 7.99 16.87 61647
06:50:41 test_island_cover 1 7.99 16.87 61790
06:50:43 test_island_cover 1 7.99 16.87 61790
06:50:45 test_island_cover 1 7.99 16.87 61790
06:50:47 test_island_cover 1 7.99 16.84 61790
06:50:49 test_island_cover 1 8.00 16.85 61790
06:50:51 test_island_cover 1 8.02 16.82 61790
06:50:53 test_island_cover 1 8.00 16.85 61790
06:50:55 test_island_cover 1 8.00 16.85 61790
06:50:57 test_island_cover 1 8.03 16.82 61790
06:50:59 test_island_cover 1 8.00 16.85 61790
06:51:01 test_island_cover 1 8.00 16.85 61790
06:51:03 test_island_cover 1 8.00 16.85 61790
06:51:05 test_island_cover 1 8.01 16.83 61790
06:51:07 test_island_cover 1 8.02 16.83 61790
06:51:09 test_island_cover 1 8.03 16.81 61790
06:51:11 test_island_cover 1 8.02 16.83 61867
06:51:13 test_island_cover 1 8.02 16.83 61867
06:51:15 test_island_cover 1 8.02 16.82 61867
06:51:17 test_island_cover 1 8.02 16.82 61867
06:51:19 test_island_cover 1 8.02 16.82 61867
06:51:21 test_island_cover 1 8.04 16.79 61867
06:51:23 test_island_cover 1 8.02 16.82 61867
06:51:25 test_island_cover 1 8.02 16.82 61867
06:51:27 test_island_cover 1 8.02 16.82 61867
06:51:29 test_island_cover 1 8.02 16.82 61867
06:51:31 test_island_cover 1 8.04 16.81 61867
06:51:33 test_island_cover 1 8.05 16.79 61867
06:51:35 test_island_cover 1 8.04 16.81 61867
06:51:37 test_island_cover 1 8.04 16.80 61867
06:51:39 test_island_cover 1 8.04 16.80 61867
06:51:41 test_island_cover 1 8.04 16.81 61867
06:51:43 test_island_cover 1 8.04 16.80 61867
06:51:45 test_island_cover 2 8.25 16.65 61944
06:51:47 test_island_cover 2 8.25 16.65 61944
06:51:49 test_island_cover 2 8.25 16.65 61944
06:51:51 test_island_cover 2 8.25 16.65 61944
06:51:53 test_island_cover 2 8.25 16.65 61944
06:51:55 test_island_cover 2 8.28 16.62 61944
06:51:57 test_island_cover 2 8.29 16.62 61944
06:51:59 test_island_cover 2 8.36 16.54 61944
06:52:01 test_island_cover 2 8.45 16.46 61944
06:52:03 test_island_cover 2 8.72 16.18 61944
06:52:05 test_island_cover 2 8.86 16.05 61944
06:52:07 test_island_cover 2 8.87 16.05 61944
06:52:09 test_island_cover 2 9.22 15.69 61944
06:52:11 test_island_cover 2 9.56 15.34 61944
06:52:13 test_island_cover 2 9.75 15.15 61944
06:52:15 test_island_cover 2 9.75 15.15 61944
06:52:17 test_island_cover 2 10.31 14.60 61944
06:52:19 test_island_cover 2 10.54 14.13 61944
06:52:21 test_island_cover 2 10.69 14.21 61944
06:52:23 test_island_cover 2 11.08 13.82 61944
06:52:25 test_island_cover 2 11.26 13.65 61944
06:52:27 test_island_cover 2 11.59 13.32 61944
06:52:29 test_island_cover 2 11.99 12.92 61944
06:52:31 test_island_cover 2 12.23 12.68 61944
06:52:33 test_island_cover 2 12.50 12.41 61944
06:52:35 test_island_cover 2 12.52 12.26 61944
06:52:37 test_island_cover 2 12.53 12.38 61944
06:52:39 test_island_cover 2 12.80 12.11 61944
06:52:41 test_island_cover 2 12.85 12.06 61944
06:52:43 test_island_cover 2 12.99 11.90 61944
06:52:45 test_island_cover 2 13.01 11.88 61944
06:52:47 test_island_cover 2 13.02 11.88 61944
06:52:49 test_island_cover 2 13.02 11.88 61944
06:52:51 test_island_cover 2 13.02 11.87 61944
06:52:53 test_island_cover 2 13.02 11.87 61944
06:52:55 test_island_cover 2 13.02 11.87 61944
06:52:57 test_island_cover 2 13.03 11.87 61944
06:52:59 test_island_cover 2 13.03 11.87 61944
06:53:01 test_island_cover 2 13.03 11.87 61944
06:53:03 test_island_cover 2 13.26 11.64 61944
06:53:05 test_island_cover 2 13.27 11.63 61944
06:53:07 test_island_cover 2 13.33 11.56 61944
06:53:09 test_island_cover 2 13.34 11.55 61944
06:53:11 test_island_cover 2 13.34 11.54 61944
06:53:13 test_island_cover 2 13.34 11.54 61944
06:53:15 test_island_cover 2 13.34 11.54 61944
06:53:17 test_island_cover 2 13.34 11.54 61944
06:53:19 test_island_cover 2 13.34 11.54 61944
06:53:21 test_island_cover 2 13.34 11.54 61944
06:53:23 test_island_cover 2 13.34 11.54 61944
06:53:25 test_island_cover 2 13.36 11.53 61944
06:53:27 test_island_cover 2 13.69 11.19 61944
06:53:29 test_island_cover 2 13.71 11.19 61944
06:53:31 test_island_cover 2 13.72 11.18 61944
06:53:33 test_island_cover 2 13.72 11.18 61944
06:53:35 test_island_cover 2 13.72 11.18 61944
06:53:37 test_island_cover 2 13.72 11.18 61944
06:53:39 test_island_cover 2 13.72 11.17 61944
06:53:41 test_island_cover 2 13.72 11.17 61944
06:53:43 test_island_cover 2 13.84 11.05 61944
06:53:45 test_island_cover 2 13.91 10.99 61944
06:53:47 test_island_cover 2 13.91 10.98 61944
06:53:49 test_island_cover 2 13.92 10.98 61944
06:53:51 test_island_cover 2 13.92 10.97 61944
06:53:53 test_island_cover 2 13.92 10.97 61944
06:53:55 test_island_cover 2 13.92 10.97 61944
06:53:57 test_island_cover 2 13.92 10.97 61944
06:53:59 test_island_cover 2 13.92 10.97 61944
06:54:01 test_island_cover 2 13.92 10.97 61944
06:54:03 test_island_cover 2 13.92 10.97 61944
06:54:05 test_island_cover 2 13.92 10.97 61944
06:54:07 test_island_cover 2 13.92 10.97 61944
06:54:09 test_island_cover 2 13.92 10.97 61944
06:54:11 test_island_cover 2 13.92 10.97 61944
06:54:13 test_island_cover 2 13.92 10.97 61944
06:54:15 test_island_cover 2 13.92 10.97 61944
06:54:17 test_island_cover 2 13.92 10.97 61944
06:54:19 test_island_cover 2 14.17 10.72 61944
06:54:21 test_island_cover 2 14.41 10.48 61944
06:54:23 test_island_cover 2 14.43 10.46 61944
06:54:25 test_island_cover 2 14.44 10.45 61944
06:54:27 test_island_cover 2 14.44 10.45 61944
06:54:29 test_island_cover 2 14.44 10.44 61944
06:54:31 test_island_cover 2 14.44 10.44 61944
06:54:33 test_island_cover 2 14.44 10.44 61944
06:54:35 test_island_cover 2 14.44 10.44 61944
06:54:37 test_island_cover 2 14.44 10.44 61944
06:54:39 test_island_cover 2 14.44 10.44 61944
06:54:41 test_island_cover 2 14.44 10.44 61944
06:54:43 test_island_cover 2 14.44 10.44 61944
06:54:45 test_island_cover 2 14.44 10.44 61944
06:54:47 test_island_cover 2 14.44 10.44 61944
06:54:49 test_island_cover 2 14.44 10.43 61944
06:54:51 test_island_cover 2 14.46 10.43 61944
06:54:53 test_island_cover 2 14.57 10.31 61944
06:54:55 test_island_cover 2 14.59 10.29 61944
06:54:57 test_island_cover 2 14.61 10.27 61944
06:54:59 test_island_cover 2 14.60 10.28 61944
06:55:01 test_island_cover 2 14.60 10.28 61944
06:55:03 test_island_cover 2 14.61 10.27 61944
06:55:05 test_island_cover 2 14.60 10.28 61944
06:55:07 test_island_cover 2 14.60 10.28 61944
06:55:09 test_island_cover 2 14.60 10.28 61944
06:55:11 test_island_cover 2 14.60 10.28 61944
06:55:13 test_island_cover 2 14.60 10.28 61944
06:55:15 test_island_cover 2 14.61 10.27 61944
06:55:17 test_island_cover 2 14.61 10.27 61944
06:55:19 test_island_cover 2 14.61 10.27 61944
06:55:21 test_island_cover 2 14.61 10.27 61944
06:55:23 test_island_cover 2 14.61 10.27 61944
06:55:25 test_island_cover 2 14.61 10.27 61944
06:55:27 test_island_cover 2 14.80 10.08 61944
06:55:29 test_island_cover 2 14.86 10.02 61944
06:55:31 test_island_cover 2 14.87 10.01 61944
06:55:33 test_island_cover 2 15.09 9.78 61944
06:55:35 test_island_cover 2 15.11 9.76 61944
06:55:37 test_island_cover 2 15.12 9.75 61944
06:55:39 test_island_cover 2 15.12 9.75 61944
06:55:41 test_island_cover 2 15.13 9.75 61944
06:55:43 test_island_cover 2 15.13 9.74 61944
06:55:45 test_island_cover 2 15.13 9.74 61944
06:55:47 test_island_cover 2 15.13 9.73 61944
06:55:49 test_island_cover 2 15.14 9.73 61944
06:55:51 test_island_cover 2 15.14 9.73 61944
06:55:53 test_island_cover 2 15.14 9.72 61944
06:55:55 test_island_cover 2 15.14 9.66 61944
06:55:57 test_island_cover 2 15.10 9.79 61944
06:55:59 test_island_cover 2 8.25 16.65 61944
06:56:01 test_island_cover 2 8.25 16.65 61944
06:56:03 test_island_cover 2 8.25 16.65 61944
06:56:05 test_island_cover 2 8.25 16.76 61944
06:56:07 test_island_cover 2 8.25 16.70 61944
06:56:09 test_island_cover 2 8.28 16.72 61944
06:56:11 test_island_cover 2 8.28 16.65 61944
06:56:13 test_island_cover 2 8.34 16.97 61944
06:56:15 test_island_cover 2 8.45 16.30 61944
06:56:17 test_island_cover 2 8.62 16.09 61944
06:56:19 test_island_cover 2 8.72 16.05 61944
06:56:21 test_island_cover 2 8.86 15.90 61944
06:56:23 test_island_cover 2 8.95 15.81 61944
06:56:25 test_island_cover 2 9.32 15.43 61944
06:56:27 test_island_cover 2 9.74 15.02 61944
06:56:29 test_island_cover 2 9.75 15.01 61944
06:56:31 test_island_cover 2 10.14 14.84 61944
06:56:33 test_island_cover 2 10.40 14.58 61944
06:56:35 test_island_cover 2 10.61 14.36 61944
06:56:37 test_island_cover 2 10.99 13.98 61944
06:56:39 test_island_cover 2 11.16 13.80 61944
06:56:41 test_island_cover 2 11.58 13.38 61944
06:56:43 test_island_cover 2 11.84 13.11 61944
06:56:45 test_island_cover 2 12.09 12.86 61944
06:56:47 test_island_cover 2 12.32 12.63 61944
06:56:49 test_island_cover 2 12.51 12.45 61944
06:56:51 test_island_cover 2 12.53 12.42 61944
06:56:53 test_island_cover 2 12.71 12.25 61944
06:56:55 test_island_cover 2 12.84 12.12 61944
06:56:57 test_island_cover 2 12.99 11.97 61944
06:56:59 test_island_cover 2 13.01 11.95 61944
06:57:01 test_island_cover 2 13.02 11.94 61944
06:57:03 test_island_cover 2 13.02 11.93 61944
06:57:05 test_island_cover 2 13.02 11.93 61944
06:57:07 test_island_cover 2 13.02 11.93 61944
06:57:09 test_island_cover 2 13.02 11.93 61944
06:57:11 test_island_cover 2 13.02 11.93 61944
06:57:13 test_island_cover 2 13.03 11.92 61944
06:57:15 test_island_cover 2 13.03 11.92 61944
06:57:17 test_island_cover 2 13.24 11.71 61944
06:57:19 test_island_cover 2 13.26 11.69 61944
06:57:21 test_island_cover 2 13.29 11.66 61944
06:57:23 test_island_cover 2 13.34 11.60 61944
06:57:25 test_island_cover 2 13.34 11.60 61944
06:57:27 test_island_cover 2 13.34 11.60 61944
06:57:29 test_island_cover 2 13.34 11.60 61944
06:57:31 test_island_cover 2 13.34 11.60 61944
06:57:33 test_island_cover 2 13.34 11.60 61944
06:57:35 test_island_cover 2 13.34 11.60 61944
06:57:37 test_island_cover 2 13.34 11.60 61944
06:57:39 test_island_cover 2 13.34 11.60 61944
06:57:41 test_island_cover 2 13.67 11.27 61944
06:57:43 test_island_cover 2 13.70 11.24 61944
06:57:45 test_island_cover 2 13.72 11.22 61944
06:57:47 test_island_cover 2 13.72 11.22 61944
06:57:49 test_island_cover 2 13.72 11.22 61944
06:57:51 test_island_cover 2 13.72 11.22 61944
06:57:53 test_island_cover 2 13.72 11.21 61944
06:57:55 test_island_cover 2 13.72 11.21 61944
06:57:57 test_island_cover 2 13.72 11.21 61944
06:57:59 test_island_cover 2 13.90 11.04 61944
06:58:01 test_island_cover 2 13.91 11.02 61944
06:58:03 test_island_cover 2 13.91 11.03 61944
06:58:05 test_island_cover 2 13.92 11.02 61944
06:58:07 test_island_cover 2 13.92 11.02 61944
06:58:09 test_island_cover 2 13.92 11.02 61944
06:58:11 test_island_cover 2 13.92 11.02 61944
06:58:13 test_island_cover 2 13.92 11.02 61944
06:58:15 test_island_cover 2 13.92 11.02 61944
06:58:17 test_island_cover 2 13.92 11.02 61944
06:58:19 test_island_cover 2 13.92 11.02 61944
06:58:21 test_island_cover 2 13.92 11.02 61944
06:58:23 test_island_cover 2 13.92 11.02 61944
06:58:25 test_island_cover 2 13.92 11.02 61944
06:58:27 test_island_cover 2 13.92 11.02 61944
06:58:29 test_island_cover 2 13.92 11.02 61944
06:58:31 test_island_cover 2 13.92 11.02 61944
06:58:33 test_island_cover 2 14.04 10.90 61944
06:58:35 test_island_cover 2 14.41 10.53 61944
06:58:37 test_island_cover 2 14.42 10.51 61944
06:58:39 test_island_cover 2 14.44 10.49 61944
06:58:41 test_island_cover 2 14.44 10.50 61944
06:58:43 test_island_cover 2 14.44 10.50 61944
06:58:45 test_island_cover 2 14.44 10.50 61944
06:58:47 test_island_cover 2 14.44 10.50 61944
06:58:49 test_island_cover 2 14.44 10.50 61944
06:58:51 test_island_cover 2 14.44 10.49 61944
06:58:53 test_island_cover 2 14.44 10.49 61944
06:58:55 test_island_cover 2 14.44 10.50 61944
06:58:57 test_island_cover 2 14.44 10.50 61944
06:58:59 test_island_cover 2 14.44 10.49 61944
06:59:01 test_island_cover 2 14.44 10.49 61944
06:59:03 test_island_cover 2 14.44 10.49 61944
06:59:05 test_island_cover 2 14.44 10.49 61944
06:59:07 test_island_cover 2 14.52 10.41 61944
06:59:09 test_island_cover 2 14.58 10.35 61944
06:59:11 test_island_cover 2 14.60 10.34 61944
06:59:13 test_island_cover 2 14.61 10.32 61944
06:59:15 test_island_cover 2 14.60 10.33 61944
06:59:17 test_island_cover 2 14.60 10.32 61944
06:59:19 test_island_cover 2 14.60 10.32 61944
06:59:21 test_island_cover 2 14.60 10.33 61944
06:59:23 test_island_cover 2 14.61 10.32 61944
06:59:25 test_island_cover 2 14.60 10.31 61944
06:59:27 test_island_cover 2 14.60 10.32 61944
06:59:29 test_island_cover 2 14.61 10.33 61944
06:59:31 test_island_cover 2 14.61 10.32 61944
06:59:33 test_island_cover 2 14.61 10.32 61944
06:59:35 test_island_cover 2 14.61 10.32 61944
06:59:37 test_island_cover 2 14.61 10.32 61944
06:59:39 test_island_cover 2 14.61 10.32 61944
06:59:41 test_island_cover 2 14.72 10.21 61944
06:59:43 test_island_cover 2 14.85 10.08 61944
06:59:45 test_island_cover 2 14.87 10.06 61944
06:59:47 test_island_cover 2 15.09 9.84 61944
06:59:49 test_island_cover 2 15.11 9.82 61944
06:59:51 test_island_cover 2 15.12 9.80 61944
06:59:53 test_island_cover 2 15.12 9.80 61944
06:59:55 test_island_cover 2 15.12 9.81 61944
06:59:57 test_island_cover 2 15.13 9.80 61944
06:59:59 test_island_cover 2 15.13 9.80 61944
07:00:01 test_island_cover 2 15.13 9.80 61944
07:00:03 test_island_cover 2 15.14 9.80 61944
07:00:05 test_island_cover 2 15.14 9.80 61944
07:00:07 test_island_cover 2 15.14 9.79 61944
07:00:09 test_island_cover 2 15.14 9.79 61944
07:00:11 test_island_cover 2 15.12 9.81 61944
07:00:13 test_island_cover 1 8.02 16.86 62062
07:00:15 test_island_cover 1 8.02 16.86 62062
07:00:17 test_island_cover 1 0.27 24.62 62063
07:00:19 test_settlements 1 0.30 24.59 62086
07:00:21 test_settlements 1 0.30 24.46 62086
07:00:23 test_settlements 1 0.30 24.59 62086
07:00:25 test_settlements 1 0.30 24.59 62086
07:00:27 test_settlements 1 0.30 24.59 62086
07:00:29 test_settlements 1 0.30 24.59 62086
07:00:31 test_settlements 1 0.30 24.59 62086
07:00:33 test_settlements 1 0.30 24.59 62086
07:00:35 test_settlements 1 0.30 24.59 62086
07:00:37 test_settlements 1 0.30 24.59 62086
07:00:39 test_settlements 1 0.63 24.27 62086
07:00:41 test_settlements 1 0.89 24.00 62086
07:00:43 test_settlements 1 1.36 23.53 62086
07:00:45 test_settlements 1 1.37 23.52 62086
07:00:47 test_settlements 1 1.50 23.38 62086
07:00:49 test_settlements 1 2.06 22.83 62086
07:00:51 test_settlements 1 2.32 22.57 62086
07:00:53 test_settlements 1 2.65 22.23 62086
07:00:55 test_settlements 1 2.90 21.98 62086
07:00:57 test_settlements 1 3.27 21.62 62086
07:00:59 test_settlements 1 3.48 21.41 62086
07:01:01 test_settlements 1 3.49 21.39 62086
07:01:03 test_settlements 1 3.57 21.32 62086
07:01:05 test_settlements 1 3.60 21.28 62086
07:01:07 test_settlements 1 3.78 21.11 62086
07:01:09 test_settlements 1 4.04 20.84 62086
07:01:11 test_settlements 1 4.44 20.44 62086
07:01:13 test_settlements 1 4.68 20.20 62086
07:01:15 test_settlements 1 4.95 19.93 62086
07:01:17 test_settlements 1 4.98 19.91 62086
07:01:19 test_settlements 1 4.98 19.91 62086
07:01:21 test_settlements 1 5.03 19.86 62086
07:01:23 test_settlements 1 5.22 19.67 62086
07:01:25 test_settlements 1 5.23 19.65 62086
07:01:27 test_settlements 1 5.25 19.64 62086
07:01:29 test_settlements 1 5.26 19.62 62086
07:01:31 test_settlements 1 5.26 19.62 62086
07:01:33 test_settlements 1 5.26 19.62 62086
07:01:35 test_settlements 1 5.26 19.62 62086
07:01:37 test_settlements 1 5.26 19.56 62086
07:01:39 test_settlements 1 5.26 19.61 62086
07:01:41 test_settlements 1 5.26 19.61 62086
07:01:43 test_settlements 1 5.26 19.61 62086
07:01:45 test_settlements 1 5.29 19.97 62086
07:01:47 test_settlements 1 5.30 19.65 62086
07:01:49 test_settlements 1 5.30 19.63 62086
07:01:51 test_settlements 1 5.30 19.63 62086
07:01:53 test_settlements 1 5.31 19.62 62086
07:01:55 test_settlements 1 5.31 19.62 62086
07:01:57 test_settlements 1 5.31 19.62 62086
07:01:59 test_settlements 1 5.51 19.43 62086
07:02:01 test_settlements 1 5.60 19.34 62086
07:02:03 test_settlements 1 5.60 19.33 62086
07:02:05 test_settlements 1 5.61 19.32 62086
07:02:07 test_settlements 1 5.61 19.32 62086
07:02:09 test_settlements 1 5.61 19.31 62086
07:02:11 test_settlements 1 5.66 19.25 62086
07:02:13 test_settlements 1 5.90 19.01 62086
07:02:15 test_settlements 1 6.00 18.90 62086
07:02:17 test_settlements 1 6.01 18.89 62086
07:02:19 test_settlements 1 6.01 18.89 62086
07:02:21 test_settlements 1 6.01 18.89 62086
07:02:23 test_settlements 1 6.11 18.79 62086
07:02:25 test_settlements 1 6.17 18.72 62086
07:02:27 test_settlements 1 6.19 18.71 62086
07:02:29 test_settlements 1 6.19 18.70 62086
07:02:31 test_settlements 1 6.19 18.70 62086
07:02:33 test_settlements 1 6.19 18.70 62086
07:02:35 test_settlements 1 6.19 18.70 62086
07:02:37 test_settlements 1 6.53 18.36 62086
07:02:39 test_settlements 1 6.55 18.34 62086
07:02:41 test_settlements 1 6.57 18.32 62086
07:02:43 test_settlements 1 6.57 18.32 62086
07:02:45 test_settlements 1 6.57 18.32 62086
07:02:47 test_settlements 1 6.57 18.32 62086
07:02:49 test_settlements 1 6.57 18.32 62086
07:02:51 test_settlements 1 6.57 18.31 62086
07:02:53 test_settlements 1 6.57 18.32 62086
07:02:55 test_settlements 1 6.57 18.32 62086
07:02:57 test_settlements 1 6.57 18.32 62086
07:02:59 test_settlements 1 6.57 18.32 62086
07:03:01 test_settlements 1 6.57 18.32 62086
07:03:03 test_settlements 1 6.57 18.32 62086
07:03:05 test_settlements 1 6.57 18.32 62086
07:03:07 test_settlements 1 6.57 18.32 62086
07:03:09 test_settlements 1 6.57 18.32 62086
07:03:11 test_settlements 1 6.57 18.32 62086
07:03:13 test_settlements 1 6.57 18.32 62086
07:03:15 test_settlements 1 6.57 18.32 62086
07:03:17 test_settlements 1 6.57 18.32 62086
07:03:19 test_settlements 1 6.68 18.21 62086
07:03:21 test_settlements 1 6.70 18.19 62086
07:03:23 test_settlements 1 6.70 18.19 62086
07:03:25 test_settlements 1 6.70 18.19 62086
07:03:27 test_settlements 1 6.83 18.06 62086
07:03:29 test_settlements 1 7.04 17.85 62086
07:03:31 test_settlements 1 7.06 17.83 62086
07:03:33 test_settlements 1 7.04 17.85 62086
07:03:35 test_settlements 1 7.05 17.84 62086
07:03:37 test_settlements 1 7.13 17.76 62086
07:03:39 test_settlements 1 7.43 17.46 62086
07:03:41 test_settlements 1 7.45 17.44 62086
07:03:43 test_settlements 1 7.60 17.29 62086
07:03:45 test_settlements 1 7.62 17.27 62086
07:03:47 test_settlements 1 7.62 17.28 62086
07:03:49 test_settlements 1 7.62 17.28 62086
07:03:51 test_settlements 1 7.62 17.27 62086
07:03:53 test_settlements 1 7.63 17.26 62086
07:03:55 test_settlements 1 7.64 17.25 62086
07:03:57 test_settlements 1 7.64 17.25 62086
07:03:59 test_settlements 1 7.65 17.25 62086
07:04:01 test_settlements 1 7.65 17.25 62189
07:04:03 test_settlements 1 7.65 17.25 62189
07:04:05 test_settlements 1 7.65 17.25 62189
07:04:07 test_settlements 1 7.65 17.25 62189
07:04:09 test_settlements 1 7.65 17.25 62189
07:04:11 test_settlements 1 7.65 17.25 62189
07:04:13 test_settlements 1 7.65 17.24 62189
07:04:15 test_settlements 1 7.65 17.24 62189
07:04:17 test_settlements 1 7.74 17.15 62189
07:04:19 test_settlements 1 7.72 17.17 62189
07:04:21 test_settlements 1 7.72 17.17 62189
07:04:23 test_settlements 1 7.72 17.17 62189
07:04:25 test_settlements 1 7.72 17.17 62189
07:04:28 test_settlements 1 7.72 17.17 62189
07:04:30 test_settlements 1 7.72 17.17 62189
07:04:32 test_settlements 1 7.72 17.17 62189
07:04:34 test_settlements 1 7.72 17.17 62189
07:04:36 test_settlements 1 7.76 17.13 62189
07:04:38 test_settlements 1 7.79 17.10 62189
07:04:40 test_settlements 1 8.27 16.62 62189
07:04:42 test_settlements 1 8.32 16.57 62189
07:04:44 test_settlements 1 8.57 16.32 62189
07:04:46 test_settlements 1 8.88 16.01 62189
07:04:48 test_settlements 1 9.29 15.60 62189
07:04:50 test_settlements 1 9.55 15.34 62189
07:04:52 test_settlements 1 9.91 14.98 62189
07:04:54 test_settlements 1 10.09 14.79 62189
07:04:56 test_settlements 1 10.51 14.37 62189
07:04:58 test_settlements 1 10.85 14.03 62189
07:05:00 test_settlements 1 11.16 13.73 62189
07:05:02 test_settlements 1 11.36 13.52 62189
07:05:04 test_settlements 1 11.49 13.39 62189
07:05:06 test_settlements 1 11.51 13.37 62189
07:05:08 test_settlements 1 11.60 13.28 62189
07:05:10 test_settlements 1 11.88 13.00 62189
07:05:12 test_settlements 1 12.03 12.85 62189
07:05:14 test_settlements 1 12.27 12.61 62189
07:05:16 test_settlements 1 12.44 12.43 62189
07:05:18 test_settlements 1 12.46 12.42 62189
07:05:20 test_settlements 1 12.47 12.40 62189
07:05:22 test_settlements 1 12.49 12.38 62189
07:05:24 test_settlements 1 12.49 12.38 62189
07:05:26 test_settlements 1 12.49 12.38 62189
07:05:28 test_settlements 1 12.49 12.38 62189
07:05:30 test_settlements 1 12.49 12.38 62189
07:05:32 test_settlements 1 12.49 12.33 62189
07:05:34 test_settlements 1 12.50 12.38 62189
07:05:36 test_settlements 1 12.50 12.38 62189
07:05:38 test_settlements 1 12.50 12.38 62189
07:05:40 test_settlements 1 12.50 12.75 62189
07:05:42 test_settlements 1 12.50 12.74 62189
07:05:44 test_settlements 1 12.50 12.44 62189
07:05:46 test_settlements 1 12.50 12.43 62189
07:05:48 test_settlements 1 12.50 12.43 62189
07:05:50 test_settlements 1 12.51 12.41 62189
07:05:52 test_settlements 1 12.53 12.38 62189
07:05:54 test_settlements 1 12.54 12.38 62189
07:05:56 test_settlements 1 12.54 12.37 62189
07:05:58 test_settlements 1 12.54 12.37 62189
07:06:00 test_settlements 1 12.54 12.36 62189
07:06:02 test_settlements 1 12.54 12.36 62189
07:06:04 test_settlements 1 12.55 12.35 62189
07:06:06 test_settlements 1 12.55 12.34 62189
07:06:08 test_settlements 1 12.55 12.34 62189
07:06:10 test_settlements 1 12.55 12.34 62189
07:06:12 test_settlements 1 12.55 12.34 62189
07:06:14 test_settlements 1 12.55 12.33 62189
07:06:16 test_settlements 1 12.55 12.33 62189
07:06:18 test_settlements 1 12.55 12.33 62189
07:06:20 test_settlements 1 12.55 12.33 62189
07:06:22 test_settlements 1 12.55 12.33 62189
07:06:24 test_settlements 1 12.55 12.33 62189
07:06:26 test_settlements 1 12.55 12.33 62189
07:06:28 test_settlements 1 12.55 12.33 62189
07:06:30 test_settlements 1 12.55 12.33 62189
07:06:32 test_settlements 1 12.55 12.33 62189
07:06:34 test_settlements 1 12.55 12.33 62189
07:06:36 test_settlements 1 12.74 12.14 62189
07:06:38 test_settlements 1 12.76 12.13 62189
07:06:40 test_settlements 1 12.76 12.13 62189
07:06:42 test_settlements 1 12.76 12.13 62189
07:06:44 test_settlements 1 12.76 12.13 62189
07:06:46 test_settlements 1 12.76 12.13 62189
07:06:48 test_settlements 1 12.76 12.12 62189
07:06:50 test_settlements 1 12.76 12.12 62189
07:06:52 test_settlements 1 12.76 12.12 62189
07:06:54 test_settlements 1 12.76 12.12 62189
07:06:56 test_settlements 1 12.76 12.12 62189
07:06:58 test_settlements 1 12.76 12.12 62189
07:07:00 test_settlements 1 12.77 12.12 62189
07:07:02 test_settlements 1 12.78 12.10 62189
07:07:04 test_settlements 1 12.78 12.10 62189
07:07:06 test_settlements 1 12.78 12.10 62189
07:07:08 test_settlements 1 12.78 12.11 62189
07:07:10 test_settlements 1 12.78 12.10 62189
07:07:12 test_settlements 1 12.78 12.10 62189
07:07:14 test_settlements 1 12.78 12.11 62189
07:07:16 test_settlements 1 12.78 11.99 62189
07:07:18 test_settlements 1 12.78 12.11 62189
07:07:20 test_settlements 1 12.78 12.11 62189
07:07:22 test_settlements 1 12.78 12.11 62285
07:07:24 test_settlements 1 12.78 12.11 62285
07:07:26 test_settlements 1 12.78 12.11 62285
07:07:28 test_settlements 1 12.78 12.11 62285
07:07:30 test_settlements 1 12.78 12.11 62285
07:07:32 test_settlements 1 12.78 12.11 62285
07:07:34 test_settlements 1 12.78 12.11 62285
07:07:36 test_settlements 1 12.78 12.11 62285
07:07:38 test_settlements 1 12.78 12.11 62285
07:07:40 test_settlements 1 12.78 12.11 62285
07:07:42 test_settlements 1 12.78 12.11 62285
07:07:44 test_settlements 1 12.78 12.11 62285
07:07:46 test_settlements 1 12.78 12.11 62285
07:07:48 test_settlements 1 12.78 12.11 62285
07:07:50 test_settlements 1 12.78 12.11 62285
07:07:52 test_settlements 1 12.78 12.11 62285
07:07:54 test_settlements 1 12.78 12.11 62285
07:07:56 test_settlements 1 12.78 12.11 62285
07:07:58 test_settlements 1 12.78 12.10 62285
07:08:00 test_settlements 1 12.78 12.10 62285
07:08:02 test_settlements 1 12.85 12.02 62285
07:08:04 test_settlements 1 12.94 11.93 62285
07:08:06 test_settlements 1 13.04 11.83 62285
07:08:08 test_settlements 1 13.06 11.82 62285
07:08:10 test_settlements 1 13.06 11.82 62285
07:08:12 test_settlements 1 13.06 11.82 62285
07:08:14 test_settlements 1 13.06 11.82 62285
07:08:16 test_settlements 1 13.06 11.82 62285
07:08:18 test_settlements 1 13.06 11.82 62285
07:08:20 test_settlements 1 13.06 11.81 62285
07:08:22 test_settlements 1 13.06 11.81 62285
07:08:24 test_settlements 1 13.06 11.81 62285
07:08:26 test_settlements 1 13.06 11.81 62285
07:08:28 test_settlements 1 13.06 11.81 62285
07:08:30 test_settlements 1 13.06 11.81 62285
07:08:32 test_settlements 1 13.06 11.81 62285
07:08:34 test_settlements 1 13.06 11.81 62285
07:08:36 test_settlements 1 13.06 11.81 62285
07:08:38 test_settlements 1 13.06 11.81 62285
07:08:40 test_settlements 1 13.06 11.81 62285
07:08:42 test_settlements 1 13.06 11.81 62285
07:08:44 test_settlements 1 13.06 11.81 62285
07:08:46 test_settlements 1 13.06 11.81 62285
07:08:48 test_settlements 1 13.06 11.81 62285
07:08:50 test_settlements 1 13.06 11.81 62285
07:08:52 test_settlements 1 13.06 11.29 62285
07:08:54 test_settlements 1 13.07 10.87 62285
07:08:56 test_settlements 1 13.16 11.73 62285
07:08:58 test_settlements 1 13.18 11.70 62285
07:09:00 test_settlements 1 13.18 11.70 62285
07:09:02 test_settlements 1 13.18 11.70 62285
07:09:04 test_settlements 1 13.19 11.69 62285
07:09:06 test_settlements 1 13.56 11.32 62285
07:09:08 test_settlements 1 13.57 11.31 62285
07:09:10 test_settlements 1 13.59 11.29 62285
07:09:12 test_settlements 1 13.59 11.28 62285
07:09:14 test_settlements 1 13.59 11.28 62285
07:09:16 test_settlements 1 13.59 11.28 62285
07:09:18 test_settlements 1 13.59 11.28 62285
07:09:20 test_settlements 1 13.59 11.28 62285
07:09:22 test_settlements 1 13.59 11.28 62285
07:09:24 test_settlements 1 13.59 11.28 62285
07:09:26 test_settlements 1 13.59 11.28 62285
07:09:28 test_settlements 1 13.59 11.28 62285
07:09:30 test_settlements 1 13.59 11.28 62285
07:09:32 test_settlements 1 13.59 11.27 62285
07:09:34 test_settlements 1 13.60 11.26 62285
07:09:36 test_settlements 1 13.61 11.25 62285
07:09:38 test_settlements 1 13.61 11.25 62285
07:09:40 test_settlements 1 13.61 11.25 62285
07:09:42 test_settlements 1 13.61 11.25 62285
07:09:44 test_settlements 1 13.61 11.24 62285
07:09:46 test_settlements 1 13.61 11.25 62285
07:09:48 test_settlements 1 13.61 11.25 62285
07:09:50 test_settlements 1 13.61 11.24 62285
07:09:52 test_settlements 1 13.61 11.24 62285
07:09:54 test_settlements 1 13.61 11.23 62285
07:09:56 test_settlements 1 13.61 11.25 62285
07:09:58 test_settlements 1 13.61 11.25 62285
07:10:00 test_settlements 1 13.61 11.25 62285
07:10:02 test_settlements 1 13.61 11.25 62285
07:10:04 test_settlements 1 13.61 11.25 62285
07:10:06 test_settlements 1 13.61 11.25 62285
07:10:08 test_settlements 1 13.61 11.25 62285
07:10:10 test_settlements 1 13.61 11.25 62285
07:10:12 test_settlements 1 13.61 11.25 62285
07:10:14 test_settlements 1 13.61 11.24 62285
07:10:16 test_settlements 1 13.61 11.24 62285
07:10:18 test_settlements 1 13.62 11.24 62285
07:10:20 test_settlements 1 13.62 11.24 62285
07:10:22 test_settlements 1 13.62 11.24 62285
07:10:24 test_settlements 1 13.62 11.24 62285
07:10:26 test_settlements 1 13.62 11.24 62285
07:10:28 test_settlements 1 13.63 11.24 62285
07:10:30 test_settlements 1 13.63 11.24 62285
07:10:32 test_settlements 1 13.63 11.24 62285
07:10:34 test_settlements 1 13.63 11.24 62285
07:10:36 test_settlements 1 13.63 11.24 62285
07:10:38 test_settlements 1 13.63 11.23 62285
07:10:40 test_settlements 1 13.63 11.23 62285
07:10:42 test_settlements 1 13.63 11.23 62285
07:10:44 test_settlements 1 13.63 11.23 62285
07:10:46 test_settlements 1 13.63 11.23 62285
07:10:48 test_settlements 1 13.63 11.23 62285
07:10:50 test_settlements 1 13.63 11.23 62285
07:10:52 test_settlements 1 13.63 11.23 62285
07:10:54 test_settlements 1 13.63 11.23 62285
07:10:56 test_settlements 1 13.63 11.22 62285
07:10:58 test_settlements 1 13.63 11.22 62285
07:11:00 test_settlements 1 13.63 11.23 62285
07:11:02 test_settlements 1 13.63 11.22 62285
07:11:04 test_settlements 1 13.63 11.22 62285
07:11:06 test_settlements 1 13.63 11.22 62285
07:11:08 test_settlements 1 13.63 11.22 62285
07:11:10 test_settlements 1 13.63 11.22 62285
07:11:12 test_settlements 1 13.63 11.23 62285
07:11:14 test_settlements 1 13.63 11.23 62285
07:11:16 test_settlements 1 13.63 11.23 62285
07:11:18 test_settlements 1 13.63 11.23 62285
07:11:20 test_settlements 1 13.63 11.23 62285
07:11:22 test_settlements 1 13.63 11.23 62285
07:11:24 test_settlements 1 13.63 11.23 62285
07:11:26 test_settlements 1 13.63 11.23 62285
07:11:28 test_settlements 1 13.63 11.23 62285
07:11:30 test_settlements 1 13.63 11.23 62285
07:11:32 test_settlements 1 13.63 11.22 62285
07:11:34 test_settlements 1 13.62 11.23 62285
07:11:36 test_settlements 1 13.62 11.22 62285
07:11:38 test_settlements 1 13.62 11.23 62285
07:11:40 test_settlements 1 13.62 11.23 62285
07:11:42 test_settlements 1 13.62 11.23 62285
07:11:44 test_settlements 1 13.62 11.23 62285
07:11:46 test_settlements 1 13.62 11.23 62285
07:11:48 test_settlements 1 13.97 10.89 62285
07:11:50 test_settlements 1 14.08 10.78 62285
07:11:52 test_settlements 1 14.08 10.78 62285
07:11:54 test_settlements 1 14.08 10.78 62285
07:11:56 test_settlements 1 14.08 10.78 62285
07:11:58 test_settlements 1 14.08 10.77 62285
07:12:00 test_settlements 1 14.08 10.77 62285
07:12:02 test_settlements 1 14.08 10.77 62285
07:12:04 test_settlements 1 14.08 10.77 62285
07:12:06 test_settlements 1 14.08 10.77 62285
07:12:08 test_settlements 1 14.08 10.77 62285
07:12:10 test_settlements 1 14.08 10.77 62285
07:12:12 test_settlements 1 14.08 10.44 62285
07:12:14 test_settlements 1 14.09 10.20 62285
07:12:16 test_settlements 1 14.09 10.15 62285
07:12:18 test_settlements 1 14.09 10.14 62285
07:12:20 test_settlements 1 14.09 10.14 62285
07:12:22 test_settlements 1 14.09 10.76 62285
07:12:24 test_settlements 1 14.10 10.75 62285
07:12:26 test_settlements 1 14.10 10.75 62285
07:12:28 test_settlements 1 14.09 10.75 62285
07:12:30 test_settlements 1 14.09 10.75 62285
07:12:32 test_settlements 1 14.09 10.75 62285
07:12:34 test_settlements 1 14.09 10.75 62285
07:12:36 test_settlements 1 14.09 10.75 62285
07:12:38 test_settlements 1 14.09 10.75 62285
07:12:40 test_settlements 1 14.09 10.75 62285
07:12:42 test_settlements 1 14.09 10.75 62285
07:12:44 test_settlements 1 14.09 10.76 62285
07:12:46 test_settlements 1 14.09 10.76 62285
07:12:48 test_settlements 1 14.25 10.60 62285
07:12:50 test_settlements 1 14.51 10.34 62285
07:12:52 test_settlements 1 14.51 10.34 62285
07:12:54 test_settlements 1 14.97 9.88 62285
07:12:56 test_settlements 1 15.18 9.67 62285
07:12:58 test_settlements 1 15.28 9.32 62285
07:13:00 test_settlements 1 15.42 9.43 62285
07:13:02 test_settlements 1 15.81 9.04 62285
07:13:04 test_settlements 1 16.28 8.57 62285
07:13:06 test_settlements 1 16.50 8.35 62285
07:13:08 test_settlements 1 16.63 8.22 62285
07:13:10 test_settlements 1 16.65 8.20 62285
07:13:12 test_settlements 1 16.68 8.17 62285
07:13:14 test_settlements 1 17.02 7.83 62285
07:13:16 test_settlements 1 17.03 7.82 62285
07:13:18 test_settlements 1 17.24 7.61 62285
07:13:20 test_settlements 1 17.33 7.50 62285
07:13:22 test_settlements 1 17.68 7.16 62285
07:13:24 test_settlements 1 17.71 7.12 62285
07:13:26 test_settlements 1 17.73 7.12 62285
07:13:28 test_settlements 1 17.75 7.10 62285
07:13:30 test_settlements 1 17.77 7.08 62285
07:13:32 test_settlements 1 17.78 7.07 62285
07:13:34 test_settlements 1 17.79 7.06 62285
07:13:36 test_settlements 1 17.80 7.05 62285
07:13:38 test_settlements 1 17.82 7.03 62285
07:13:40 test_settlements 1 17.83 7.01 62285
07:13:42 test_settlements 1 17.83 7.01 62285
07:13:44 test_settlements 1 17.81 7.03 62285
07:13:46 test_settlements 1 17.81 7.03 62285
07:13:48 test_settlements 1 17.81 6.97 62285
07:13:50 test_settlements 1 17.83 6.68 62285
07:13:52 test_settlements 1 17.83 6.38 62285
07:13:54 test_settlements 1 17.85 6.21 62285
07:13:56 test_settlements 1 17.84 6.37 62285
07:13:58 test_settlements 1 17.82 6.38 62285
07:14:00 test_settlements 1 17.82 6.34 62285
07:14:02 test_settlements 1 17.89 6.26 62285
07:14:04 test_settlements 1 18.04 6.11 62285
07:14:06 test_settlements 1 18.37 5.78 62285
07:14:08 test_settlements 1 18.45 5.70 62285
07:14:10 test_settlements 1 18.53 5.62 62285
07:14:12 test_settlements 1 18.57 5.58 62285
07:14:14 test_settlements 1 18.59 5.57 62285
07:14:16 test_settlements 1 18.60 5.55 62285
07:14:18 test_settlements 1 18.59 5.56 62285
07:14:20 test_settlements 1 18.59 5.58 62285
07:14:22 test_settlements 1 18.60 5.56 62285
07:14:24 test_settlements 1 18.61 5.55 62285
07:14:26 test_settlements 1 18.63 5.52 62285
07:14:28 test_settlements 1 18.65 5.51 62285
07:14:30 test_settlements 1 18.60 5.56 62285
07:14:32 test_settlements 1 18.60 5.56 62285
07:14:34 test_settlements 1 18.60 5.56 62285
07:14:36 test_settlements 1 18.61 5.54 62285
07:14:38 test_settlements 1 18.61 5.54 62285
07:14:40 test_settlements 1 18.61 5.54 62285
07:14:42 test_settlements 1 18.61 5.54 62285
07:14:44 test_settlements 1 18.61 5.54 62285
07:14:46 test_settlements 1 18.62 5.53 62285
07:14:48 test_settlements 1 18.71 5.44 62285
07:14:50 test_settlements 1 18.71 5.44 62285
07:14:52 test_settlements 1 18.62 5.53 62285
07:14:54 test_settlements 1 18.62 5.53 62285
07:14:56 test_settlements 1 18.62 5.53 62285
07:14:58 test_settlements 1 18.63 5.52 62285
07:15:00 test_settlements 1 18.71 5.43 62285
07:15:02 test_settlements 1 18.71 5.43 62285
07:15:04 test_settlements 1 18.74 5.40 62285
07:15:06 test_settlements 1 18.81 5.33 62285
07:15:08 test_settlements 1 18.83 5.31 62285
07:15:10 test_settlements 1 18.92 5.22 62285
07:15:12 test_settlements 1 18.93 5.20 62285
07:15:14 test_settlements 1 18.94 5.19 62285
07:15:16 test_settlements 1 18.97 5.16 62285
07:15:18 test_settlements 1 18.98 5.16 62285
07:15:20 test_settlements 1 18.95 5.18 62285
07:15:22 test_settlements 1 18.95 5.18 62285
07:15:24 test_settlements 1 18.95 5.17 62285
07:15:26 test_settlements 1 18.96 5.16 62285
07:15:28 test_settlements 1 19.00 5.12 62285
07:15:30 test_settlements 1 19.02 5.10 62285
07:15:32 test_settlements 1 18.96 5.16 62285
07:15:34 test_settlements 1 18.96 5.18 62285
07:15:36 test_settlements 1 19.01 5.14 62285
07:15:38 test_settlements 1 19.04 5.09 62285
07:15:40 test_settlements 1 18.96 5.18 62285
07:15:42 test_settlements 1 18.96 5.18 62285
07:15:44 test_settlements 1 18.98 5.16 62285
07:15:46 test_settlements 1 18.98 5.16 62285
07:15:48 test_settlements 1 18.98 5.16 62285
07:15:50 test_settlements 1 18.98 5.16 62285
07:15:52 test_settlements 1 18.99 5.15 62285
07:15:54 test_settlements 1 18.98 5.15 62285
07:15:56 test_settlements 1 18.98 5.16 62285
07:15:58 test_settlements 1 18.98 5.16 62285
07:16:00 test_settlements 1 18.98 5.17 62285
07:16:02 test_settlements 1 18.98 5.17 62285
07:16:04 test_settlements 1 18.98 5.16 62285
07:16:06 test_settlements 1 18.99 5.15 62285
07:16:08 test_settlements 1 19.00 5.14 62285
07:16:10 test_settlements 1 19.03 5.11 62285
07:16:12 test_settlements 1 19.00 5.14 62285
07:16:14 test_settlements 1 19.00 5.14 62285
07:16:16 test_settlements 1 19.00 5.14 62285
07:16:18 test_settlements 1 19.00 5.13 62285
07:16:20 test_settlements 1 19.00 5.13 62285
07:16:22 test_settlements 1 19.00 5.13 62285
07:16:24 test_settlements 1 19.00 5.12 62285
07:16:26 test_settlements 1 19.00 5.13 62285
07:16:28 test_settlements 1 19.00 5.13 62285
07:16:30 test_settlements 1 19.00 5.13 62285
07:16:32 test_settlements 1 19.00 5.13 62285
07:16:34 test_settlements 1 19.00 5.13 62285
07:16:36 test_settlements 1 19.00 5.13 62285
07:16:38 test_settlements 1 19.18 4.95 62285
07:16:40 test_settlements 1 19.30 4.82 62285
07:16:42 test_settlements 1 19.42 4.69 62285
07:16:44 test_settlements 1 19.71 4.40 62285
07:16:46 test_settlements 1 19.71 4.40 62285
07:16:48 test_settlements 1 19.71 4.40 62285
07:16:50 test_settlements 1 19.94 4.17 62285
07:16:52 test_settlements 1 20.13 3.99 62285
07:16:54 test_settlements 1 20.32 3.80 62285
07:16:56 test_settlements 1 20.32 3.80 62285
07:16:58 test_settlements 1 20.49 3.62 62285
07:17:00 test_settlements 1 20.77 3.39 62285
07:17:02 test_settlements 1 20.99 3.18 62285
07:17:04 test_settlements 1 21.01 3.16 62285
07:17:06 test_settlements 1 21.14 3.02 62285
07:17:08 test_settlements 1 21.18 2.98 62285
07:17:11 test_settlements 1 21.27 2.95 62285
07:17:13 test_settlements 1 21.32 2.84 62285
07:17:15 test_settlements 1 21.34 2.82 62285
07:17:17 test_settlements 1 21.42 2.73 62285
07:17:19 test_settlements 1 21.49 2.66 62285
07:17:21 test_settlements 1 21.63 2.51 62285
07:17:23 test_settlements 1 21.63 2.50 62285
07:17:25 test_settlements 1 21.74 2.41 62285
07:17:27 test_settlements 1 21.91 2.24 62285
07:17:29 test_settlements 1 22.03 2.11 62285
07:17:31 test_settlements 1 22.35 1.80 62285
07:17:33 test_settlements 1 22.45 1.70 62285
07:17:35 test_settlements 1 22.48 1.67 62285
07:17:37 test_settlements 1 22.49 1.66 62285
07:17:39 test_settlements 1 22.52 1.62 62285
07:17:41 test_settlements 1 22.52 1.62 62285
07:17:43 test_settlements 1 22.52 1.62 62285
07:17:45 test_settlements 1 22.52 1.62 62285
07:17:47 test_settlements 1 22.53 1.61 62285
07:17:49 test_settlements 1 22.53 1.61 62285
07:17:51 test_settlements 1 22.52 1.61 62285
07:17:53 test_settlements 1 22.52 1.61 62285
07:17:55 test_settlements 1 22.52 1.62 62285
07:17:57 test_settlements 1 22.53 1.62 62285
07:17:59 test_settlements 1 22.54 1.60 62285
07:18:01 test_settlements 1 22.56 1.59 62285
07:18:03 test_settlements 1 22.54 1.60 62285
07:18:05 test_settlements 1 22.55 1.60 62285
07:18:07 test_settlements 1 22.56 1.59 62285
07:18:09 test_settlements 1 22.59 1.56 62285
07:18:11 test_settlements 1 22.56 1.59 62285
07:18:13 test_settlements 1 22.56 1.58 62285
07:18:15 test_settlements 1 22.56 1.58 62285
07:18:17 test_settlements 1 22.56 1.58 62285
07:18:19 test_settlements 1 22.59 1.55 62285
07:18:21 test_settlements 1 22.56 1.58 62285
07:18:23 test_settlements 1 22.56 1.57 62285
07:18:25 test_settlements 1 22.56 1.58 62285
07:18:27 test_settlements 1 22.57 1.58 62285
07:18:29 test_settlements 1 22.59 1.55 62285
07:18:31 test_settlements 1 22.57 1.58 62285
07:18:33 test_settlements 1 22.58 1.56 62285
07:18:35 test_settlements 1 22.95 1.19 62285
07:18:37 test_settlements 1 22.96 1.18 62285
07:18:39 test_settlements 1 22.97 1.17 62285
07:18:41 test_settlements 1 23.03 1.11 62285
07:18:43 test_settlements 1 22.97 1.17 62285
07:18:45 test_settlements 1 22.97 1.17 62285
07:18:47 test_settlements 1 22.97 1.17 62285
07:18:49 test_settlements 1 22.97 1.17 62285
07:18:51 test_settlements 1 22.97 1.17 62285
07:18:53 test_settlements 1 22.97 1.17 62285
07:18:55 test_settlements 1 22.99 1.16 62285
07:18:57 test_settlements 1 22.98 1.17 62285
07:18:59 test_settlements 1 22.98 1.17 62285
07:19:01 test_settlements 1 22.99 1.15 62285
07:19:03 test_settlements 1 22.98 1.16 62285
07:19:05 test_settlements 1 22.99 1.16 62285
07:19:07 test_settlements 1 23.00 1.14 62285
07:19:09 test_settlements 1 22.99 1.16 62285
07:19:11 test_settlements 1 22.99 1.15 62285
07:19:13 test_settlements 1 22.99 1.15 62285
07:19:15 test_settlements 1 22.99 1.15 62285
07:19:17 test_settlements 1 22.99 1.14 62285
07:19:19 test_settlements 1 22.99 1.14 62285
07:19:21 test_settlements 1 23.00 1.14 62285
07:19:23 test_settlements 1 23.01 1.13 62285
07:19:25 test_settlements 1 23.05 1.10 62285
07:19:27 test_settlements 1 23.04 1.11 62285
07:19:29 test_settlements 1 23.00 1.14 62285
07:19:31 test_settlements 1 23.00 1.14 62285
07:19:33 test_settlements 1 23.01 1.14 62285
07:19:35 test_settlements 1 23.03 1.11 62285
07:19:37 test_settlements 1 23.01 1.13 62285
07:19:39 test_settlements 1 23.01 1.13 62285
07:19:41 test_settlements 1 23.01 1.13 62285
07:19:43 test_settlements 1 23.01 1.13 62285
07:19:45 test_settlements 1 23.01 1.13 62285
07:19:47 test_settlements 1 23.05 1.08 62285
07:19:49 test_settlements 1 23.04 1.10 62285
07:19:51 test_settlements 1 23.01 1.13 62285
07:19:53 test_settlements 1 23.01 1.14 62285
07:19:55 test_settlements 1 23.01 1.13 62285
07:19:57 test_settlements 1 23.01 1.13 62285
07:19:59 test_settlements 1 23.01 1.14 62285
07:20:01 test_settlements 1 23.01 1.14 62285
07:20:03 test_settlements 1 23.34 0.81 62285
07:20:05 test_settlements 1 23.35 0.80 62285
07:20:07 test_settlements 1 23.36 0.78 62285
07:20:09 test_settlements 1 23.37 0.77 62285
07:20:11 test_settlements 1 23.37 0.78 62285
07:20:13 test_settlements 1 23.37 0.77 62285
07:20:15 test_settlements 1 23.37 0.77 62285
07:20:17 test_settlements 1 23.37 0.77 62285
07:20:19 test_settlements 1 23.37 0.77 62285
07:20:21 test_settlements 1 23.37 0.80 62285
07:20:23 test_settlements 1 23.37 0.76 62285
07:20:25 test_settlements 1 23.37 0.75 62285
07:20:27 test_settlements 1 23.38 0.74 62285
07:20:29 test_settlements 1 23.40 0.72 62285
07:20:31 test_settlements 1 23.37 0.74 62285
07:20:33 test_settlements 1 23.37 0.76 62285
07:20:35 test_settlements 1 23.37 0.76 62285
07:20:37 test_settlements 1 23.38 0.76 62285
07:20:39 test_settlements 1 23.38 0.75 62285
07:20:41 test_settlements 1 23.38 0.75 62285
07:20:43 test_settlements 1 23.38 0.75 62285
07:20:45 test_settlements 1 23.38 0.75 62285
07:20:47 test_settlements 1 23.38 0.75 62285
07:20:49 test_settlements 1 23.38 0.75 62285
07:20:51 test_settlements 1 23.38 0.74 62285
07:20:53 test_settlements 1 23.38 0.74 62285
07:20:55 test_settlements 1 23.38 0.74 62285
07:20:57 test_settlements 1 23.38 0.74 62285
07:20:59 test_settlements 1 23.38 0.74 62285
07:21:01 test_settlements 1 23.46 0.66 62285
07:21:03 test_settlements 1 23.48 0.60 62285
07:21:05 test_settlements 1 23.48 0.67 62285
07:21:07 test_settlements 1 23.48 0.67 62285
07:21:09 test_settlements 1 23.48 0.67 62285
07:21:11 test_settlements 1 23.48 0.66 62285
07:21:13 test_settlements 1 23.48 0.66 62285
07:21:15 test_settlements 1 23.48 0.66 62285
07:21:17 test_settlements 1 23.48 0.66 62285
07:21:19 test_settlements 1 23.48 0.66 62285
07:21:21 test_settlements 1 23.48 0.66 62285
07:21:23 test_settlements 1 23.48 0.66 62285
07:21:25 test_settlements 1 23.51 0.62 62285
07:21:27 test_settlements 1 23.62 0.51 62285
07:21:29 test_settlements 1 23.63 0.50 62285
07:21:31 test_settlements 1 23.61 0.51 62285
07:21:33 test_settlements 1 23.62 0.51 62285
07:21:35 test_settlements 1 23.62 0.51 62285
07:21:37 test_settlements 1 23.62 0.51 62285
07:21:39 test_settlements 1 23.63 0.50 62285
07:21:41 test_settlements 1 23.64 0.49 62285
07:21:43 test_settlements 1 23.64 0.49 62285
07:21:45 test_settlements 1 23.64 0.49 62285
07:21:47 test_settlements 1 23.64 0.49 62285
07:21:49 test_settlements 1 23.64 0.49 62285
07:21:51 test_settlements 1 23.64 0.49 62285
07:21:53 test_settlements 1 23.64 0.49 62285
07:21:55 test_settlements 1 23.64 0.48 62285
07:21:57 test_settlements 1 23.64 0.48 62285
07:21:59 test_settlements 1 23.64 0.48 62285
07:22:01 test_settlements 1 23.64 0.48 62285
07:22:03 test_settlements 1 23.64 0.48 62285
07:22:05 test_settlements 1 23.64 0.49 62285
07:22:07 test_settlements 1 23.64 0.49 62285
07:22:09 test_settlements 1 23.64 0.49 62285
07:22:11 test_settlements 1 23.64 0.49 62285
07:22:13 test_settlements 1 23.67 0.46 62285
07:22:15 test_settlements 1 23.67 0.46 62285
07:22:17 test_settlements 1 23.73 0.40 62285
07:22:19 test_settlements 1 23.80 0.33 62285
07:22:21 test_settlements 1 23.88 0.26 62285
07:22:23 test_settlements 1 23.92 0.21 62285
07:22:25 test_settlements 1 23.92 0.21 62285
07:22:27 test_settlements 1 24.13 0.07 62285
07:22:34 test_settlements 1 24.23 0.01 62285
07:22:38 test_settlements 1 24.24 0.00 62285
07:22:40 test_settlements 1 24.26 0.12 62285
07:22:47 test_settlements 1 24.29 0.11 62285
07:22:50 test_settlements 1 24.29 0.11 62285
07:22:54 test_settlements 1 24.29 0.11 62285
07:22:59 test_settlements 1 24.29 0.11 62285
07:23:07 test_settlements 1 24.29 0.11 62285
07:23:13 test_settlements 1 24.29 0.11 62285
07:23:17 test_settlements 1 24.29 0.11 62285
07:23:41 test_settlements 1 24.29 0.11 62285
07:24:03 test_settlements 1 0.00 1.66 62285
07:24:05 test_settlements 1 0.01 24.20 62361
07:24:07 test_settlements 1 0.23 24.03 62362
07:24:09 test_settlements 1 0.27 23.99 62362
07:24:11 test_scatter 1 0.30 23.96 62381
07:24:13 test_scatter 1 0.30 23.96 62381
07:24:15 test_scatter 1 0.30 23.96 62381
07:24:17 test_scatter 1 0.30 23.96 62381
07:24:19 test_scatter 1 0.30 23.95 62381
07:24:21 test_scatter 1 0.30 23.95 62381
07:24:23 test_scatter 1 0.30 23.95 62381
07:24:25 test_scatter 1 0.30 23.94 62381
07:24:27 test_scatter 1 0.30 23.95 62381
07:24:29 test_scatter 1 0.30 23.95 62381
07:24:31 test_scatter 1 0.30 23.95 62381
07:24:33 test_scatter 1 0.36 23.89 62381
07:24:35 test_scatter 1 0.44 23.80 62381
07:24:37 test_scatter 1 0.51 23.73 62381
07:24:39 test_scatter 1 0.71 23.53 62381
07:24:41 test_scatter 1 0.81 23.43 62381
07:24:43 test_scatter 1 0.86 23.38 62381
07:24:45 test_scatter 1 0.86 23.37 62381
07:24:47 test_scatter 1 1.00 23.23 62381
07:24:49 test_scatter 1 1.32 22.91 62381
07:24:51 test_scatter 1 1.58 22.65 62381
07:24:53 test_scatter 1 1.74 22.49 62381
07:24:55 test_scatter 1 1.74 22.48 62381
07:24:57 test_scatter 1 1.74 22.48 62381
07:24:59 test_scatter 1 2.14 22.07 62381
07:25:01 test_scatter 1 2.35 21.86 62381
07:25:03 test_scatter 1 2.54 21.67 62381
07:25:05 test_scatter 1 2.61 21.60 62381
07:25:07 test_scatter 1 2.91 21.30 62381
07:25:09 test_scatter 1 3.08 21.13 62381
07:25:11 test_scatter 1 3.18 21.02 62381
07:25:13 test_scatter 1 3.51 20.65 62381
07:25:15 test_scatter 1 3.58 20.62 62381
07:25:17 test_scatter 1 3.85 20.09 62381
07:25:19 test_scatter 1 4.04 19.83 62381
07:25:21 test_scatter 1 4.22 19.68 62381
07:25:23 test_scatter 1 4.23 19.63 62381
07:25:25 test_scatter 1 4.50 19.36 62381
07:25:27 test_scatter 1 4.51 19.39 62381
07:25:29 test_scatter 1 4.52 19.36 62381
07:25:31 test_scatter 1 4.52 19.30 62381
07:25:33 test_scatter 1 4.70 19.19 62381
07:25:35 test_scatter 1 4.80 19.05 62381
07:25:37 test_scatter 1 4.84 19.06 62381
07:25:39 test_scatter 1 4.98 18.88 62381
07:25:41 test_scatter 1 4.99 18.87 62381
07:25:43 test_scatter 1 5.00 18.88 62381
07:25:45 test_scatter 1 5.01 18.87 62381
07:25:47 test_scatter 1 5.01 18.88 62381
07:25:49 test_scatter 1 5.01 18.87 62381
07:25:51 test_scatter 1 5.01 18.85 62381
07:25:53 test_scatter 1 5.02 18.85 62381
07:25:55 test_scatter 1 5.02 18.85 62381
07:25:57 test_scatter 1 5.02 18.87 62381
07:25:59 test_scatter 1 5.02 18.84 62381
07:26:01 test_scatter 1 5.02 18.83 62381
07:26:03 test_scatter 1 5.02 18.83 62381
07:26:05 test_scatter 1 5.02 18.87 62381
07:26:07 test_scatter 1 5.02 18.91 62381
07:26:09 test_scatter 1 5.02 18.91 62381
07:26:11 test_scatter 1 5.02 18.88 62381
07:26:13 test_scatter 1 5.08 18.88 62381
07:26:15 test_scatter 1 5.23 18.73 62381
07:26:17 test_scatter 1 5.31 18.63 62381
07:26:19 test_scatter 1 5.32 18.63 62381
07:26:21 test_scatter 1 5.32 18.62 62381
07:26:23 test_scatter 1 5.32 18.61 62381
07:26:25 test_scatter 1 5.32 18.60 62381
07:26:27 test_scatter 1 5.32 18.59 62381
07:26:29 test_scatter 1 5.33 18.61 62381
07:26:31 test_scatter 1 5.33 18.60 62381
07:26:33 test_scatter 1 5.33 18.57 62381
07:26:35 test_scatter 1 5.54 18.38 62381
07:26:37 test_scatter 1 5.58 18.34 62381
07:26:39 test_scatter 1 5.73 18.22 62381
07:26:41 test_scatter 1 5.98 17.96 62381
07:26:43 test_scatter 1 6.00 17.90 62381
07:26:45 test_scatter 1 6.29 17.63 62381
07:26:47 test_scatter 1 6.51 17.41 62381
07:26:49 test_scatter 1 6.80 17.13 62381
07:26:51 test_scatter 1 6.89 16.98 62381
07:26:53 test_scatter 1 6.99 16.92 62381
07:26:55 test_scatter 1 6.99 16.90 62381
07:26:57 test_scatter 1 7.00 16.90 62381
07:26:59 test_scatter 1 7.01 16.90 62381
07:27:01 test_scatter 1 7.02 16.87 62381
07:27:03 test_scatter 1 7.02 16.91 62381
07:27:05 test_scatter 1 7.02 16.87 62381
07:27:07 test_scatter 1 7.02 16.88 62381
07:27:09 test_scatter 1 7.02 16.89 62381
07:27:11 test_scatter 1 7.02 16.86 62381
07:27:14 test_scatter 1 7.02 16.89 62381
07:27:16 test_scatter 1 7.02 16.92 62381
07:27:18 test_scatter 1 7.02 16.90 62381
07:27:20 test_scatter 1 7.02 16.88 62381
07:27:22 test_scatter 1 7.02 16.85 62381
07:27:24 test_scatter 1 7.02 16.84 62381
07:27:26 test_scatter 1 7.02 16.91 62381
07:27:28 test_scatter 1 7.02 16.87 62381
07:27:30 test_scatter 1 7.02 16.90 62381
07:27:32 test_scatter 1 7.02 16.90 62381
07:27:34 test_scatter 1 7.02 16.85 62381
07:27:36 test_scatter 1 7.02 16.90 62381
07:27:38 test_scatter 1 7.02 16.91 62381
07:27:40 test_scatter 1 7.02 16.91 62381
07:27:42 test_scatter 1 7.03 16.91 62381
07:27:44 test_scatter 1 7.03 16.87 62381
07:27:46 test_scatter 1 7.03 16.83 62381
07:27:48 test_scatter 1 7.03 16.92 62381
07:27:50 test_scatter 1 7.03 16.87 62381
07:27:52 test_scatter 1 7.03 16.86 62381
07:27:54 test_scatter 1 7.03 16.89 62381
07:27:56 test_scatter 1 7.03 16.90 62381
07:27:58 test_scatter 1 7.04 16.89 62381
07:28:00 test_scatter 1 7.04 16.86 62381
07:28:02 test_scatter 1 7.04 16.88 62381
07:28:04 test_scatter 1 7.04 16.87 62381
07:28:06 test_scatter 1 7.04 16.82 62381
07:28:08 test_scatter 1 7.04 16.86 62381
07:28:10 test_scatter 1 7.04 16.84 62381
07:28:12 test_scatter 1 7.04 16.90 62381
07:28:14 test_scatter 1 7.04 16.88 62381
07:28:16 test_scatter 1 7.04 16.84 62496
07:28:18 test_scatter 1 7.04 16.91 62496
07:28:20 test_scatter 1 7.04 16.89 62496
07:28:22 test_scatter 1 7.04 16.89 62496
07:28:24 test_scatter 1 7.04 16.89 62496
07:28:26 test_scatter 1 7.04 16.88 62496
07:28:28 test_scatter 1 7.12 16.77 62496
07:28:30 test_scatter 1 7.10 16.82 62496
07:28:32 test_scatter 1 7.04 16.88 62496
07:28:34 test_scatter 1 7.04 16.87 62496
07:28:36 test_scatter 1 7.04 16.83 62496
07:28:38 test_scatter 1 7.04 16.85 62496
07:28:40 test_scatter 1 7.04 16.79 62496
07:28:42 test_scatter 1 7.04 16.86 62496
07:28:44 test_scatter 1 7.04 16.86 62496
07:28:46 test_scatter 1 7.04 16.88 62496
07:28:48 test_scatter 1 7.04 16.88 62496
07:28:50 test_scatter 1 7.04 16.86 62605
07:28:52 test_scatter 1 7.20 16.72 62605
07:28:54 test_scatter 1 7.31 16.59 62605
07:28:56 test_scatter 1 7.32 16.56 62605
07:28:58 test_scatter 1 7.33 16.61 62605
07:29:00 test_scatter 1 7.34 16.59 62605
07:29:02 test_scatter 1 7.34 16.57 62605
07:29:04 test_scatter 1 7.34 16.55 62605
07:29:06 test_scatter 1 7.34 16.51 62605
07:29:08 test_scatter 1 7.34 16.57 62605
07:29:10 test_scatter 1 7.34 16.49 62605
07:29:12 test_scatter 1 7.34 16.57 62605
07:29:14 test_scatter 1 7.34 16.55 62605
07:29:16 test_scatter 1 7.34 16.58 62605
07:29:18 test_scatter 1 7.34 16.60 62605
07:29:20 test_scatter 1 7.34 16.58 62605
07:29:22 test_scatter 1 7.34 16.58 62605
07:29:24 test_scatter 1 7.34 16.58 62605
07:29:26 test_scatter 1 7.34 16.57 62605
07:29:28 test_scatter 1 7.34 16.53 62605
07:29:30 test_scatter 1 7.34 16.52 62605
07:29:32 test_scatter 1 7.34 16.55 62605
07:29:34 test_scatter 1 7.34 16.59 62605
07:29:36 test_scatter 1 7.34 16.57 62605
07:29:38 test_scatter 1 7.34 16.58 62605
07:29:40 test_scatter 1 7.34 16.58 62605
07:29:42 test_scatter 1 7.34 16.55 62605
07:29:44 test_scatter 1 7.35 16.60 62605
07:29:46 test_scatter 1 7.35 16.58 62605
07:29:48 test_scatter 1 7.35 16.54 62605
07:29:50 test_scatter 1 7.35 16.54 62605
07:29:52 test_scatter 1 7.35 16.59 62605
07:29:54 test_scatter 1 7.45 16.47 62605
07:29:56 test_scatter 1 7.59 16.26 62605
07:29:58 test_scatter 1 7.60 16.31 62605
07:30:00 test_scatter 1 7.62 16.30 62605
07:30:02 test_scatter 1 7.62 16.31 62605
07:30:04 test_scatter 1 7.62 16.31 62605
07:30:06 test_scatter 1 7.62 16.30 62605
07:30:08 test_scatter 1 7.62 16.30 62605
07:30:10 test_scatter 1 7.62 16.25 62605
07:30:12 test_scatter 1 7.62 16.31 62605
07:30:14 test_scatter 1 7.62 16.26 62605
07:30:16 test_scatter 1 7.62 16.29 62605
07:30:18 test_scatter 1 7.62 16.31 62605
07:30:20 test_scatter 1 7.62 16.30 62605
07:30:22 test_scatter 1 7.62 16.31 62605
07:30:24 test_scatter 1 7.62 16.30 62605
07:30:26 test_scatter 1 7.62 16.30 62605
07:30:28 test_scatter 1 7.62 16.31 62605
07:30:30 test_scatter 1 7.62 16.29 62605
07:30:32 test_scatter 1 7.62 16.23 62605
07:30:34 test_scatter 1 7.62 16.29 62605
07:30:36 test_scatter 1 7.62 16.31 62605
07:30:38 test_scatter 1 7.62 16.27 62605
07:30:40 test_scatter 1 7.62 16.30 62605
07:30:42 test_scatter 1 7.62 16.28 62605
07:30:44 test_scatter 1 7.62 16.30 62605
07:30:46 test_scatter 1 7.62 16.24 62605
07:30:48 test_scatter 1 7.62 16.29 62605
07:30:50 test_scatter 1 7.62 16.29 62701
07:30:52 test_scatter 1 7.62 16.29 62701
07:30:54 test_scatter 1 7.62 16.29 62701
07:30:56 test_scatter 1 7.62 16.31 62701
07:30:58 test_scatter 1 7.64 16.27 62701
07:31:00 test_scatter 1 7.70 16.20 62701
07:31:02 test_scatter 1 7.68 16.24 62701
07:31:04 test_scatter 1 7.68 16.25 62701
07:31:06 test_scatter 1 7.68 16.23 62701
07:31:08 test_scatter 1 7.68 16.25 62701
07:31:10 test_scatter 1 7.68 16.25 62701
07:31:12 test_scatter 1 7.68 16.18 62701
07:31:14 test_scatter 1 7.68 16.24 62701
07:31:16 test_scatter 1 7.68 16.17 62701
07:31:18 test_scatter 1 7.68 16.19 62701
07:31:20 test_scatter 1 7.68 16.24 62701
07:31:22 test_scatter 1 7.68 16.19 62794
07:31:24 test_scatter 1 7.68 16.21 62794
07:31:26 test_scatter 1 7.68 16.21 62794
07:31:28 test_scatter 1 7.68 16.21 62794
07:31:30 test_scatter 1 7.68 16.25 62794
07:31:32 test_scatter 1 7.68 16.25 62794
07:31:34 test_scatter 1 7.68 16.23 62794
07:31:36 test_scatter 1 7.68 16.21 62794
07:31:38 test_scatter 1 7.68 16.24 62794
07:31:40 test_scatter 1 7.68 16.23 62794
07:31:42 test_scatter 1 7.68 16.24 62794
07:31:44 test_scatter 1 7.68 16.23 62794
07:31:46 test_scatter 1 7.68 16.21 62794
07:31:48 test_scatter 1 7.68 16.22 62794
07:31:50 test_scatter 1 7.68 16.23 62794
07:31:52 test_scatter 1 7.74 16.20 62794
07:31:54 test_scatter 1 7.74 16.20 62794
07:31:56 test_scatter 1 7.75 16.18 62794
07:31:58 test_scatter 1 7.86 16.01 62794
07:32:00 test_scatter 1 7.95 15.94 62794
07:32:02 test_scatter 1 8.14 15.73 62794
07:32:04 test_scatter 1 8.28 15.63 62794
07:32:06 test_scatter 1 8.57 15.30 62794
07:32:08 test_scatter 1 8.77 15.07 62794
07:32:10 test_scatter 1 8.92 14.98 62794
07:32:12 test_scatter 1 9.20 14.70 62794
07:32:14 test_scatter 1 9.36 14.57 62794
07:32:16 test_scatter 1 9.59 14.34 62794
07:32:18 test_scatter 1 9.72 14.17 62794
07:32:20 test_scatter 1 9.74 14.16 62794
07:32:22 test_scatter 1 9.74 14.17 62794
07:32:24 test_scatter 1 10.08 13.82 62794
07:32:26 test_scatter 1 10.13 13.74 62794
07:32:28 test_scatter 1 10.42 13.50 62794
07:32:30 test_scatter 1 10.66 13.19 62794
07:32:32 test_scatter 1 10.85 13.03 62794
07:32:34 test_scatter 1 11.00 12.92 62794
07:32:36 test_scatter 1 11.22 12.71 62794
07:32:38 test_scatter 1 11.42 12.50 62794
07:32:40 test_scatter 1 11.70 12.19 62794
07:32:42 test_scatter 1 11.84 12.08 62794
07:32:44 test_scatter 1 12.00 11.90 62794
07:32:46 test_scatter 1 12.01 11.88 62794
07:32:48 test_scatter 1 12.02 11.91 62794
07:32:50 test_scatter 1 12.02 11.87 62794
07:32:52 test_scatter 1 12.04 11.83 62794
07:32:54 test_scatter 1 12.04 11.84 62794
07:32:56 test_scatter 1 12.05 11.86 62794
07:32:58 test_scatter 1 12.05 11.88 62794
07:33:00 test_scatter 1 12.05 11.86 62794
07:33:02 test_scatter 1 12.05 11.88 62794
07:33:04 test_scatter 1 12.05 11.88 62794
07:33:06 test_scatter 1 12.05 11.88 62794
07:33:08 test_scatter 1 12.05 11.85 62794
07:33:10 test_scatter 1 12.05 11.85 62794
07:33:12 test_scatter 1 12.06 11.79 62794
07:33:14 test_scatter 1 12.06 11.83 62794
07:33:16 test_scatter 1 12.19 11.73 62794
07:33:18 test_scatter 1 12.25 11.64 62794
07:33:20 test_scatter 1 12.47 11.42 62794
07:33:22 test_scatter 1 12.47 11.41 62794
07:33:24 test_scatter 1 12.48 11.40 62794
07:33:26 test_scatter 1 12.49 11.40 62794
07:33:28 test_scatter 1 12.50 11.37 62794
07:33:30 test_scatter 1 12.50 11.36 62794
07:33:32 test_scatter 1 12.52 11.33 62794
07:33:34 test_scatter 1 12.52 11.37 62794
07:33:36 test_scatter 1 12.52 11.35 62794
07:33:38 test_scatter 1 12.52 11.38 62794
07:33:40 test_scatter 1 12.52 11.41 62794
07:33:42 test_scatter 1 12.52 11.35 62794
07:33:44 test_scatter 1 12.52 11.35 62794
07:33:46 test_scatter 1 12.52 11.40 62794
07:33:48 test_scatter 1 12.52 11.38 62794
07:33:50 test_scatter 1 12.52 11.37 62794
07:33:52 test_scatter 1 12.52 11.33 62794
07:33:54 test_scatter 1 12.52 11.34 62794
07:33:56 test_scatter 1 12.52 11.39 62794
07:33:58 test_scatter 1 12.53 11.37 62794
07:34:00 test_scatter 1 12.53 11.38 62794
07:34:02 test_scatter 1 12.53 11.40 62794
07:34:04 test_scatter 1 12.53 11.37 62794
07:34:06 test_scatter 1 12.53 11.39 62794
07:34:08 test_scatter 1 12.53 11.38 62882
07:34:10 test_scatter 1 12.53 11.37 62882
07:34:12 test_scatter 1 12.53 11.39 62882
07:34:14 test_scatter 1 12.53 11.38 62882
07:34:17 test_scatter 1 12.59 11.32 62882
07:34:19 test_scatter 1 12.57 11.34 62882
07:34:21 test_scatter 1 12.57 11.32 62882
07:34:23 test_scatter 1 12.57 11.34 62882
07:34:25 test_scatter 1 12.57 11.29 62882
07:34:27 test_scatter 1 12.57 11.32 62882
07:34:29 test_scatter 1 12.57 11.34 62882
07:34:31 test_scatter 1 12.57 11.31 62882
07:34:33 test_scatter 1 12.57 11.31 62882
07:34:35 test_scatter 1 12.57 11.28 62882
07:34:37 test_scatter 1 12.57 11.32 62882
07:34:39 test_scatter 1 12.57 11.24 62882
07:34:41 test_scatter 1 12.57 11.33 62882
07:34:43 test_scatter 1 12.57 11.31 62882
07:34:45 test_scatter 1 12.57 11.29 62882
07:34:47 test_scatter 1 12.53 11.37 62882
07:34:49 test_scatter 1 12.53 11.35 62997
07:34:51 test_scatter 1 12.53 11.39 62997
07:34:53 test_scatter 1 12.53 11.39 62997
07:34:55 test_scatter 1 12.53 11.40 62997
07:34:57 test_scatter 1 12.53 11.35 62997
07:34:59 test_scatter 1 12.53 11.37 62997
07:35:01 test_scatter 1 12.53 11.36 62997
07:35:03 test_scatter 1 12.53 11.36 62997
07:35:05 test_scatter 1 12.53 11.39 62997
07:35:07 test_scatter 1 12.53 11.37 62997
07:35:09 test_scatter 1 12.53 11.36 62997
07:35:11 test_scatter 1 12.53 11.37 62997
07:35:13 test_scatter 1 12.53 11.38 62997
07:35:15 test_scatter 1 12.53 11.37 62997
07:35:17 test_scatter 1 12.53 11.35 62997
07:35:19 test_scatter 1 12.53 11.33 62997
07:35:21 test_scatter 1 12.53 11.36 62997
07:35:23 test_scatter 1 12.53 11.38 62997
07:35:25 test_scatter 1 12.53 11.40 62997
07:35:27 test_scatter 1 12.53 11.38 62997
07:35:29 test_scatter 1 12.53 11.38 62997
07:35:31 test_scatter 1 12.53 11.40 62997
07:35:33 test_scatter 1 12.53 11.40 63112
07:35:35 test_scatter 1 12.53 11.35 63112
07:35:37 test_scatter 1 12.53 11.38 63112
07:35:39 test_scatter 1 12.53 11.35 63112
07:35:41 test_scatter 1 12.53 11.36 63112
07:35:43 test_scatter 1 12.58 11.31 63112
07:35:45 test_scatter 1 12.58 11.34 63112
07:35:47 test_scatter 1 12.64 11.26 63112
07:35:49 test_scatter 1 12.65 11.27 63112
07:35:51 test_scatter 1 12.66 11.25 63112
07:35:53 test_scatter 1 12.67 11.21 63112
07:35:55 test_scatter 1 12.66 11.22 63112
07:35:57 test_scatter 1 12.66 11.21 63112
07:35:59 test_scatter 1 12.66 11.25 63112
07:36:01 test_scatter 1 12.66 11.22 63112
07:36:03 test_scatter 1 12.66 11.24 63112
07:36:05 test_scatter 1 12.66 11.23 63112
07:36:07 test_scatter 1 12.66 11.27 63112
07:36:09 test_scatter 1 12.66 11.18 63112
07:36:11 test_scatter 1 12.66 11.25 63112
07:36:13 test_scatter 1 12.66 11.24 63112
07:36:15 test_scatter 1 12.66 11.26 63112
07:36:17 test_scatter 1 12.66 11.23 63112
07:36:19 test_scatter 1 12.67 11.21 63112
07:36:21 test_scatter 1 12.67 11.24 63112
07:36:23 test_scatter 1 12.67 11.23 63112
07:36:25 test_scatter 1 12.67 11.26 63112
07:36:27 test_scatter 1 12.67 11.19 63112
07:36:29 test_scatter 1 12.67 11.22 63112
07:36:31 test_scatter 1 12.67 11.25 63112
07:36:33 test_scatter 1 12.67 11.22 63112
07:36:35 test_scatter 1 12.67 11.21 63112
07:36:37 test_scatter 1 12.67 11.25 63112
07:36:39 test_scatter 1 12.67 11.26 63112
07:36:41 test_scatter 1 12.67 11.21 63227
07:36:43 test_scatter 1 12.67 11.19 63227
07:36:45 test_scatter 1 12.67 11.23 63227
07:36:47 test_scatter 1 12.67 11.23 63227
07:36:49 test_scatter 1 12.67 11.17 63227
07:36:51 test_scatter 1 12.67 11.23 63227
07:36:53 test_scatter 1 12.67 11.24 63227
07:36:55 test_scatter 1 12.67 11.23 63227
07:36:57 test_scatter 1 12.67 11.23 63227
07:36:59 test_scatter 1 12.67 11.20 63227
07:37:01 test_scatter 1 12.67 11.22 63227
07:37:03 test_scatter 1 12.68 11.24 63227
07:37:05 test_scatter 1 12.68 11.19 63227
07:37:07 test_scatter 1 12.68 11.25 63227
07:37:09 test_scatter 1 12.68 11.21 63227
07:37:11 test_scatter 1 12.68 11.20 63227
07:37:13 test_scatter 1 12.68 11.19 63227
07:37:15 test_scatter 1 12.68 11.20 63227
07:37:17 test_scatter 1 12.68 11.23 63227
07:37:19 test_scatter 1 12.68 11.22 63343
07:37:21 test_scatter 1 12.68 11.16 63343
07:37:23 test_scatter 1 12.68 11.25 63343
07:37:25 test_scatter 1 12.68 11.22 63343
07:37:27 test_scatter 1 12.68 11.20 63343
07:37:29 test_scatter 1 12.68 11.20 63343
07:37:31 test_scatter 1 12.68 11.24 63343
07:37:33 test_scatter 1 12.68 11.23 63343
07:37:35 test_scatter 1 12.68 11.21 63343
07:37:37 test_scatter 1 12.68 11.23 63343
07:37:39 test_scatter 1 12.68 11.23 63343
07:37:41 test_scatter 1 12.68 11.19 63343
07:37:43 test_scatter 1 12.68 11.18 63343
07:37:45 test_scatter 1 12.74 11.17 63343
07:37:47 test_scatter 1 12.74 11.19 63343
07:37:49 test_scatter 2 12.95 11.01 63343
07:37:51 test_scatter 2 12.95 10.98 63343
07:37:53 test_scatter 2 12.95 11.00 63343
07:37:55 test_scatter 2 12.95 10.96 63343
07:37:57 test_scatter 2 12.95 11.04 63343
07:37:59 test_scatter 2 12.95 11.03 63343
07:38:01 test_scatter 2 12.95 11.04 63343
07:38:03 test_scatter 2 12.95 11.01 63343
07:38:05 test_scatter 2 12.98 10.93 63343
07:38:07 test_scatter 2 12.98 10.98 63343
07:38:09 test_scatter 2 12.98 10.97 63343
07:38:11 test_scatter 2 13.06 10.89 63343
07:38:13 test_scatter 2 13.13 10.79 63343
07:38:15 test_scatter 2 13.21 10.70 63343
07:38:17 test_scatter 2 13.42 10.55 63343
07:38:19 test_scatter 2 13.42 10.54 63343
07:38:21 test_scatter 2 13.56 10.38 63343
07:38:23 test_scatter 2 13.56 10.42 63343
07:38:25 test_scatter 2 13.57 10.39 63343
07:38:27 test_scatter 2 13.92 10.02 63343
07:38:29 test_scatter 2 14.02 9.94 63343
07:38:31 test_scatter 2 14.28 9.68 63343
07:38:33 test_scatter 2 14.45 9.52 63343
07:38:35 test_scatter 2 14.45 9.47 63343
07:38:37 test_scatter 2 14.45 9.50 63343
07:38:39 test_scatter 2 14.85 9.10 63343
07:38:41 test_scatter 2 15.05 8.88 63343
07:38:43 test_scatter 2 15.23 8.70 63343
07:38:45 test_scatter 2 15.28 8.68 63343
07:38:47 test_scatter 2 15.54 8.44 63343
07:38:49 test_scatter 2 15.77 8.18 63343
07:38:51 test_scatter 2 15.78 8.20 63343
07:38:53 test_scatter 2 16.04 7.87 63343
07:38:55 test_scatter 2 16.28 7.68 63343
07:38:57 test_scatter 2 16.28 7.69 63343
07:38:59 test_scatter 2 16.64 7.33 63343
07:39:01 test_scatter 2 16.79 7.13 63343
07:39:03 test_scatter 2 16.93 7.01 63343
07:39:05 test_scatter 2 17.11 6.83 63343
07:39:07 test_scatter 2 17.20 6.74 63343
07:39:09 test_scatter 2 17.22 6.73 63343
07:39:11 test_scatter 2 17.23 6.72 63343
07:39:13 test_scatter 2 17.23 6.69 63343
07:39:15 test_scatter 2 17.48 6.45 63343
07:39:17 test_scatter 2 17.54 6.39 63343
07:39:19 test_scatter 2 17.56 6.40 63343
07:39:21 test_scatter 2 17.69 6.25 63343
07:39:23 test_scatter 2 17.69 6.23 63343
07:39:25 test_scatter 2 17.71 6.25 63343
07:39:27 test_scatter 2 17.72 6.20 63343
07:39:29 test_scatter 2 17.72 6.25 63343
07:39:31 test_scatter 2 17.72 6.22 63343
07:39:33 test_scatter 2 17.72 6.25 63343
07:39:35 test_scatter 2 17.72 6.22 63343
07:39:37 test_scatter 2 17.72 6.23 63343
07:39:39 test_scatter 2 17.72 6.23 63343
07:39:41 test_scatter 2 17.72 6.17 63343
07:39:43 test_scatter 2 17.72 6.23 63343
07:39:45 test_scatter 2 17.73 6.24 63343
07:39:47 test_scatter 2 17.73 6.24 63343
07:39:49 test_scatter 2 17.73 6.21 63343
07:39:51 test_scatter 2 17.73 6.23 63343
07:39:53 test_scatter 2 17.92 6.06 63343
07:39:55 test_scatter 2 17.95 5.99 63343
07:39:57 test_scatter 2 17.95 6.00 63343
07:39:59 test_scatter 2 17.96 5.99 63343
07:40:01 test_scatter 2 17.99 5.94 63343
07:40:03 test_scatter 2 18.06 5.91 63343
07:40:05 test_scatter 2 18.04 5.87 63343
07:40:07 test_scatter 2 18.04 5.91 63343
07:40:09 test_scatter 2 18.04 5.88 63343
07:40:11 test_scatter 2 18.04 5.92 63343
07:40:13 test_scatter 2 18.04 5.91 63343
07:40:15 test_scatter 2 18.08 5.88 63343
07:40:17 test_scatter 2 18.15 5.80 63343
07:40:19 test_scatter 2 18.17 5.75 63343
07:40:21 test_scatter 2 18.18 5.80 63343
07:40:23 test_scatter 2 18.19 5.79 63343
07:40:25 test_scatter 2 18.18 5.72 63343
07:40:27 test_scatter 2 18.18 5.77 63343
07:40:29 test_scatter 2 18.18 5.77 63343
07:40:31 test_scatter 2 18.18 5.77 63343
07:40:33 test_scatter 2 18.19 5.78 63343
07:40:35 test_scatter 2 18.18 5.76 63343
07:40:37 test_scatter 2 18.18 5.79 63343
07:40:39 test_scatter 2 18.18 5.77 63343
07:40:41 test_scatter 2 18.18 5.74 63343
07:40:43 test_scatter 2 18.19 5.73 63343
07:40:45 test_scatter 2 18.19 5.74 63343
07:40:47 test_scatter 2 18.19 5.73 63343
07:40:49 test_scatter 2 18.19 5.76 63343
07:40:51 test_scatter 2 18.19 5.78 63343
07:40:53 test_scatter 2 18.19 5.74 63343
07:40:55 test_scatter 2 18.19 5.73 63343
07:40:57 test_scatter 2 18.19 5.71 63343
07:40:59 test_scatter 2 18.19 5.76 63343
07:41:01 test_scatter 2 18.23 5.70 63343
07:41:03 test_scatter 2 18.54 5.37 63343
07:41:05 test_scatter 2 18.56 5.34 63343
07:41:07 test_scatter 2 18.58 5.34 63343
07:41:10 test_scatter 2 18.59 5.36 63343
07:41:12 test_scatter 2 18.59 5.35 63343
07:41:14 test_scatter 2 18.59 5.31 63343
07:41:16 test_scatter 2 18.59 5.36 63343
07:41:18 test_scatter 2 18.59 5.34 63343
07:41:20 test_scatter 2 18.59 5.28 63343
07:41:22 test_scatter 2 18.59 5.31 63343
07:41:24 test_scatter 2 18.60 5.31 63343
07:41:26 test_scatter 2 18.59 5.36 63343
07:41:28 test_scatter 2 18.59 5.38 63343
07:41:30 test_scatter 2 18.59 5.37 63343
07:41:32 test_scatter 2 18.59 5.31 63343
07:41:34 test_scatter 2 18.71 5.23 63343
07:41:36 test_scatter 2 18.83 5.12 63343
07:41:38 test_scatter 2 18.84 5.08 63343
07:41:40 test_scatter 2 18.86 5.05 63343
07:41:42 test_scatter 2 18.86 5.07 63343
07:41:44 test_scatter 2 19.13 4.75 63343
07:41:46 test_scatter 2 19.15 4.74 63343
07:41:48 test_scatter 2 19.16 4.69 63343
07:41:50 test_scatter 2 19.16 4.70 63343
07:41:52 test_scatter 2 19.16 4.74 63343
07:41:54 test_scatter 2 19.16 4.72 63343
07:41:56 test_scatter 2 19.16 4.71 63343
07:41:58 test_scatter 2 19.16 4.71 63343
07:42:00 test_scatter 2 19.16 4.71 63343
07:42:02 test_scatter 2 19.16 4.71 63343
07:42:04 test_scatter 2 19.16 4.75 63343
07:42:06 test_scatter 2 19.16 4.73 63343
07:42:08 test_scatter 2 19.16 4.74 63343
07:42:10 test_scatter 2 19.16 4.70 63343
07:42:12 test_scatter 2 19.16 4.75 63343
07:42:14 test_scatter 2 19.16 4.73 63343
07:42:16 test_scatter 2 19.16 4.74 63343
07:42:18 test_scatter 2 19.16 4.76 63343
07:42:20 test_scatter 2 19.16 4.70 63343
07:42:22 test_scatter 2 19.16 4.68 63343
07:42:24 test_scatter 2 19.16 4.72 63343
07:42:26 test_scatter 2 19.16 4.75 63343
07:42:28 test_scatter 2 19.16 4.73 63343
07:42:30 test_scatter 2 19.16 4.73 63343
07:42:32 test_scatter 2 19.16 4.72 63343
07:42:34 test_scatter 2 19.17 4.71 63343
07:42:36 test_scatter 2 19.33 4.55 63343
07:42:38 test_scatter 2 19.35 4.54 63343
07:42:40 test_scatter 2 19.35 4.56 63343
07:42:42 test_scatter 2 19.35 4.54 63343
07:42:44 test_scatter 2 19.35 4.53 63343
07:42:46 test_scatter 2 19.35 4.58 63343
07:42:48 test_scatter 2 19.35 4.57 63343
07:42:50 test_scatter 2 19.35 4.54 63343
07:42:52 test_scatter 2 19.35 4.55 63343
07:42:54 test_scatter 2 19.35 4.53 63343
07:42:56 test_scatter 2 19.35 4.54 63343
07:42:58 test_scatter 2 19.35 4.54 63343
07:43:00 test_scatter 2 19.35 4.53 63343
07:43:02 test_scatter 2 19.35 4.55 63343
07:43:04 test_scatter 2 19.35 4.54 63343
07:43:06 test_scatter 2 19.35 4.57 63343
07:43:08 test_scatter 2 19.35 4.55 63343
07:43:10 test_scatter 2 19.35 4.53 63343
07:43:12 test_scatter 2 19.35 4.56 63343
07:43:14 test_scatter 2 19.35 4.56 63343
07:43:16 test_scatter 2 19.35 4.55 63343
07:43:18 test_scatter 2 19.35 4.51 63343
07:43:20 test_scatter 2 19.36 4.53 63343
07:43:22 test_scatter 2 19.36 4.53 63343
07:43:24 test_scatter 2 19.36 4.53 63343
07:43:26 test_scatter 2 19.36 4.55 63343
07:43:28 test_scatter 2 19.36 4.54 63343
07:43:30 test_scatter 2 19.36 4.58 63343
07:43:32 test_scatter 2 19.36 4.56 63343
07:43:34 test_scatter 2 19.36 4.55 63343
07:43:36 test_scatter 2 19.36 4.52 63343
07:43:38 test_scatter 2 19.39 4.49 63343
07:43:40 test_scatter 2 19.64 4.27 63343
07:43:42 test_scatter 2 19.78 4.07 63343
07:43:44 test_scatter 2 19.79 4.07 63343
07:43:46 test_scatter 2 19.81 4.03 63343
07:43:48 test_scatter 2 19.82 4.01 63343
07:43:50 test_scatter 2 19.82 4.01 63343
07:43:52 test_scatter 2 19.82 4.01 63343
07:43:54 test_scatter 2 19.82 4.01 63343
07:43:56 test_scatter 2 19.83 4.01 63343
07:43:58 test_scatter 2 19.84 4.00 63343
07:44:00 test_scatter 2 19.84 4.00 63343
07:44:02 test_scatter 2 19.84 4.00 63343
07:44:04 test_scatter 2 19.84 4.00 63343
07:44:06 test_scatter 2 19.84 4.00 63343
07:44:08 test_scatter 2 19.86 3.98 63343
07:44:10 test_scatter 2 19.88 3.96 63343
07:44:12 test_scatter 2 19.89 3.96 63343
07:44:14 test_scatter 2 19.89 3.96 63343
07:44:16 test_scatter 2 19.89 3.95 63343
07:44:18 test_scatter 2 19.89 3.95 63343
07:44:20 test_scatter 2 19.89 3.95 63343
07:44:22 test_scatter 2 19.89 3.96 63343
07:44:24 test_scatter 2 19.89 3.96 63343
07:44:26 test_scatter 2 19.89 3.96 63343
07:44:28 test_scatter 2 19.89 3.95 63343
07:44:30 test_scatter 2 19.89 3.95 63343
07:44:32 test_scatter 2 19.89 3.95 63343
07:44:34 test_scatter 2 19.89 3.95 63343
07:44:36 test_scatter 2 19.89 3.95 63343
07:44:38 test_scatter 2 19.89 3.95 63343
07:44:40 test_scatter 2 19.89 3.95 63343
07:44:42 test_scatter 2 19.89 3.95 63343
07:44:44 test_scatter 2 19.89 3.95 63343
07:44:46 test_scatter 2 19.90 3.93 63343
07:44:48 test_scatter 2 19.90 3.93 63343
07:44:50 test_scatter 2 19.90 3.93 63343
07:44:52 test_scatter 2 19.90 3.93 63343
07:44:54 test_scatter 2 19.90 3.94 63343
07:44:56 test_scatter 2 19.90 3.94 63343
07:44:58 test_scatter 2 19.90 3.94 63343
07:45:00 test_scatter 2 19.90 3.94 63343
07:45:02 test_scatter 2 19.90 3.94 63343
07:45:04 test_scatter 2 19.90 3.94 63343
07:45:06 test_scatter 2 19.90 3.94 63343
07:45:08 test_scatter 2 19.88 3.96 63343
07:45:10 test_scatter 2 19.88 3.96 63343
07:45:12 test_scatter 2 12.95 10.90 63343
07:45:14 test_scatter 2 12.95 10.90 63343
07:45:16 test_scatter 2 12.95 10.90 63343
07:45:18 test_scatter 2 12.95 10.90 63343
07:45:20 test_scatter 2 12.95 10.90 63343
07:45:22 test_scatter 2 12.95 10.89 63343
07:45:24 test_scatter 2 12.95 10.82 63343
07:45:26 test_scatter 2 12.95 10.91 63343
07:45:28 test_scatter 2 12.98 10.88 63343
07:45:30 test_scatter 2 12.98 10.87 63343
07:45:32 test_scatter 2 12.98 10.87 63343
07:45:34 test_scatter 2 13.06 10.80 63343
07:45:36 test_scatter 2 13.14 10.71 63343
07:45:38 test_scatter 2 13.21 10.64 63343
07:45:40 test_scatter 2 13.42 10.43 63343
07:45:42 test_scatter 2 13.55 10.29 63343
07:45:44 test_scatter 2 13.56 10.29 63343
07:45:46 test_scatter 2 13.57 10.28 63343
07:45:48 test_scatter 2 13.81 10.04 63343
07:45:50 test_scatter 2 14.02 9.83 63343
07:45:52 test_scatter 2 14.28 9.57 63343
07:45:54 test_scatter 2 14.44 9.41 63343
07:45:56 test_scatter 2 14.45 9.40 63343
07:45:58 test_scatter 2 14.47 9.38 63343
07:46:00 test_scatter 2 14.87 8.97 63343
07:46:02 test_scatter 2 15.05 8.79 63343
07:46:04 test_scatter 2 15.24 8.60 63343
07:46:06 test_scatter 2 15.31 8.54 63343
07:46:08 test_scatter 2 15.56 8.29 63343
07:46:10 test_scatter 2 15.78 8.06 63343
07:46:12 test_scatter 2 15.86 7.99 63343
07:46:14 test_scatter 2 16.12 7.72 63343
07:46:16 test_scatter 2 16.28 7.57 63343
07:46:18 test_scatter 2 16.44 7.42 63343
07:46:20 test_scatter 2 16.69 7.17 63343
07:46:22 test_scatter 2 16.82 7.03 63343
07:46:24 test_scatter 2 16.93 6.92 63343
07:46:26 test_scatter 2 17.20 6.65 63343
07:46:28 test_scatter 2 17.21 6.64 63343
07:46:30 test_scatter 2 17.23 6.62 63343
07:46:32 test_scatter 2 17.22 6.63 63343
07:46:34 test_scatter 2 17.41 6.44 63343
07:46:36 test_scatter 2 17.53 6.31 63343
07:46:38 test_scatter 2 17.55 6.30 63343
07:46:40 test_scatter 2 17.69 6.16 63343
07:46:42 test_scatter 2 17.70 6.14 63343
07:46:44 test_scatter 2 17.71 6.13 63343
07:46:46 test_scatter 2 17.72 6.12 63343
07:46:48 test_scatter 2 17.72 6.12 63343
07:46:50 test_scatter 2 17.72 6.12 63343
07:46:52 test_scatter 2 17.72 6.11 63343
07:46:54 test_scatter 2 17.72 6.13 63343
07:46:56 test_scatter 2 17.72 6.13 63343
07:46:58 test_scatter 2 17.72 6.13 63343
07:47:00 test_scatter 2 17.72 6.13 63343
07:47:02 test_scatter 2 17.72 6.13 63343
07:47:04 test_scatter 2 17.73 6.12 63343
07:47:06 test_scatter 2 17.73 6.12 63343
07:47:08 test_scatter 2 17.73 6.12 63343
07:47:10 test_scatter 2 17.92 5.93 63343
07:47:12 test_scatter 2 17.95 5.89 63343
07:47:14 test_scatter 2 17.95 5.89 63343
07:47:16 test_scatter 2 17.96 5.88 63343
07:47:18 test_scatter 2 18.01 5.84 63343
07:47:20 test_scatter 2 18.04 5.81 63343
07:47:22 test_scatter 2 18.04 5.81 63343
07:47:24 test_scatter 2 18.04 5.81 63343
07:47:26 test_scatter 2 18.04 5.81 63343
07:47:28 test_scatter 2 18.04 5.81 63343
07:47:30 test_scatter 2 18.04 5.81 63343
07:47:32 test_scatter 2 18.15 5.70 63343
07:47:34 test_scatter 2 18.16 5.68 63343
07:47:36 test_scatter 2 18.18 5.67 63343
07:47:38 test_scatter 2 18.19 5.65 63343
07:47:40 test_scatter 2 18.18 5.67 63343
07:47:42 test_scatter 2 18.18 5.66 63343
07:47:44 test_scatter 2 18.18 5.66 63343
07:47:46 test_scatter 2 18.18 5.66 63343
07:47:48 test_scatter 2 18.20 5.64 63343
07:47:50 test_scatter 2 18.19 5.65 63343
07:47:52 test_scatter 2 18.19 5.65 63343
07:47:54 test_scatter 2 18.19 5.66 63343
07:47:56 test_scatter 2 18.19 5.66 63343
07:47:58 test_scatter 2 18.19 5.66 63343
07:48:00 test_scatter 2 18.19 5.66 63343
07:48:02 test_scatter 2 18.19 5.66 63343
07:48:04 test_scatter 2 18.19 5.66 63343
07:48:06 test_scatter 2 18.19 5.66 63343
07:48:08 test_scatter 2 18.19 5.66 63343
07:48:10 test_scatter 2 18.19 5.66 63343
07:48:12 test_scatter 2 18.26 5.58 63343
07:48:14 test_scatter 2 18.55 5.29 63343
07:48:16 test_scatter 2 18.57 5.27 63343
07:48:18 test_scatter 2 18.58 5.26 63343
07:48:21 test_scatter 2 18.59 5.25 63343
07:48:23 test_scatter 2 18.59 5.26 63343
07:48:25 test_scatter 2 18.59 5.26 63343
07:48:27 test_scatter 2 18.59 5.26 63343
07:48:29 test_scatter 2 18.59 5.25 63343
07:48:31 test_scatter 2 18.60 5.25 63343
07:48:33 test_scatter 2 18.59 5.25 63343
07:48:35 test_scatter 2 18.59 5.25 63343
07:48:37 test_scatter 2 18.59 5.25 63343
07:48:39 test_scatter 2 18.59 5.25 63343
07:48:41 test_scatter 2 18.63 5.21 63343
07:48:43 test_scatter 2 18.83 5.01 63343
07:48:45 test_scatter 2 18.84 5.00 63343
07:48:47 test_scatter 2 18.86 4.98 63343
07:48:49 test_scatter 2 18.86 4.98 63343
07:48:51 test_scatter 2 19.13 4.70 63343
07:48:53 test_scatter 2 19.15 4.69 63343
07:48:55 test_scatter 2 19.16 4.68 63343
07:48:57 test_scatter 2 19.17 4.68 63343
07:48:59 test_scatter 2 19.16 4.69 63343
07:49:01 test_scatter 2 19.16 4.69 63343
07:49:03 test_scatter 2 19.16 4.69 63343
07:49:05 test_scatter 2 19.16 4.69 63343
07:49:07 test_scatter 2 19.16 4.69 63343
07:49:09 test_scatter 2 19.16 4.68 63343
07:49:11 test_scatter 2 19.16 4.68 63343
07:49:13 test_scatter 2 19.16 4.68 63343
07:49:15 test_scatter 2 19.16 4.68 63343
07:49:17 test_scatter 2 19.16 4.68 63343
07:49:19 test_scatter 2 19.16 4.68 63343
07:49:21 test_scatter 2 19.16 4.68 63343
07:49:23 test_scatter 2 19.16 4.67 63343
07:49:25 test_scatter 2 19.16 4.67 63343
07:49:27 test_scatter 2 19.16 4.68 63343
07:49:29 test_scatter 2 19.16 4.68 63343
07:49:31 test_scatter 2 19.16 4.68 63343
07:49:33 test_scatter 2 19.16 4.68 63343
07:49:35 test_scatter 2 19.16 4.68 63343
07:49:37 test_scatter 2 19.28 4.56 63343
07:49:39 test_scatter 2 19.33 4.51 63343
07:49:41 test_scatter 2 19.35 4.50 63343
07:49:43 test_scatter 2 19.35 4.50 63343
07:49:45 test_scatter 2 19.35 4.50 63343
07:49:47 test_scatter 2 19.35 4.49 63343
07:49:49 test_scatter 2 19.35 4.49 63343
07:49:51 test_scatter 2 19.35 4.49 63343
07:49:53 test_scatter 2 19.35 4.49 63343
07:49:55 test_scatter 2 19.35 4.49 63343
07:49:57 test_scatter 2 19.35 4.49 63343
07:49:59 test_scatter 2 19.35 4.49 63343
07:50:01 test_scatter 2 19.35 4.50 63343
07:50:03 test_scatter 2 19.35 4.50 63343
07:50:05 test_scatter 2 19.35 4.50 63343
07:50:07 test_scatter 2 19.35 4.50 63343
07:50:09 test_scatter 2 19.35 4.50 63343
07:50:11 test_scatter 2 19.35 4.49 63343
07:50:13 test_scatter 2 19.35 4.48 63343
07:50:15 test_scatter 2 19.35 4.48 63343
07:50:17 test_scatter 2 19.35 4.48 63343
07:50:19 test_scatter 2 19.36 4.48 63343
07:50:21 test_scatter 2 19.36 4.48 63343
07:50:23 test_scatter 2 19.36 4.48 63343
07:50:25 test_scatter 2 19.36 4.48 63343
07:50:27 test_scatter 2 19.36 4.48 63343
07:50:29 test_scatter 2 19.36 4.49 63343
07:50:31 test_scatter 2 19.36 4.49 63343
07:50:33 test_scatter 2 19.36 4.49 63343
07:50:35 test_scatter 2 19.36 4.49 63343
07:50:37 test_scatter 2 19.63 4.21 63343
07:50:39 test_scatter 2 19.73 4.12 63343
07:50:41 test_scatter 2 19.79 4.05 63343
07:50:43 test_scatter 2 19.81 4.03 63343
07:50:45 test_scatter 2 19.82 4.02 63343
07:50:47 test_scatter 2 19.82 4.01 63343
07:50:49 test_scatter 2 19.82 4.01 63343
07:50:51 test_scatter 2 19.82 4.01 63343
07:50:53 test_scatter 2 19.83 4.01 63343
07:50:55 test_scatter 2 19.84 4.00 63343
07:50:57 test_scatter 2 19.84 3.99 63343
07:50:59 test_scatter 2 19.84 3.99 63343
07:51:01 test_scatter 2 19.84 4.00 63343
07:51:03 test_scatter 2 19.84 4.00 63343
07:51:05 test_scatter 2 19.86 3.98 63343
07:51:07 test_scatter 2 19.88 3.96 63343
07:51:09 test_scatter 2 19.89 3.95 63343
07:51:11 test_scatter 2 19.89 3.95 63343
07:51:13 test_scatter 2 19.89 3.95 63343
07:51:15 test_scatter 2 19.89 3.95 63343
07:51:17 test_scatter 2 19.89 3.95 63343
07:51:19 test_scatter 2 19.89 3.95 63343
07:51:21 test_scatter 2 19.89 3.95 63343
07:51:23 test_scatter 2 19.89 3.95 63343
07:51:25 test_scatter 2 19.89 3.95 63343
07:51:27 test_scatter 2 19.89 3.94 63343
07:51:29 test_scatter 2 19.89 3.95 63343
07:51:31 test_scatter 2 19.89 3.95 63343
07:51:33 test_scatter 2 19.89 3.95 63343
07:51:35 test_scatter 2 19.89 3.95 63343
07:51:37 test_scatter 2 19.89 3.95 63343
07:51:39 test_scatter 2 19.89 3.95 63343
07:51:41 test_scatter 2 19.89 3.94 63343
07:51:43 test_scatter 2 19.90 3.93 63343
07:51:45 test_scatter 2 19.90 3.93 63343
07:51:47 test_scatter 2 19.90 3.93 63343
07:51:49 test_scatter 2 19.90 3.93 63343
07:51:51 test_scatter 2 19.90 3.93 63343
07:51:53 test_scatter 2 19.90 3.93 63343
07:51:55 test_scatter 2 19.90 3.93 63343
07:51:57 test_scatter 2 19.90 3.93 63343
07:51:59 test_scatter 2 19.90 3.94 63343
07:52:01 test_scatter 2 19.90 3.94 63343
07:52:03 test_scatter 2 19.90 3.94 63343
07:52:05 test_scatter 2 19.89 3.95 63343
07:52:07 test_scatter 2 19.89 3.95 63343
07:52:09 test_scatter 2 12.95 10.90 63343
07:52:11 test_scatter 2 12.95 10.90 63343
07:52:13 test_scatter 2 12.95 10.91 63343
07:52:15 test_scatter 2 12.95 10.90 63343
07:52:17 test_scatter 2 12.95 10.90 63343
07:52:19 test_scatter 2 12.95 10.90 63343
07:52:21 test_scatter 2 12.95 10.90 63343
07:52:23 test_scatter 2 12.95 10.91 63343
07:52:25 test_scatter 2 12.95 10.91 63343
07:52:27 test_scatter 2 12.95 10.91 63343
07:52:29 test_scatter 2 12.95 10.90 63343
07:52:31 test_scatter 2 13.00 10.86 63343
07:52:33 test_scatter 2 13.01 10.84 63343
07:52:35 test_scatter 2 13.11 10.75 63343
07:52:37 test_scatter 2 13.11 10.75 63343
07:52:39 test_scatter 2 13.35 10.50 63343
07:52:41 test_scatter 2 13.54 10.30 63343
07:52:43 test_scatter 2 13.99 9.86 63343
07:52:45 test_scatter 2 14.02 9.83 63343
07:52:47 test_scatter 2 14.27 9.57 63343
07:52:49 test_scatter 2 14.59 9.26 63343
07:52:51 test_scatter 2 14.62 9.23 63343
07:52:53 test_scatter 2 14.77 9.07 63343
07:52:55 test_scatter 2 14.93 8.91 63343
07:52:57 test_scatter 2 14.95 8.88 63343
07:52:59 test_scatter 2 15.20 8.63 63343
07:53:01 test_scatter 2 15.36 8.49 63343
07:53:03 test_scatter 2 15.50 8.35 63343
07:53:05 test_scatter 2 15.57 8.28 63343
07:53:07 test_scatter 2 15.69 8.16 63343
07:53:09 test_scatter 2 15.70 8.15 63343
07:53:11 test_scatter 2 15.71 8.13 63343
07:53:13 test_scatter 2 15.70 8.14 63343
07:53:15 test_scatter 2 15.70 8.14 63343
07:53:17 test_scatter 2 15.71 8.14 63343
07:53:19 test_scatter 2 15.72 8.13 63343
07:53:21 test_scatter 2 15.71 8.13 63343
07:53:23 test_scatter 2 15.71 8.13 63343
07:53:25 test_scatter 2 15.71 8.13 63343
07:53:27 test_scatter 2 15.73 8.11 63343
07:53:29 test_scatter 2 15.72 8.13 63343
07:53:31 test_scatter 2 15.72 8.13 63343
07:53:33 test_scatter 2 15.73 8.12 63343
07:53:35 test_scatter 2 15.72 8.12 63343
07:53:37 test_scatter 2 15.79 8.06 63343
07:53:39 test_scatter 2 15.84 8.01 63343
07:53:41 test_scatter 2 15.85 8.00 63343
07:53:43 test_scatter 2 15.95 7.89 63343
07:53:45 test_scatter 2 16.20 7.64 63343
07:53:47 test_scatter 2 16.21 7.63 63343
07:53:49 test_scatter 2 16.21 7.63 63343
07:53:51 test_scatter 2 16.21 7.62 63343
07:53:53 test_scatter 2 16.22 7.62 63343
07:53:55 test_scatter 2 16.22 7.61 63343
07:53:57 test_scatter 2 16.24 7.60 63343
07:53:59 test_scatter 2 16.24 7.60 63343
07:54:01 test_scatter 2 16.26 7.58 63343
07:54:03 test_scatter 2 16.25 7.59 63343
07:54:05 test_scatter 2 16.26 7.59 63343
07:54:07 test_scatter 2 16.28 7.57 63343
07:54:09 test_scatter 2 16.54 7.31 63343
07:54:11 test_scatter 2 16.66 7.18 63343
07:54:13 test_scatter 2 16.72 7.11 63343
07:54:15 test_scatter 2 16.73 7.10 63343
07:54:17 test_scatter 2 16.74 7.10 63343
07:54:19 test_scatter 2 16.74 7.10 63343
07:54:21 test_scatter 2 16.74 7.10 63343
07:54:23 test_scatter 2 16.75 7.10 63343
07:54:25 test_scatter 2 16.76 7.08 63343
07:54:27 test_scatter 2 16.78 7.06 63343
07:54:29 test_scatter 2 16.78 7.06 63343
07:54:31 test_scatter 2 16.96 6.88 63343
07:54:33 test_scatter 2 17.01 6.83 63343
07:54:35 test_scatter 2 17.02 6.82 63343
07:54:37 test_scatter 2 17.02 6.82 63343
07:54:39 test_scatter 2 17.03 6.81 63343
07:54:41 test_scatter 2 17.03 6.80 63343
07:54:43 test_scatter 2 17.03 6.80 63343
07:54:45 test_scatter 2 17.03 6.80 63343
07:54:47 test_scatter 2 17.03 6.80 63343
07:54:49 test_scatter 2 17.03 6.80 63343
07:54:51 test_scatter 2 17.37 6.45 63343
07:54:53 test_scatter 2 17.52 6.30 63343
07:54:55 test_scatter 2 17.54 6.28 63343
07:54:57 test_scatter 2 17.55 6.29 63343
07:54:59 test_scatter 2 17.56 6.28 63343
07:55:01 test_scatter 2 17.56 6.28 63343
07:55:03 test_scatter 2 17.56 6.29 63343
07:55:05 test_scatter 2 17.56 6.28 63343
07:55:07 test_scatter 2 17.56 6.28 63343
07:55:09 test_scatter 2 17.56 6.27 63343
07:55:11 test_scatter 2 17.56 6.27 63343
07:55:13 test_scatter 2 17.57 6.27 63343
07:55:15 test_scatter 2 17.57 6.27 63343
07:55:17 test_scatter 2 17.57 6.27 63343
07:55:19 test_scatter 2 17.57 6.26 63343
07:55:21 test_scatter 2 17.57 6.26 63343
07:55:23 test_scatter 2 17.57 6.26 63343
07:55:25 test_scatter 2 17.57 6.27 63343
07:55:27 test_scatter 2 17.57 6.27 63343
07:55:29 test_scatter 2 17.57 6.27 63343
07:55:31 test_scatter 2 17.57 6.27 63343
07:55:33 test_scatter 2 17.75 6.08 63343
07:55:35 test_scatter 2 17.76 6.08 63343
07:55:37 test_scatter 2 17.76 6.07 63343
07:55:39 test_scatter 2 17.78 6.06 63343
07:55:41 test_scatter 2 17.77 6.07 63343
07:55:44 test_scatter 2 17.93 5.90 63343
07:55:46 test_scatter 2 18.12 5.71 63343
07:55:48 test_scatter 2 18.13 5.69 63343
07:55:50 test_scatter 2 18.13 5.70 63343
07:55:52 test_scatter 2 18.13 5.70 63343
07:55:54 test_scatter 2 18.13 5.70 63343
07:55:56 test_scatter 2 18.14 5.67 63343
07:55:58 test_scatter 2 18.13 5.70 63343
07:56:00 test_scatter 2 18.13 5.70 63343
07:56:02 test_scatter 2 18.14 5.68 63343
07:56:04 test_scatter 2 18.13 5.68 63343
07:56:06 test_scatter 2 18.13 5.69 63343
07:56:08 test_scatter 2 18.13 5.69 63343
07:56:10 test_scatter 2 18.14 5.68 63343
07:56:12 test_scatter 2 18.13 5.69 63343
07:56:14 test_scatter 2 18.13 5.69 63343
07:56:16 test_scatter 2 18.13 5.68 63343
07:56:18 test_scatter 2 18.13 5.68 63343
07:56:20 test_scatter 2 18.13 5.68 63343
07:56:22 test_scatter 2 18.13 5.68 63343
07:56:24 test_scatter 2 18.13 5.68 63343
07:56:26 test_scatter 2 18.13 5.66 63343
07:56:28 test_scatter 2 18.13 5.66 63343
07:56:30 test_scatter 2 18.13 5.67 63343
07:56:32 test_scatter 2 18.13 5.67 63343
07:56:34 test_scatter 2 18.14 5.67 63343
07:56:36 test_scatter 2 18.14 5.66 63343
07:56:38 test_scatter 2 18.14 5.66 63343
07:56:40 test_scatter 2 18.14 5.66 63343
07:56:42 test_scatter 2 18.35 5.46 63343
07:56:44 test_scatter 2 18.36 5.44 63343
07:56:46 test_scatter 2 18.36 5.43 63343
07:56:48 test_scatter 2 18.36 5.43 63343
07:56:50 test_scatter 2 18.36 5.43 63343
07:56:52 test_scatter 2 18.36 5.43 63343
07:56:54 test_scatter 2 18.37 5.42 63343
07:56:56 test_scatter 2 18.36 5.42 63343
07:56:58 test_scatter 2 18.37 5.42 63343
07:57:00 test_scatter 2 18.36 5.43 63343
07:57:02 test_scatter 2 18.36 5.43 63343
07:57:04 test_scatter 2 18.37 5.43 63343
07:57:06 test_scatter 2 18.37 5.43 63343
07:57:08 test_scatter 2 18.37 5.43 63343
07:57:10 test_scatter 2 18.37 5.43 63343
07:57:12 test_scatter 2 18.37 5.42 63343
07:57:14 test_scatter 2 18.37 5.43 63343
07:57:16 test_scatter 2 18.37 5.43 63343
07:57:18 test_scatter 2 18.37 5.43 63343
07:57:20 test_scatter 2 18.37 5.42 63343
07:57:22 test_scatter 2 18.56 5.23 63343
07:57:24 test_scatter 2 18.70 5.09 63343
07:57:26 test_scatter 2 18.71 5.07 63343
07:57:28 test_scatter 2 18.72 5.06 63343
07:57:30 test_scatter 2 18.70 5.08 63343
07:57:32 test_scatter 2 18.70 5.08 63343
07:57:34 test_scatter 2 18.70 5.08 63343
07:57:36 test_scatter 2 18.70 5.08 63343
07:57:38 test_scatter 2 18.70 5.07 63343
07:57:40 test_scatter 2 18.70 5.07 63343
07:57:42 test_scatter 2 18.70 5.07 63343
07:57:44 test_scatter 2 18.70 5.07 63343
07:57:46 test_scatter 2 18.70 5.07 63343
07:57:48 test_scatter 2 18.70 5.06 63343
07:57:50 test_scatter 2 18.70 5.06 63343
07:57:52 test_scatter 2 18.70 5.06 63343
07:57:54 test_scatter 2 18.70 5.06 63343
07:57:56 test_scatter 2 18.70 5.06 63343
07:57:58 test_scatter 2 18.70 5.06 63343
07:58:00 test_scatter 2 18.71 5.06 63343
07:58:02 test_scatter 2 18.71 5.06 63343
07:58:04 test_scatter 2 18.71 5.05 63343
07:58:06 test_scatter 2 18.72 5.04 63343
07:58:08 test_scatter 2 18.71 5.05 63343
07:58:10 test_scatter 2 18.71 5.05 63343
07:58:12 test_scatter 2 18.71 5.04 63343
07:58:14 test_scatter 2 18.72 5.04 63343
07:58:16 test_scatter 2 18.71 5.05 63343
07:58:18 test_scatter 2 18.71 5.04 63343
07:58:20 test_scatter 2 18.69 5.05 63343
07:58:22 test_scatter 2 18.69 5.05 63343
07:58:24 test_scatter 2 12.95 10.81 63459
07:58:26 test_scatter 2 12.95 10.81 63459
07:58:28 test_scatter 2 12.95 10.79 63459
07:58:30 test_scatter 2 12.95 10.79 63459
07:58:32 test_scatter 2 12.95 10.79 63459
07:58:34 test_scatter 2 12.95 10.81 63459
07:58:36 test_scatter 2 12.95 10.81 63459
07:58:38 test_scatter 2 12.97 10.78 63459
07:58:40 test_scatter 2 12.98 10.77 63459
07:58:42 test_scatter 2 12.98 10.76 63459
07:58:44 test_scatter 2 13.04 10.71 63459
07:58:46 test_scatter 2 13.06 10.69 63459
07:58:48 test_scatter 2 13.14 10.60 63459
07:58:50 test_scatter 2 13.32 10.42 63459
07:58:52 test_scatter 2 13.42 10.33 63459
07:58:54 test_scatter 2 13.56 10.18 63459
07:58:56 test_scatter 2 13.56 10.18 63459
07:58:58 test_scatter 2 13.57 10.17 63459
07:59:00 test_scatter 2 13.87 9.87 63459
07:59:02 test_scatter 2 14.02 9.73 63459
07:59:04 test_scatter 2 14.28 9.47 63459
07:59:06 test_scatter 2 14.45 9.30 63459
07:59:08 test_scatter 2 14.45 9.30 63459
07:59:10 test_scatter 2 14.58 9.16 63459
07:59:12 test_scatter 2 14.93 8.81 63459
07:59:14 test_scatter 2 15.09 8.65 63459
07:59:16 test_scatter 2 15.24 8.49 63459
07:59:18 test_scatter 2 15.39 8.34 63459
07:59:20 test_scatter 2 15.68 8.05 63459
07:59:22 test_scatter 2 15.78 7.95 63459
07:59:24 test_scatter 2 15.95 7.77 63459
07:59:26 test_scatter 2 16.27 7.45 63459
07:59:28 test_scatter 2 16.28 7.44 63459
07:59:30 test_scatter 2 16.64 7.08 63459
07:59:32 test_scatter 2 16.79 6.94 63459
07:59:34 test_scatter 2 16.93 6.80 63459
07:59:36 test_scatter 2 17.11 6.62 63459
07:59:38 test_scatter 2 17.21 6.52 63459
07:59:40 test_scatter 2 17.22 6.50 63459
07:59:42 test_scatter 2 17.22 6.50 63459
07:59:44 test_scatter 2 17.34 6.38 63459
07:59:46 test_scatter 2 17.50 6.22 63459
07:59:48 test_scatter 2 17.54 6.18 63459
07:59:50 test_scatter 2 17.69 6.04 63459
07:59:52 test_scatter 2 17.69 6.03 63459
07:59:54 test_scatter 2 17.71 6.02 63459
07:59:56 test_scatter 2 17.72 6.00 63459
07:59:58 test_scatter 2 17.72 6.00 63459
08:00:00 test_scatter 2 17.72 6.01 63459
08:00:02 test_scatter 2 17.72 6.01 63459
08:00:04 test_scatter 2 17.72 6.01 63459
08:00:06 test_scatter 2 17.72 6.01 63459
08:00:08 test_scatter 2 17.72 6.01 63459
08:00:10 test_scatter 2 17.72 6.01 63459
08:00:12 test_scatter 2 17.72 6.01 63459
08:00:14 test_scatter 2 17.73 6.00 63459
08:00:16 test_scatter 2 17.73 6.00 63459
08:00:18 test_scatter 2 17.73 6.00 63459
08:00:20 test_scatter 2 17.86 5.86 63459
08:00:22 test_scatter 2 17.95 5.76 63459
08:00:24 test_scatter 2 17.95 5.76 63459
08:00:26 test_scatter 2 17.96 5.75 63459
08:00:28 test_scatter 2 17.99 5.73 63459
08:00:30 test_scatter 2 18.06 5.66 63459
08:00:32 test_scatter 2 18.04 5.69 63459
08:00:34 test_scatter 2 18.04 5.69 63459
08:00:36 test_scatter 1 12.67 11.01 63764
08:00:38 test_scatter 1 12.67 11.01 63764
08:00:40 test_scatter 1 12.67 11.01 63764
08:00:42 test_scatter 1 12.66 11.01 63764
08:00:44 test_scatter 1 0.00 14.99 63764
08:00:46 test_scatter 1 0.27 23.41 63765
08:00:48 test_scatter 1 0.30 23.40 63765
08:00:50 test_combat_board 1 0.30 23.39 63789
08:00:52 test_combat_board 1 0.30 23.39 63789
08:00:54 test_combat_board 1 0.30 23.39 63789
08:00:56 test_combat_board 1 0.30 23.39 63789
08:00:58 test_combat_board 1 0.30 23.39 63789
08:01:00 test_combat_board 1 0.30 23.40 63789
08:01:02 test_combat_board 1 0.30 23.39 63789
08:01:04 test_combat_board 1 0.30 23.39 63789
08:01:06 test_combat_board 1 0.30 23.40 63789
08:01:08 test_combat_board 1 0.30 23.39 63789
08:01:10 test_combat_board 1 0.35 23.34 63789
08:01:12 test_combat_board 1 0.44 23.26 63789
08:01:14 test_combat_board 1 0.51 23.19 63789
08:01:16 test_combat_board 1 0.71 22.99 63789
08:01:18 test_combat_board 1 0.71 22.99 63789
08:01:20 test_combat_board 1 0.85 22.85 63789
08:01:22 test_combat_board 1 0.86 22.84 63789
08:01:24 test_combat_board 1 0.96 22.74 63789
08:01:26 test_combat_board 1 1.32 22.38 63789
08:01:28 test_combat_board 1 1.55 22.15 63789
08:01:30 test_combat_board 1 1.74 21.97 63789
08:01:32 test_combat_board 1 1.74 21.96 63789
08:01:34 test_combat_board 1 1.74 21.96 63789
08:01:36 test_combat_board 1 2.15 21.56 63789
08:01:38 test_combat_board 1 2.35 21.35 63789
08:01:40 test_combat_board 1 2.54 21.17 63789
08:01:42 test_combat_board 1 2.66 21.05 63789
08:01:44 test_combat_board 1 2.94 20.76 63789
08:01:46 test_combat_board 1 3.08 20.62 63789
08:01:48 test_combat_board 1 3.22 20.48 63789
08:01:50 test_combat_board 1 3.57 20.13 63789
08:01:52 test_combat_board 1 3.58 20.11 63789
08:01:54 test_combat_board 1 3.85 19.84 63789
08:01:56 test_combat_board 1 4.07 19.62 63789
08:01:58 test_combat_board 1 4.23 19.46 63789
08:02:00 test_combat_board 1 4.39 19.29 63789
08:02:02 test_combat_board 1 4.50 19.19 63789
08:02:04 test_combat_board 1 4.52 19.17 63789
08:02:06 test_combat_board 1 4.52 19.17 63789
08:02:08 test_combat_board 1 4.59 19.10 63789
08:02:10 test_combat_board 1 4.80 18.89 63789
08:02:12 test_combat_board 1 4.84 18.85 63789
08:02:14 test_combat_board 1 4.96 18.73 63789
08:02:16 test_combat_board 1 4.98 18.70 63789
08:02:18 test_combat_board 1 5.00 18.69 63789
08:02:20 test_combat_board 1 5.01 18.67 63789
08:02:22 test_combat_board 1 5.01 18.67 63789
08:02:24 test_combat_board 1 5.01 18.67 63789
08:02:26 test_combat_board 1 5.01 18.67 63789
08:02:28 test_combat_board 1 5.02 18.68 63789
08:02:30 test_combat_board 1 5.02 18.68 63789
08:02:32 test_combat_board 1 5.02 18.67 63789
08:02:34 test_combat_board 1 5.02 18.67 63789
08:02:36 test_combat_board 1 5.02 18.67 63789
08:02:38 test_combat_board 1 5.02 18.67 63789
08:02:40 test_combat_board 1 5.02 18.66 63789
08:02:42 test_combat_board 1 5.02 18.66 63789
08:02:44 test_combat_board 1 5.02 18.66 63904
08:02:46 test_combat_board 1 5.24 18.45 63904
08:02:48 test_combat_board 1 5.24 18.45 63904
08:02:50 test_combat_board 1 5.26 18.43 63904
08:02:52 test_combat_board 1 5.28 18.41 63904
08:02:54 test_combat_board 1 5.36 18.33 63904
08:02:56 test_combat_board 1 5.33 18.35 63904
08:02:58 test_combat_board 1 5.37 18.32 63904
08:03:00 test_combat_board 1 5.54 18.15 63904
08:03:02 test_combat_board 1 5.55 18.14 63904
08:03:04 test_combat_board 1 5.56 18.13 63904
08:03:07 test_combat_board 1 5.56 18.13 63904
08:03:09 test_combat_board 1 5.56 18.13 63904
08:03:11 test_combat_board 1 5.56 18.13 63904
08:03:13 test_combat_board 1 5.57 18.12 63904
08:03:15 test_combat_board 1 5.57 18.12 63904
08:03:17 test_combat_board 1 5.57 18.12 63904
08:03:19 test_combat_board 1 5.57 18.11 63904
08:03:21 test_combat_board 1 5.57 18.11 63904
08:03:23 test_combat_board 1 5.57 18.11 64019
08:03:25 test_combat_board 1 5.57 18.10 64019
08:03:27 test_combat_board 1 5.57 18.11 64019
08:03:29 test_combat_board 1 5.58 18.11 64019
08:03:31 test_combat_board 1 5.58 18.11 64019
08:03:33 test_combat_board 1 5.59 18.10 64019
08:03:35 test_combat_board 1 5.61 18.08 64019
08:03:37 test_combat_board 1 5.61 18.08 64019
08:03:39 test_combat_board 1 5.61 18.08 64019
08:03:41 test_combat_board 1 5.61 18.08 64019
08:03:43 test_combat_board 1 5.61 18.07 64019
08:03:45 test_combat_board 1 5.61 18.07 64019
08:03:47 test_combat_board 1 5.61 18.07 64019
08:03:49 test_combat_board 1 5.61 18.07 64019
08:03:51 test_combat_board 1 5.61 18.08 64019
08:03:53 test_combat_board 1 5.61 18.08 64019
08:03:55 test_combat_board 1 5.86 17.83 64019
08:03:57 test_combat_board 1 5.89 17.81 64019
08:03:59 test_combat_board 1 5.90 17.79 64019
08:04:01 test_combat_board 1 5.91 17.78 64019
08:04:03 test_combat_board 1 5.91 17.78 64019
08:04:05 test_combat_board 1 5.91 17.78 64019
08:04:07 test_combat_board 1 5.91 17.78 64019
08:04:09 test_combat_board 1 5.92 17.77 64019
08:04:11 test_combat_board 1 5.91 17.78 64019
08:04:13 test_combat_board 1 5.91 17.78 64019
08:04:15 test_combat_board 1 5.91 17.77 64019
08:04:17 test_combat_board 1 5.91 17.78 64019
08:04:19 test_combat_board 1 6.03 17.65 64019
08:04:21 test_combat_board 1 6.15 17.54 64019
08:04:23 test_combat_board 1 6.16 17.53 64019
08:04:25 test_combat_board 1 6.17 17.52 64019
08:04:27 test_combat_board 1 6.17 17.52 64019
08:04:29 test_combat_board 1 6.45 17.24 64019
08:04:31 test_combat_board 1 6.47 17.22 64019
08:04:33 test_combat_board 1 6.48 17.21 64019
08:04:35 test_combat_board 1 6.48 17.20 64019
08:04:37 test_combat_board 1 6.48 17.20 64019
08:04:39 test_combat_board 1 6.48 17.20 64019
08:04:41 test_combat_board 1 6.48 17.20 64019
08:04:43 test_combat_board 1 6.48 17.20 64019
08:04:45 test_combat_board 1 6.48 17.20 64019
08:04:47 test_combat_board 1 6.48 17.20 64019
08:04:49 test_combat_board 1 6.48 17.20 64019
08:04:51 test_combat_board 1 6.48 17.21 64019
08:04:53 test_combat_board 1 6.48 17.21 64019
08:04:55 test_combat_board 1 6.48 17.21 64019
08:04:57 test_combat_board 1 6.53 17.16 64019
08:04:59 test_combat_board 1 6.55 17.14 64019
08:05:01 test_combat_board 1 6.55 17.14 64019
08:05:03 test_combat_board 1 6.61 17.08 64019
08:05:05 test_combat_board 1 6.81 16.88 64019
08:05:07 test_combat_board 1 6.83 16.86 64019
08:05:09 test_combat_board 1 7.11 16.58 64019
08:05:11 test_combat_board 1 7.18 16.51 64019
08:05:13 test_combat_board 1 7.25 16.43 64019
08:05:15 test_combat_board 1 7.25 16.43 64019
08:05:17 test_combat_board 1 7.28 16.40 64019
08:05:19 test_combat_board 1 7.28 16.39 64019
08:05:21 test_combat_board 1 7.30 16.39 64019
08:05:23 test_combat_board 1 7.30 16.39 64019
08:05:25 test_combat_board 1 7.30 16.39 64019
08:05:27 test_combat_board 1 7.30 16.39 64019
08:05:29 test_combat_board 1 7.30 16.39 64019
08:05:31 test_combat_board 1 7.30 16.39 64019
08:05:33 test_combat_board 1 7.30 16.39 64019
08:05:35 test_combat_board 1 7.30 16.39 64019
08:05:37 test_combat_board 1 7.30 16.39 64019
08:05:39 test_combat_board 1 7.30 16.39 64019
08:05:41 test_combat_board 1 7.30 16.39 64019
08:05:43 test_combat_board 1 7.30 16.38 64019
08:05:45 test_combat_board 1 7.30 16.38 64019
08:05:47 test_combat_board 1 7.30 16.38 64019
08:05:49 test_combat_board 1 7.30 16.38 64019
08:05:51 test_combat_board 1 7.30 16.38 64019
08:05:53 test_combat_board 1 7.30 16.38 64019
08:05:55 test_combat_board 1 7.30 16.38 64019
08:05:57 test_combat_board 1 7.30 16.37 64019
08:05:59 test_combat_board 1 7.30 16.37 64019
08:06:01 test_combat_board 1 7.30 16.37 64019
08:06:03 test_combat_board 1 7.30 16.39 64019
08:06:05 test_combat_board 1 7.30 16.38 64019
08:06:07 test_combat_board 1 7.30 16.39 64019
08:06:09 test_combat_board 1 7.30 16.39 64019
08:06:11 test_combat_board 1 7.30 16.39 64019
08:06:13 test_combat_board 1 7.30 16.39 64019
08:06:15 test_combat_board 1 7.30 16.39 64019
08:06:17 test_combat_board 1 7.30 16.39 64019
08:06:19 test_combat_board 1 7.30 16.39 64019
08:06:21 test_combat_board 1 7.30 16.39 64019
08:06:23 test_combat_board 1 7.30 16.39 64019
08:06:25 test_combat_board 1 7.30 16.39 64019
08:06:27 test_combat_board 1 7.30 16.39 64019
08:06:29 test_combat_board 1 7.30 16.40 64019
08:06:31 test_combat_board 1 7.30 16.40 64019
08:06:33 test_combat_board 1 7.30 16.39 64019
08:06:35 test_combat_board 1 7.30 16.39 64019
08:06:37 test_combat_board 1 7.30 16.39 64019
08:06:39 test_combat_board 1 7.30 16.39 64019
08:06:41 test_combat_board 1 7.30 16.39 64019
08:06:43 test_combat_board 1 7.30 16.39 64019
08:06:45 test_combat_board 1 7.30 16.39 64019
08:06:47 test_combat_board 1 7.31 16.38 64019
08:06:49 test_combat_board 1 7.31 16.38 64019
08:06:51 test_combat_board 1 7.31 16.38 64019
08:06:53 test_combat_board 1 7.31 16.38 64019
08:06:55 test_combat_board 1 7.31 16.37 64019
08:06:57 test_combat_board 1 7.31 16.37 64019
08:06:59 test_combat_board 1 7.45 16.23 64019
08:07:01 test_combat_board 1 7.65 16.03 64019
08:07:03 test_combat_board 1 7.80 15.88 64019
08:07:05 test_combat_board 1 7.81 15.87 64019
08:07:07 test_combat_board 1 7.82 15.85 64019
08:07:09 test_combat_board 1 7.83 15.84 64019
08:07:11 test_combat_board 1 7.83 15.86 64019
08:07:13 test_combat_board 1 7.83 15.86 64019
08:07:15 test_combat_board 1 7.83 15.86 64019
08:07:17 test_combat_board 1 7.83 15.86 64019
08:07:19 test_combat_board 1 7.83 15.86 64019
08:07:21 test_combat_board 1 7.85 15.83 64019
08:07:23 test_combat_board 1 7.87 15.83 64019
08:07:25 test_combat_board 1 7.88 15.82 64019
08:07:27 test_combat_board 1 7.88 15.82 64019
08:07:29 test_combat_board 1 7.88 15.81 64019
08:07:31 test_combat_board 1 7.89 15.80 64019
08:07:33 test_combat_board 1 7.89 15.80 64019
08:07:35 test_combat_board 1 7.89 15.80 64019
08:07:37 test_combat_board 1 7.89 15.81 64019
08:07:39 test_combat_board 1 7.89 15.81 64133
08:07:41 test_combat_board 1 7.89 15.81 64133
08:07:43 test_combat_board 1 7.89 15.81 64133
08:07:45 test_combat_board 1 7.89 15.81 64133
08:07:47 test_combat_board 1 7.89 15.81 64133
08:07:49 test_combat_board 1 7.89 15.81 64133
08:07:51 test_combat_board 1 7.89 15.81 64133
08:07:53 test_combat_board 1 7.89 15.81 64133
08:07:55 test_combat_board 1 7.89 15.81 64133
08:07:57 test_combat_board 1 7.89 15.80 64133
08:07:59 test_combat_board 1 7.89 15.80 64133
08:08:01 test_combat_board 1 7.92 15.77 64133
08:08:03 test_combat_board 1 7.97 15.72 64133
08:08:05 test_combat_board 1 7.95 15.73 64133
08:08:07 test_combat_board 1 7.95 15.73 64133
08:08:09 test_combat_board 1 7.95 15.73 64133
08:08:11 test_combat_board 1 7.95 15.72 64133
08:08:13 test_combat_board 1 7.95 15.72 64133
08:08:15 test_combat_board 1 7.95 15.72 64133
08:08:17 test_combat_board 1 7.89 15.80 64133
08:08:19 test_combat_board 1 7.89 15.80 64133
08:08:21 test_combat_board 1 7.89 15.80 64133
08:08:23 test_combat_board 1 7.89 15.80 64133
08:08:25 test_combat_board 1 7.89 15.80 64241
08:08:27 test_combat_board 1 7.89 15.80 64241
08:08:29 test_combat_board 1 7.89 15.80 64241
08:08:31 test_combat_board 1 7.89 15.80 64241
08:08:33 test_combat_board 1 7.89 15.80 64241
08:08:35 test_combat_board 1 7.89 15.80 64241
08:08:37 test_combat_board 1 7.89 15.80 64241
08:08:39 test_combat_board 1 7.89 15.80 64241
08:08:41 test_combat_board 1 7.89 15.79 64241
08:08:43 test_combat_board 1 7.89 15.79 64241
08:08:45 test_combat_board 1 7.89 15.79 64241
08:08:47 test_combat_board 1 7.89 15.80 64241
08:08:49 test_combat_board 1 7.93 15.76 64241
08:08:51 test_combat_board 1 8.00 15.68 64241
08:08:53 test_combat_board 1 8.09 15.60 64241
08:08:55 test_combat_board 1 8.09 15.59 64241
08:08:57 test_combat_board 1 8.28 15.41 64241
08:08:59 test_combat_board 1 8.34 15.35 64241
08:09:01 test_combat_board 1 8.37 15.32 64241
08:09:03 test_combat_board 1 8.44 15.25 64241
08:09:05 test_combat_board 1 8.57 15.11 64241
08:09:07 test_combat_board 1 8.57 15.11 64241
08:09:09 test_combat_board 1 8.86 14.82 64241
08:09:11 test_combat_board 1 8.95 14.73 64241
08:09:13 test_combat_board 1 9.16 14.51 64241
08:09:15 test_combat_board 1 9.32 14.35 64241
08:09:17 test_combat_board 1 9.44 14.25 64241
08:09:19 test_combat_board 1 9.44 14.25 64241
08:09:21 test_combat_board 1 9.68 14.01 64241
08:09:23 test_combat_board 1 9.73 13.97 64241
08:09:25 test_combat_board 1 9.96 13.75 64241
08:09:27 test_combat_board 1 10.21 14.65 64241
08:09:29 test_combat_board 1 10.52 14.34 64241
08:09:31 test_combat_board 1 10.65 14.21 64241
08:09:33 test_combat_board 1 10.65 14.21 64241
08:09:35 test_combat_board 1 10.66 14.20 64241
08:09:37 test_combat_board 1 10.66 14.20 64241
08:09:39 test_combat_board 1 10.66 14.20 64241
08:09:41 test_combat_board 1 10.66 14.20 64241
08:09:43 test_combat_board 1 10.66 14.20 64241
08:09:45 test_combat_board 1 10.66 14.19 64241
08:09:47 test_combat_board 1 10.95 13.91 64241
08:09:49 test_combat_board 1 10.96 13.90 64241
08:09:51 test_combat_board 1 10.96 13.90 64241
08:09:53 test_combat_board 1 10.96 13.90 64241
08:09:55 test_combat_board 1 10.96 13.90 64241
08:09:57 test_combat_board 1 10.96 13.89 64241
08:09:59 test_combat_board 1 11.14 13.72 64241
08:10:01 test_combat_board 1 11.40 13.46 64241
08:10:03 test_combat_board 1 11.40 13.45 64241
08:10:05 test_combat_board 1 11.40 13.45 64241
08:10:07 test_combat_board 1 11.40 13.45 64241
08:10:09 test_combat_board 1 11.40 13.45 64241
08:10:11 test_combat_board 1 11.40 13.45 64241
08:10:13 test_combat_board 1 11.66 13.19 64241
08:10:15 test_combat_board 1 11.68 13.18 64241
08:10:17 test_combat_board 1 11.69 13.17 64241
08:10:19 test_combat_board 1 11.71 13.15 64241
08:10:21 test_combat_board 1 11.81 13.05 64241
08:10:23 test_combat_board 1 11.82 13.04 64241
08:10:25 test_combat_board 1 11.82 13.04 64241
08:10:27 test_combat_board 1 11.82 13.03 64241
08:10:29 test_combat_board 1 11.82 13.04 64344
08:10:31 test_combat_board 1 11.82 13.04 64344
08:10:33 test_combat_board 1 11.82 13.04 64344
08:10:35 test_combat_board 1 11.82 13.04 64344
08:10:37 test_combat_board 1 11.83 13.04 64344
08:10:39 test_combat_board 1 11.83 13.04 64344
08:10:41 test_combat_board 1 11.83 13.04 64344
08:10:43 test_combat_board 1 11.83 13.04 64344
08:10:45 test_combat_board 1 11.83 13.04 64344
08:10:47 test_combat_board 1 11.83 13.04 64344
08:10:49 test_combat_board 1 11.83 13.03 64344
08:10:51 test_combat_board 1 11.83 13.03 64344
08:10:53 test_combat_board 1 11.81 13.04 64577
08:10:55 test_combat_board 1 11.81 13.04 64577
08:10:57 test_combat_board 1 0.27 24.61 64578
08:10:59 test_combat_pieces 1 0.30 24.58 64603
08:11:01 test_combat_pieces 1 0.30 24.58 64603
08:11:03 test_combat_pieces 1 0.30 24.57 64603
08:11:05 test_combat_pieces 1 0.30 24.57 64603
08:11:07 test_combat_pieces 1 0.30 24.57 64603
08:11:09 test_combat_pieces 1 0.30 24.57 64603
08:11:11 test_combat_pieces 1 0.30 24.57 64603
08:11:13 test_combat_pieces 1 0.35 24.52 64603
08:11:15 test_combat_pieces 1 0.45 24.42 64603
08:11:17 test_combat_pieces 1 0.71 24.16 64603
08:11:19 test_combat_pieces 1 0.86 24.02 64603
08:11:21 test_combat_pieces 1 0.86 24.01 64603
08:11:23 test_combat_pieces 1 1.30 23.57 64603
08:11:25 test_combat_pieces 1 1.58 23.29 64603
08:11:27 test_combat_pieces 1 1.74 23.13 64603
08:11:29 test_combat_pieces 1 1.78 23.06 64603
08:11:31 test_combat_pieces 1 2.35 22.53 64603
08:11:33 test_combat_pieces 1 2.54 22.34 64603
08:11:36 test_combat_pieces 1 2.84 22.01 64603
08:11:38 test_combat_pieces 1 3.08 21.77 64603
08:11:40 test_combat_pieces 1 3.49 21.36 64603
08:11:42 test_combat_pieces 1 3.64 21.21 64603
08:11:44 test_combat_pieces 1 4.04 20.81 64603
08:11:46 test_combat_pieces 1 4.23 20.62 64603
08:11:48 test_combat_pieces 1 4.50 20.35 64603
08:11:50 test_combat_pieces 1 4.52 20.32 64603
08:11:52 test_combat_pieces 1 4.64 20.21 64603
08:11:54 test_combat_pieces 1 4.84 20.01 64603
08:11:56 test_combat_pieces 1 4.98 19.86 64603
08:11:58 test_combat_pieces 1 5.00 19.81 64603
08:12:00 test_combat_pieces 1 5.01 19.83 64603
08:12:02 test_combat_pieces 1 5.01 19.79 64603
08:12:04 test_combat_pieces 1 5.02 19.79 64603
08:12:06 test_combat_pieces 1 5.02 19.79 64603
08:12:08 test_combat_pieces 1 5.02 19.79 64603
08:12:10 test_combat_pieces 1 5.02 19.79 64603
08:12:12 test_combat_pieces 1 5.02 19.79 64603
08:12:14 test_combat_pieces 1 5.02 19.78 64603
08:12:16 test_combat_pieces 1 5.00 19.80 64745
08:12:18 test_combat_pieces 1 0.27 24.54 64746
08:12:20 test_combat_resolution 0 0.00 24.76 64821
08:12:22 test_combat_resolution 1 0.27 24.55 64822
08:12:24 test_combat_snap 1 0.30 24.51 64845
08:12:26 test_combat_snap 1 0.30 24.51 64845
08:12:28 test_combat_snap 1 0.30 24.53 64845
08:12:30 test_combat_snap 1 0.30 24.53 64845
08:12:32 test_combat_snap 1 0.30 24.53 64845
08:12:34 test_combat_snap 1 0.30 24.53 64845
08:12:36 test_combat_snap 1 0.30 24.53 64845
08:12:38 test_combat_snap 1 0.36 24.48 64845
08:12:40 test_combat_snap 1 0.51 24.32 64845
08:12:42 test_combat_snap 1 0.71 24.12 64845
08:12:44 test_combat_snap 1 0.86 23.98 64845
08:12:46 test_combat_snap 1 0.93 23.91 64845
08:12:48 test_combat_snap 1 1.32 23.52 64845
08:12:50 test_combat_snap 1 1.74 23.10 64845
08:12:52 test_combat_snap 1 1.74 23.09 64845
08:12:54 test_combat_snap 1 2.14 22.69 64845
08:12:56 test_combat_snap 1 2.45 22.38 64845
08:12:58 test_combat_snap 1 2.69 22.14 64845
08:13:00 test_combat_snap 1 3.08 21.75 64845
08:13:02 test_combat_snap 1 3.25 21.58 64845
08:13:04 test_combat_snap 1 3.58 21.25 64845
08:13:06 test_combat_snap 1 3.98 20.85 64845
08:13:08 test_combat_snap 1 4.23 20.60 64845
08:13:10 test_combat_snap 1 4.50 20.33 64845
08:13:12 test_combat_snap 1 4.52 20.31 64845
08:13:14 test_combat_snap 1 4.52 20.30 64845
08:13:16 test_combat_snap 1 4.80 20.02 64845
08:13:18 test_combat_snap 1 4.86 19.96 64845
08:13:20 test_combat_snap 1 4.99 19.83 64845
08:13:22 test_combat_snap 1 5.01 19.81 64845
08:13:24 test_combat_snap 1 5.01 19.81 64845
08:13:26 test_combat_snap 1 5.01 19.81 64845
08:13:28 test_combat_snap 1 5.02 19.80 64845
08:13:30 test_combat_snap 1 5.02 19.80 64845
08:13:32 test_combat_snap 1 5.02 19.80 64845
08:13:34 test_combat_snap 1 5.02 19.78 64845
08:13:36 test_combat_snap 1 5.02 19.79 64845
08:13:38 test_combat_snap 1 5.04 19.77 64845
08:13:40 test_combat_snap 1 5.25 19.55 64845
08:13:42 test_combat_snap 1 5.26 19.54 64845
08:13:44 test_combat_snap 1 5.36 19.45 64845
08:13:46 test_combat_snap 1 5.34 19.46 64935
08:13:48 test_combat_snap 1 5.63 19.17 64935
08:13:50 test_combat_snap 1 5.66 19.14 64935
08:13:52 test_combat_snap 1 5.68 19.12 64935
08:13:54 test_combat_snap 1 5.68 19.12 64935
08:13:56 test_combat_snap 1 5.68 19.12 64935
08:13:58 test_combat_snap 1 5.83 18.97 64935
08:14:00 test_combat_snap 1 5.87 18.92 64935
08:14:02 test_combat_snap 1 5.87 18.92 64935
08:14:04 test_combat_snap 1 5.87 18.93 64935
08:14:06 test_combat_snap 1 5.87 18.70 64935
08:14:08 test_combat_snap 1 5.87 18.55 64935
08:14:10 test_combat_snap 1 5.87 18.93 64935
08:14:12 test_combat_snap 1 5.87 18.93 64935
08:14:14 test_combat_snap 1 5.87 18.93 64935
08:14:16 test_combat_snap 1 5.89 18.92 64935
08:14:18 test_combat_snap 1 5.91 18.89 64935
08:14:20 test_combat_snap 1 5.92 18.89 64935
08:14:22 test_combat_snap 1 5.92 18.89 64935
08:14:24 test_combat_snap 1 5.92 18.89 64935
08:14:26 test_combat_snap 1 5.92 18.89 64935
08:14:28 test_combat_snap 1 5.92 18.69 64935
08:14:30 test_combat_snap 1 5.92 18.15 64935
08:14:32 test_combat_snap 1 5.92 18.12 64935
08:14:34 test_combat_snap 1 5.92 18.88 64935
08:14:36 test_combat_snap 1 5.92 18.85 64935
08:14:38 test_combat_snap 1 5.92 18.88 64935
08:14:40 test_combat_snap 1 5.92 18.86 65014
08:14:42 test_combat_snap 1 5.92 18.86 65014
08:14:44 test_combat_snap 1 5.92 18.86 65014
08:14:46 test_combat_snap 1 5.92 18.86 65014
08:14:48 test_combat_snap 1 5.92 18.90 65014
08:14:50 test_combat_snap 1 5.92 18.89 65014
08:14:52 test_combat_snap 1 5.92 18.89 65014
08:14:54 test_combat_snap 1 5.92 18.88 65014
08:14:56 test_combat_snap 1 5.92 18.87 65014
08:14:58 test_combat_snap 1 5.92 18.89 65014
08:15:00 test_combat_snap 1 5.92 18.89 65014
08:15:02 test_combat_snap 1 6.00 18.80 65014
08:15:04 test_combat_snap 1 5.92 18.89 65014
08:15:06 test_combat_snap 1 5.92 18.89 65014
08:15:08 test_combat_snap 1 5.92 18.89 65014
08:15:10 test_combat_snap 1 5.92 18.89 65014
08:15:12 test_combat_snap 1 5.92 18.89 65014
08:15:14 test_combat_snap 1 5.92 18.89 65122
08:15:16 test_combat_snap 1 5.92 18.89 65122
08:15:18 test_combat_snap 1 5.92 18.88 65122
08:15:20 test_combat_snap 1 5.92 18.88 65122
08:15:22 test_combat_snap 1 5.92 18.88 65122
08:15:24 test_combat_snap 1 5.92 18.88 65122
08:15:26 test_combat_snap 1 5.92 18.88 65122
08:15:28 test_combat_snap 1 5.92 18.88 65122
08:15:30 test_combat_snap 1 5.92 18.88 65122
08:15:32 test_combat_snap 1 5.92 18.88 65122
08:15:34 test_combat_snap 1 5.92 18.90 65122
08:15:36 test_combat_snap 1 5.92 18.89 65122
08:15:38 test_combat_snap 1 5.92 18.90 65122
08:15:40 test_combat_snap 1 5.92 18.89 65122
08:15:42 test_combat_snap 1 5.92 18.89 65122
08:15:44 test_combat_snap 1 5.92 18.89 65122
08:15:46 test_combat_snap 1 5.92 18.89 65122
08:15:48 test_combat_snap 1 5.92 18.89 65122
08:15:50 test_combat_snap 1 5.92 18.89 65122
08:15:52 test_combat_snap 1 5.92 18.89 65122
08:15:54 test_combat_snap 1 5.92 18.89 65122
08:15:56 test_combat_snap 1 5.92 18.89 65122
08:15:58 test_combat_snap 1 5.92 18.89 65122
08:16:00 test_combat_snap 1 5.92 18.89 65122
08:16:02 test_combat_snap 1 5.92 18.89 65122
08:16:04 test_combat_snap 1 6.04 18.76 65216
08:16:06 test_combat_snap 1 6.07 18.72 65216
08:16:08 test_combat_snap 1 6.06 18.75 65216
08:16:10 test_combat_snap 1 6.07 18.73 65216
08:16:12 test_combat_snap 1 6.08 18.72 65216
08:16:14 test_combat_snap 1 6.07 18.73 65216
08:16:16 test_combat_snap 1 6.07 18.73 65216
08:16:18 test_combat_snap 1 6.07 18.73 65216
08:16:20 test_combat_snap 1 6.21 18.59 65216
08:16:22 test_combat_snap 1 6.41 18.39 65216
08:16:24 test_combat_snap 1 6.75 18.06 65216
08:16:26 test_combat_snap 1 6.91 17.89 65216
08:16:28 test_combat_snap 1 6.92 17.88 65216
08:16:30 test_combat_snap 1 6.94 17.86 65216
08:16:32 test_combat_snap 1 6.93 17.87 65216
08:16:34 test_combat_snap 1 6.93 17.87 65322
08:16:36 test_combat_snap 1 6.93 17.87 65322
08:16:38 test_combat_snap 1 6.93 17.87 65322
08:16:40 test_combat_snap 1 6.93 17.86 65322
08:16:42 test_combat_snap 1 6.93 17.86 65322
08:16:44 test_combat_snap 1 6.93 17.87 65322
08:16:46 test_combat_snap 1 6.93 17.88 65322
08:16:48 test_combat_snap 1 6.93 17.87 65322
08:16:50 test_combat_snap 1 6.93 17.87 65322
08:16:52 test_combat_snap 1 6.93 17.87 65322
08:16:54 test_combat_snap 1 6.93 17.88 65322
08:16:56 test_combat_snap 1 6.93 17.88 65322
08:16:58 test_combat_snap 1 6.93 17.88 65322
08:17:00 test_combat_snap 1 6.93 17.88 65322
08:17:02 test_combat_snap 1 6.93 17.87 65322
08:17:04 test_combat_snap 1 6.93 17.87 65322
08:17:06 test_combat_snap 1 6.93 17.87 65322
08:17:08 test_combat_snap 1 6.93 17.87 65322
08:17:10 test_combat_snap 1 6.93 17.87 65429
08:17:12 test_combat_snap 1 6.93 17.87 65429
08:17:14 test_combat_snap 1 6.93 17.87 65429
08:17:16 test_combat_snap 1 6.93 17.87 65429
08:17:18 test_combat_snap 1 6.93 17.86 65429
08:17:20 test_combat_snap 1 6.93 17.87 65429
08:17:22 test_combat_snap 1 6.93 17.87 65429
08:17:24 test_combat_snap 1 6.93 17.87 65429
08:17:26 test_combat_snap 1 6.93 17.87 65429
08:17:28 test_combat_snap 1 7.16 17.64 65429
08:17:30 test_combat_snap 1 7.38 17.43 65429
08:17:32 test_combat_snap 1 7.39 17.41 65429
08:17:34 test_combat_snap 1 7.40 17.40 65429
08:17:36 test_combat_snap 1 7.40 17.40 65429
08:17:38 test_combat_snap 1 7.40 17.40 65429
08:17:40 test_combat_snap 1 7.40 17.40 65429
08:17:42 test_combat_snap 1 7.40 17.40 65429
08:17:44 test_combat_snap 1 7.41 17.39 65429
08:17:46 test_combat_snap 1 7.42 17.38 65429
08:17:48 test_combat_snap 1 7.50 17.30 65429
08:17:50 test_combat_snap 1 7.51 17.29 65429
08:17:52 test_combat_snap 1 7.52 17.28 65429
08:17:54 test_combat_snap 1 7.52 17.28 65429
08:17:56 test_combat_snap 1 7.52 17.28 65535
08:17:58 test_combat_snap 1 7.52 17.28 65535
08:18:00 test_combat_snap 1 7.53 17.26 65535
08:18:02 test_combat_snap 1 7.53 17.27 65535
08:18:04 test_combat_snap 1 7.54 17.26 65535
08:18:06 test_combat_snap 1 7.54 17.25 65535
08:18:08 test_combat_snap 1 7.54 17.25 65535
08:18:10 test_combat_snap 1 7.54 17.25 65535
08:18:12 test_combat_snap 1 7.54 17.25 65535
08:18:14 test_combat_snap 1 7.55 17.25 65535
08:18:16 test_combat_snap 1 7.54 17.25 65535
08:18:18 test_combat_snap 1 7.54 17.25 65535
08:18:20 test_combat_snap 1 7.54 17.25 65535
08:18:22 test_combat_snap 1 7.54 17.25 65535
08:18:24 test_combat_snap 1 7.54 17.25 65535
08:18:26 test_combat_snap 1 7.54 17.26 65535
08:18:28 test_combat_snap 1 7.54 17.25 65535
08:18:30 test_combat_snap 1 7.54 17.25 65535
08:18:32 test_combat_snap 1 7.54 17.25 65535
08:18:34 test_combat_snap 1 7.54 17.25 65535
08:18:36 test_combat_snap 1 7.54 17.26 65535
08:18:38 test_combat_snap 1 7.54 17.26 65636
08:18:40 test_combat_snap 1 7.55 17.25 65636
08:18:42 test_combat_snap 1 7.55 17.25 65636
08:18:44 test_combat_snap 1 7.55 17.24 65636
08:18:46 test_combat_snap 1 7.55 17.24 65636
08:18:48 test_combat_snap 1 7.55 17.23 65636
08:18:50 test_combat_snap 1 7.55 17.23 65636
08:18:52 test_combat_snap 1 7.55 17.25 65636
08:18:54 test_combat_snap 1 7.55 17.25 65636
08:18:56 test_combat_snap 1 7.55 17.24 65636
08:18:58 test_combat_snap 1 7.55 17.24 65636
08:19:00 test_combat_snap 1 7.55 17.24 65636
08:19:02 test_combat_snap 1 7.55 17.24 65636
08:19:04 test_combat_snap 1 7.55 17.24 65636
08:19:06 test_combat_snap 1 7.55 17.24 65636
08:19:08 test_combat_snap 1 7.55 17.24 65636
08:19:10 test_combat_snap 1 7.55 17.24 65636
08:19:12 test_combat_snap 1 7.55 17.24 65741
08:19:14 test_combat_snap 1 7.55 17.24 65741
08:19:16 test_combat_snap 1 7.55 17.24 65741
08:19:18 test_combat_snap 1 7.55 17.24 65741
08:19:20 test_combat_snap 1 7.55 17.24 65741
08:19:22 test_combat_snap 1 7.55 17.24 65741
08:19:24 test_combat_snap 1 7.55 17.25 65741
08:19:26 test_combat_snap 1 7.55 17.25 65741
08:19:28 test_combat_snap 1 7.67 17.14 65741
08:19:30 test_combat_snap 1 7.80 17.00 65741
08:19:32 test_combat_snap 1 7.81 16.98 65741
08:19:34 test_combat_snap 1 8.09 16.70 65741
08:19:36 test_combat_snap 1 8.11 16.68 65741
08:19:38 test_combat_snap 1 8.12 16.67 65741
08:19:40 test_combat_snap 1 8.12 16.67 65741
08:19:42 test_combat_snap 1 8.12 16.67 65741
08:19:44 test_combat_snap 1 8.12 16.66 65847
08:19:46 test_combat_snap 1 8.12 16.66 65847
08:19:48 test_combat_snap 1 8.12 16.66 65847
08:19:50 test_combat_snap 1 8.12 16.66 65847
08:19:52 test_combat_snap 1 8.12 16.66 65847
08:19:54 test_combat_snap 1 8.14 16.65 65847
08:19:56 test_combat_snap 1 8.16 16.64 65847
08:19:58 test_combat_snap 1 8.16 16.63 65847
08:20:00 test_combat_snap 1 8.17 16.63 65847
08:20:02 test_combat_snap 1 8.18 16.62 65847
08:20:04 test_combat_snap 1 8.18 16.62 65847
08:20:06 test_combat_snap 1 8.18 16.62 65847
08:20:08 test_combat_snap 1 8.18 16.62 65847
08:20:10 test_combat_snap 1 8.18 16.61 65847
08:20:12 test_combat_snap 1 8.18 16.61 65847
08:20:14 test_combat_snap 1 8.18 16.61 65847
08:20:16 test_combat_snap 1 8.18 16.61 65847
08:20:18 test_combat_snap 1 8.18 16.61 65847
08:20:20 test_combat_snap 1 8.18 16.61 65953
08:20:22 test_combat_snap 1 8.18 16.60 65953
08:20:24 test_combat_snap 1 8.18 16.60 65953
08:20:26 test_combat_snap 1 8.18 16.60 65953
08:20:28 test_combat_snap 1 8.18 16.60 65953
08:20:30 test_combat_snap 1 8.18 16.60 65953
08:20:32 test_combat_snap 1 8.18 16.60 65953
08:20:34 test_combat_snap 1 8.18 16.60 65953
08:20:36 test_combat_snap 1 8.18 16.60 65953
08:20:38 test_combat_snap 1 8.18 16.59 65953
08:20:40 test_combat_snap 1 8.18 16.59 65953
08:20:42 test_combat_snap 1 8.18 16.59 65953
08:20:44 test_combat_snap 1 8.18 16.62 65953
08:20:46 test_combat_snap 1 8.18 16.62 65953
08:20:48 test_combat_snap 1 8.18 16.62 65953
08:20:50 test_combat_snap 1 8.18 16.62 65953
08:20:52 test_combat_snap 1 8.18 16.62 66058
08:20:54 test_combat_snap 1 8.18 16.62 66058
08:20:56 test_combat_snap 1 8.18 16.61 66058
08:20:58 test_combat_snap 1 8.18 16.61 66058
08:21:00 test_combat_snap 1 8.18 16.62 66058
08:21:02 test_combat_snap 1 8.18 16.62 66058
08:21:04 test_combat_snap 1 8.18 16.61 66058
08:21:06 test_combat_snap 1 8.18 16.61 66058
08:21:08 test_combat_snap 1 8.18 16.62 66058
08:21:10 test_combat_snap 1 8.18 16.62 66058
08:21:12 test_combat_snap 1 8.18 16.62 66058
08:21:14 test_combat_snap 1 8.18 16.62 66058
08:21:16 test_combat_snap 1 8.18 16.62 66058
08:21:18 test_combat_snap 1 8.18 16.62 66058
08:21:20 test_combat_snap 1 8.18 16.62 66058
08:21:22 test_combat_snap 1 8.18 16.62 66058
08:21:24 test_combat_snap 1 8.18 16.61 66058
08:21:26 test_combat_snap 1 8.18 16.61 66058
08:21:28 test_combat_snap 1 8.18 16.61 66058
08:21:30 test_combat_snap 1 8.19 16.60 66058
08:21:32 test_combat_snap 2 8.41 16.44 66141
08:21:34 test_combat_snap 2 8.41 16.44 66141
08:21:36 test_combat_snap 2 8.41 16.44 66141
08:21:38 test_combat_snap 2 8.41 16.44 66141
08:21:40 test_combat_snap 2 8.41 16.44 66141
08:21:42 test_combat_snap 2 8.47 16.38 66141
08:21:44 test_combat_snap 2 8.47 16.37 66141
08:21:46 test_combat_snap 2 8.55 16.30 66141
08:21:48 test_combat_snap 2 8.63 16.21 66141
08:21:50 test_combat_snap 2 8.91 15.94 66141
08:21:52 test_combat_snap 2 9.05 16.31 66141
08:21:54 test_combat_snap 2 9.05 16.30 66141
08:21:56 test_combat_snap 2 9.36 15.96 66141
08:21:58 test_combat_snap 2 9.63 15.39 66141
08:22:00 test_combat_snap 2 9.93 15.39 66141
08:22:02 test_combat_snap 2 9.94 15.05 66141
08:22:04 test_combat_snap 2 10.16 15.21 66141
08:22:06 test_combat_snap 2 10.54 14.82 66141
08:22:08 test_combat_snap 2 10.74 14.09 66141
08:22:10 test_combat_snap 2 11.05 13.71 66141
08:22:12 test_combat_snap 2 11.27 13.49 66141
08:22:14 test_combat_snap 2 11.62 13.19 66141
08:22:16 test_combat_snap 2 11.77 13.03 66141
08:22:18 test_combat_snap 2 12.23 12.56 66141
08:22:20 test_combat_snap 2 12.42 12.37 66141
08:22:22 test_combat_snap 2 12.69 12.32 66141
08:22:24 test_combat_snap 2 12.71 12.29 66141
08:22:26 test_combat_snap 2 12.72 12.22 66141
08:22:28 test_combat_snap 2 12.99 11.94 66141
08:22:30 test_combat_snap 2 13.05 11.87 66141
08:22:32 test_combat_snap 2 13.18 11.73 66141
08:22:34 test_combat_snap 2 13.21 11.71 66141
08:22:36 test_combat_snap 2 13.21 11.71 66141
08:22:38 test_combat_snap 2 13.21 11.70 66141
08:22:40 test_combat_snap 2 13.21 11.74 66141
08:22:42 test_combat_snap 2 13.21 11.74 66141
08:22:44 test_combat_snap 2 13.21 11.73 66141
08:22:46 test_combat_snap 2 13.22 11.73 66141
08:22:48 test_combat_snap 2 13.22 11.73 66141
08:22:50 test_combat_snap 2 13.24 11.70 66141
08:22:52 test_combat_snap 2 13.44 11.50 66141
08:22:54 test_combat_snap 2 13.45 11.49 66141
08:22:56 test_combat_snap 2 13.54 11.40 66141
08:22:58 test_combat_snap 2 13.53 11.41 66141
08:23:00 test_combat_snap 2 13.82 11.12 66141
08:23:02 test_combat_snap 2 13.85 11.08 66141
08:23:04 test_combat_snap 2 13.87 11.07 66141
08:23:06 test_combat_snap 2 13.87 11.07 66141
08:23:08 test_combat_snap 2 13.87 11.07 66141
08:23:10 test_combat_snap 2 13.87 11.07 66141
08:23:12 test_combat_snap 2 13.87 11.07 66141
08:23:14 test_combat_snap 2 13.87 11.07 66141
08:23:16 test_combat_snap 2 13.87 11.06 66141
08:23:18 test_combat_snap 2 13.87 11.06 66141
08:23:20 test_combat_snap 2 13.87 11.06 66141
08:23:22 test_combat_snap 2 13.84 11.10 66141
08:23:24 test_combat_snap 2 8.32 16.61 66141
08:23:26 test_combat_snap 2 8.41 16.53 66141
08:23:28 test_combat_snap 2 8.41 16.54 66141
08:23:30 test_combat_snap 2 8.41 16.54 66141
08:23:32 test_combat_snap 2 8.41 16.54 66141
08:23:34 test_combat_snap 2 8.46 16.49 66141
08:23:36 test_combat_snap 2 8.47 16.48 66141
08:23:38 test_combat_snap 2 8.53 16.42 66141
08:23:40 test_combat_snap 2 8.64 16.31 66141
08:23:42 test_combat_snap 2 8.89 16.07 66141
08:23:44 test_combat_snap 2 8.97 16.00 66141
08:23:46 test_combat_snap 2 9.05 15.91 66141
08:23:48 test_combat_snap 2 9.24 15.72 66141
08:23:50 test_combat_snap 2 9.61 15.35 66141
08:23:52 test_combat_snap 2 9.93 15.03 66141
08:23:54 test_combat_snap 2 9.94 15.03 66141
08:23:56 test_combat_snap 2 10.34 14.62 66141
08:23:58 test_combat_snap 2 10.64 14.32 66141
08:24:00 test_combat_snap 2 10.86 14.10 66141
08:24:02 test_combat_snap 2 11.22 13.74 66141
08:24:04 test_combat_snap 2 11.39 13.57 66141
08:24:06 test_combat_snap 2 11.77 13.19 66141
08:24:08 test_combat_snap 2 12.05 12.91 66141
08:24:10 test_combat_snap 2 12.31 12.65 66141
08:24:12 test_combat_snap 2 12.59 12.37 66141
08:24:14 test_combat_snap 2 12.71 12.25 66141
08:24:16 test_combat_snap 2 12.71 12.24 66141
08:24:18 test_combat_snap 2 12.97 11.98 66141
08:24:20 test_combat_snap 2 13.04 11.92 66141
08:24:22 test_combat_snap 2 13.18 11.78 66141
08:24:24 test_combat_snap 2 13.20 11.76 66141
08:24:26 test_combat_snap 2 13.21 11.75 66141
08:24:28 test_combat_snap 2 13.21 11.75 66141
08:24:30 test_combat_snap 2 13.21 11.75 66141
08:24:32 test_combat_snap 2 13.21 11.74 66141
08:24:34 test_combat_snap 2 13.21 11.74 66141
08:24:36 test_combat_snap 2 13.22 11.74 66141
08:24:38 test_combat_snap 2 13.22 11.74 66141
08:24:40 test_combat_snap 2 13.22 11.74 66141
08:24:42 test_combat_snap 2 13.45 11.51 66141
08:24:44 test_combat_snap 2 13.45 11.50 66141
08:24:46 test_combat_snap 2 13.51 11.44 66141
08:24:48 test_combat_snap 2 13.53 11.42 66141
08:24:50 test_combat_snap 2 13.82 11.14 66141
08:24:52 test_combat_snap 2 13.85 11.11 66141
08:24:54 test_combat_snap 2 13.87 11.09 66141
08:24:56 test_combat_snap 2 13.87 11.09 66141
08:24:58 test_combat_snap 2 13.87 11.09 66141
08:25:00 test_combat_snap 2 13.87 11.08 66141
08:25:02 test_combat_snap 2 13.87 11.08 66141
08:25:04 test_combat_snap 2 13.87 11.08 66141
08:25:06 test_combat_snap 2 13.87 11.08 66141
08:25:08 test_combat_snap 2 13.87 11.09 66141
08:25:10 test_combat_snap 2 13.87 11.09 66141
08:25:12 test_combat_snap 2 13.87 11.09 66141
08:25:14 test_combat_snap 2 13.87 11.09 66141
08:25:16 test_combat_snap 1 8.18 16.73 66257
08:25:18 test_combat_snap 1 8.18 16.72 66257
08:25:20 test_combat_snap 1 8.18 16.73 66257
08:25:22 test_combat_snap 1 8.18 16.73 66257
08:25:24 test_combat_snap 1 8.18 16.73 66257
08:25:26 test_combat_snap 1 8.18 16.73 66257
08:25:28 test_combat_snap 1 8.15 16.76 71417
08:25:30 test_combat_snap 1 8.15 16.76 71417
08:25:32 test_combat_snap 1 0.13 24.80 71418
08:25:34 test_combat_snap 1 0.30 24.62 71418
08:25:36 test_live_world 1 0.30 24.62 71440
08:25:38 test_live_world 1 0.30 24.62 71440
08:25:40 test_live_world 1 0.30 24.62 71440
08:25:42 test_live_world 1 0.30 24.62 71440
08:25:44 test_live_world 1 0.30 24.62 71440
08:25:46 test_live_world 1 0.30 24.62 71440
08:25:48 test_live_world 1 0.36 24.57 71440
08:25:50 test_live_world 1 0.44 24.48 71440
08:25:52 test_live_world 1 0.72 24.20 71440
08:25:54 test_live_world 1 0.86 24.06 71440
08:25:56 test_live_world 1 0.86 24.06 71440
08:25:58 test_live_world 1 1.16 23.76 71440
08:26:00 test_live_world 1 1.50 23.42 71440
08:26:02 test_live_world 1 1.74 23.17 71440
08:26:04 test_live_world 1 1.74 23.17 71440
08:26:06 test_live_world 1 2.30 22.61 71440
08:26:08 test_live_world 1 2.54 22.37 71440
08:26:10 test_live_world 1 2.72 22.19 71440
08:26:12 test_live_world 1 3.08 21.83 71440
08:26:14 test_live_world 1 3.37 21.55 71440
08:26:16 test_live_world 1 3.58 21.33 71440
08:26:18 test_live_world 1 4.04 20.87 71440
08:26:20 test_live_world 1 4.23 20.68 71440
08:26:22 test_live_world 1 4.50 20.41 71440
08:26:24 test_live_world 1 4.52 20.39 71440
08:26:26 test_live_world 1 4.58 20.32 71440
08:26:28 test_live_world 1 4.83 20.07 71440
08:26:30 test_live_world 1 4.98 19.91 71440
08:26:32 test_live_world 1 4.99 19.90 71440
08:26:34 test_live_world 1 5.01 19.88 71440
08:26:36 test_live_world 1 5.01 19.88 71440
08:26:38 test_live_world 1 5.02 19.87 71440
08:26:40 test_live_world 1 5.02 19.87 71440
08:26:42 test_live_world 1 5.02 19.87 71440
08:26:44 test_live_world 1 5.02 19.87 71440
08:26:46 test_live_world 1 5.03 19.86 71440
08:26:48 test_live_world 1 5.03 19.86 71440
08:26:50 test_live_world 1 5.22 19.68 71440
08:26:52 test_live_world 1 5.25 19.64 71440
08:26:54 test_live_world 1 5.26 19.63 71440
08:26:56 test_live_world 1 5.36 19.53 71440
08:26:58 test_live_world 1 5.25 19.64 71440
08:27:00 test_live_world 1 5.25 19.64 71440
08:27:02 test_live_world 1 5.25 19.64 71440
08:27:04 test_live_world 1 5.25 19.64 71440
08:27:06 test_live_world 1 5.25 19.63 71440
08:27:08 test_live_world 1 5.25 19.64 71440
08:27:10 test_live_world 1 5.25 19.64 71440
08:27:12 test_live_world 1 5.25 19.64 71440
08:27:14 test_live_world 1 5.25 19.64 71440
08:27:16 test_live_world 1 5.25 19.64 71440
08:27:18 test_live_world 1 5.25 19.63 71440
08:27:20 test_live_world 1 5.25 19.63 71440
08:27:22 test_live_world 1 5.25 19.63 71440
08:27:24 test_live_world 1 5.25 19.63 71440
08:27:26 test_live_world 1 5.25 19.63 71440
08:27:28 test_live_world 1 5.25 19.63 71526
08:27:30 test_live_world 1 5.25 19.63 71526
08:27:32 test_live_world 1 5.25 19.63 71526
08:27:34 test_live_world 1 5.25 19.63 71526
08:27:36 test_live_world 1 5.25 19.63 71526
08:27:38 test_live_world 1 5.28 19.62 71526
08:27:40 test_live_world 1 5.29 19.60 71526
08:27:42 test_live_world 1 5.48 19.41 71526
08:27:44 test_live_world 1 5.49 19.40 71526
08:27:46 test_live_world 1 5.72 19.16 71526
08:27:48 test_live_world 1 5.83 19.05 71526
08:27:50 test_live_world 1 5.97 18.92 71526
08:27:52 test_live_world 1 6.16 18.72 71526
08:27:54 test_live_world 1 6.34 18.54 71526
08:27:56 test_live_world 1 6.57 18.31 71526
08:27:58 test_live_world 1 6.83 18.04 71526
08:28:01 test_live_world 1 7.03 17.84 71526
08:28:03 test_live_world 1 7.16 17.71 71526
08:28:05 test_live_world 1 7.36 17.51 71526
08:28:07 test_live_world 1 7.74 17.14 71526
08:28:09 test_live_world 1 8.04 16.84 71526
08:28:11 test_live_world 1 8.05 17.23 71526
08:28:13 test_live_world 1 8.05 16.92 71526
08:28:15 test_live_world 1 8.06 16.91 71526
08:28:17 test_live_world 1 8.06 16.91 71526
08:28:19 test_live_world 1 8.06 16.90 71526
08:28:21 test_live_world 1 8.06 16.90 71526
08:28:23 test_live_world 1 8.06 16.90 71526
08:28:25 test_live_world 1 8.34 16.62 71526
08:28:27 test_live_world 1 8.36 16.59 71526
08:28:29 test_live_world 1 8.36 16.58 71526
08:28:31 test_live_world 1 8.36 16.58 71526
08:28:33 test_live_world 1 8.37 16.57 71526
08:28:35 test_live_world 1 8.37 16.57 71526
08:28:37 test_live_world 1 8.37 16.56 71526
08:28:39 test_live_world 1 8.78 16.13 71526
08:28:41 test_live_world 1 8.80 16.11 71526
08:28:43 test_live_world 1 8.81 16.11 71526
08:28:45 test_live_world 1 8.81 16.11 71526
08:28:47 test_live_world 1 8.81 16.11 71526
08:28:49 test_live_world 1 8.81 16.11 71526
08:28:51 test_live_world 1 8.81 16.10 71526
08:28:53 test_live_world 1 9.07 15.84 71526
08:28:55 test_live_world 1 9.09 15.82 71526
08:28:57 test_live_world 1 9.10 15.81 71526
08:28:59 test_live_world 1 9.21 15.71 71526
08:29:01 test_live_world 1 9.22 15.70 71526
08:29:03 test_live_world 1 9.22 15.69 71526
08:29:05 test_live_world 1 9.23 15.68 71526
08:29:07 test_live_world 1 9.23 15.68 71526
08:29:09 test_live_world 1 9.23 15.68 71526
08:29:11 test_live_world 1 9.23 15.67 71526
08:29:13 test_live_world 1 9.23 15.67 71526
08:29:15 test_live_world 1 9.23 15.68 71526
08:29:17 test_live_world 1 9.23 15.68 71526
08:29:19 test_live_world 1 9.23 15.67 71526
08:29:21 test_live_world 1 9.23 15.67 71526
08:29:23 test_live_world 1 9.23 15.67 71526
08:29:25 test_live_world 1 9.23 15.67 71597
08:29:27 test_live_world 1 9.24 15.67 71597
08:29:29 test_live_world 1 9.24 15.67 71597
08:29:31 test_live_world 1 9.24 15.66 71597
08:29:33 test_live_world 1 9.24 15.66 71597
08:29:35 test_live_world 1 9.24 15.66 71597
08:29:37 test_live_world 1 9.25 15.66 71597
08:29:39 test_live_world 1 9.25 15.66 71597
08:29:41 test_live_world 1 9.25 15.66 71597
08:29:43 test_live_world 1 9.25 15.66 71597
08:29:45 test_live_world 1 9.25 15.65 71597
08:29:47 test_live_world 1 9.25 15.65 71597
08:29:49 test_live_world 1 9.25 15.65 71597
08:29:51 test_live_world 1 9.25 15.66 71597
08:29:53 test_live_world 1 9.25 15.66 71597
08:29:55 test_live_world 1 9.25 15.66 71597
08:29:57 test_live_world 1 9.33 15.57 71597
08:29:59 test_live_world 1 9.31 15.59 71682
08:30:01 test_live_world 1 9.31 15.60 71682
08:30:03 test_live_world 1 9.40 15.51 71682
08:30:05 test_live_world 1 9.62 15.29 71682
08:30:07 test_live_world 1 9.63 15.27 71682
08:30:09 test_live_world 1 9.64 15.27 71682
08:30:11 test_live_world 1 9.64 15.27 71682
08:30:13 test_live_world 1 9.64 15.27 71682
08:30:15 test_live_world 1 9.64 15.27 71682
08:30:17 test_live_world 1 9.64 15.27 71682
08:30:19 test_live_world 1 9.64 15.27 71682
08:30:21 test_live_world 1 9.64 15.27 71682
08:30:23 test_live_world 1 9.64 15.26 71682
08:30:25 test_live_world 1 9.64 15.26 71682
08:30:27 test_live_world 1 9.64 15.27 71682
08:30:29 test_live_world 1 9.64 15.27 71682
08:30:31 test_live_world 1 9.64 15.26 71682
08:30:33 test_live_world 1 9.64 15.26 71682
08:30:35 test_live_world 1 9.64 15.26 71682
08:30:37 test_live_world 1 9.64 15.26 71682
08:30:39 test_live_world 1 9.64 15.26 71682
08:30:41 test_live_world 1 9.64 15.25 71769
08:30:43 test_live_world 1 9.64 15.25 71769
08:30:45 test_live_world 1 9.64 15.25 71769
08:30:47 test_live_world 1 9.64 15.25 71769
08:30:49 test_live_world 1 9.64 15.25 71769
08:30:51 test_live_world 1 9.64 15.25 71769
08:30:53 test_live_world 1 9.64 15.25 71769
08:30:55 test_live_world 1 9.64 15.25 71769
08:30:57 test_live_world 1 9.64 15.25 71769
08:30:59 test_live_world 1 9.64 15.25 71769
08:31:01 test_live_world 1 9.64 15.25 71769
08:31:03 test_live_world 1 9.64 15.25 71769
08:31:05 test_live_world 1 9.64 15.25 71769
08:31:07 test_live_world 1 9.64 15.24 71769
08:31:09 test_live_world 1 9.64 15.24 71769
08:31:11 test_live_world 1 9.64 15.24 71769
08:31:13 test_live_world 1 9.64 15.24 71769
08:31:15 test_live_world 1 9.64 15.24 71769
08:31:17 test_live_world 1 9.64 15.24 71769
08:31:19 test_live_world 1 9.64 15.26 71769
08:31:21 test_live_world 1 9.64 15.26 71769
08:31:23 test_live_world 1 9.64 15.26 71769
08:31:25 test_live_world 1 9.64 15.25 71769
08:31:27 test_live_world 1 9.64 15.25 71769
08:31:29 test_live_world 1 9.64 15.26 71769
08:31:31 test_live_world 1 9.64 15.26 71769
08:31:33 test_live_world 1 9.64 15.25 71769
08:31:35 test_live_world 1 9.64 15.25 71769
08:31:37 test_live_world 1 9.64 15.25 71769
08:31:39 test_live_world 1 9.64 15.25 71769
08:31:41 test_live_world 1 9.64 15.25 71769
08:31:43 test_live_world 1 9.64 15.25 71769
08:31:45 test_live_world 1 9.64 15.25 71769
08:31:47 test_live_world 1 9.64 15.25 71769
08:31:49 test_live_world 1 9.64 15.25 71769
08:31:51 test_live_world 1 9.64 15.25 71769
08:31:53 test_live_world 1 9.64 15.25 71769
08:31:55 test_live_world 1 9.64 15.25 71769
08:31:57 test_live_world 1 9.64 15.25 71769
08:31:59 test_live_world 1 9.66 15.23 71769
08:32:01 test_live_world 1 9.69 15.21 71769
08:32:03 test_live_world 1 9.67 15.22 71769
08:32:05 test_live_world 1 9.69 15.20 71769
08:32:07 test_live_world 1 9.68 15.22 71769
08:32:09 test_live_world 1 9.68 15.22 71769
08:32:11 test_live_world 1 9.69 15.21 71769
08:32:13 test_live_world 1 9.68 15.21 71769
08:32:15 test_live_world 1 9.69 15.20 71769
08:32:17 test_live_world 1 9.69 15.20 71769
08:32:19 test_live_world 1 9.70 15.20 71769
08:32:21 test_live_world 1 9.71 15.17 71769
08:32:23 test_live_world 1 9.74 15.15 71769
08:32:25 test_live_world 1 9.74 15.14 71769
08:32:27 test_live_world 1 9.74 14.84 71769
08:32:29 test_live_world 1 9.74 14.78 71769
08:32:31 test_live_world 1 9.74 14.77 71769
08:32:33 test_live_world 1 9.74 14.76 71769
08:32:35 test_live_world 1 9.74 14.76 71769
08:32:37 test_live_world 1 9.74 14.75 71769
08:32:39 test_live_world 1 9.76 14.72 71769
08:32:41 test_live_world 1 9.76 14.72 71769
08:32:43 test_live_world 1 9.74 14.74 71769
08:32:45 test_live_world 1 9.74 14.73 71769
08:32:47 test_live_world 1 9.74 14.72 71769
08:32:49 test_live_world 1 9.74 14.74 71769
08:32:51 test_live_world 1 9.74 14.74 71769
08:32:53 test_live_world 1 9.73 15.15 71769
08:32:55 test_live_world 1 9.73 15.15 71769
08:32:57 test_live_world 1 9.73 15.15 71769
08:32:59 test_live_world 1 9.73 15.15 71769
08:33:01 test_live_world 1 9.73 15.15 71769
08:33:03 test_live_world 1 9.73 15.15 71769
08:33:05 test_live_world 1 9.73 15.15 71769
08:33:07 test_live_world 1 9.73 15.15 71769
08:33:09 test_live_world 1 9.73 15.15 71769
08:33:11 test_live_world 1 9.73 15.15 71769
08:33:13 test_live_world 1 9.73 15.16 71769
08:33:15 test_live_world 1 9.76 15.14 71769
08:33:17 test_live_world 1 9.73 15.16 71769
08:33:19 test_live_world 1 9.73 15.16 71769
08:33:21 test_live_world 1 9.74 15.15 71769
08:33:23 test_live_world 1 9.73 15.16 71769
08:33:25 test_live_world 1 9.73 15.16 71769
08:33:27 test_live_world 1 9.76 15.14 71769
08:33:29 test_live_world 1 9.73 15.16 71769
08:33:31 test_live_world 1 9.73 15.16 71769
08:33:33 test_live_world 1 9.73 15.16 71769
08:33:35 test_live_world 1 9.73 15.16 71769
08:33:37 test_live_world 1 9.73 15.16 71769
08:33:39 test_live_world 1 9.76 15.13 71769
08:33:41 test_live_world 1 9.73 15.15 71769
08:33:43 test_live_world 1 9.73 15.15 71769
08:33:45 test_live_world 1 9.73 15.15 71769
08:33:47 test_live_world 1 9.77 15.12 71769
08:33:49 test_live_world 1 9.73 15.15 71769
08:33:51 test_live_world 1 9.73 15.15 71769
08:33:53 test_live_world 1 9.73 15.16 71769
08:33:55 test_live_world 1 9.73 15.16 71769
08:33:57 test_live_world 1 9.73 15.16 71769
08:33:59 test_live_world 1 9.73 15.16 71842
08:34:01 test_live_world 1 9.73 15.16 71842
08:34:03 test_live_world 1 9.73 15.15 71842
08:34:05 test_live_world 1 9.73 15.15 71842
08:34:07 test_live_world 1 9.72 15.17 72374
08:34:09 test_live_world 1 9.72 14.73 72374
08:34:11 test_live_world 1 9.72 14.41 72374
08:34:13 test_live_world 1 0.23 24.67 72375
08:34:15 test_layering 1 0.30 24.61 72395
08:34:17 test_layering 1 0.27 24.64 72437
08:34:19 test_asset_tags 1 0.34 24.57 72459
08:34:21 test_asset_tags 1 0.34 24.57 72459
08:34:23 test_asset_tags 1 0.34 24.57 72459
08:34:25 test_asset_tags 1 0.34 24.29 72459
08:34:27 test_asset_tags 1 0.34 24.57 72459
08:34:29 test_asset_tags 1 0.34 24.57 72459
08:34:31 test_asset_tags 1 0.34 24.57 72459
08:34:33 test_asset_tags 1 0.34 24.56 72459
08:34:35 test_asset_tags 1 0.34 24.56 72459
08:34:37 test_asset_tags 1 0.60 24.31 72459
08:34:39 test_asset_tags 1 0.67 24.23 72459
08:34:41 test_asset_tags 1 1.00 23.90 72459
08:34:43 test_asset_tags 1 1.28 23.62 72459
08:34:45 test_asset_tags 1 1.41 23.49 72459
08:34:47 test_asset_tags 1 1.70 23.20 72459
08:34:49 test_asset_tags 1 2.09 22.82 72459
08:34:51 test_asset_tags 1 2.28 22.62 72459
08:34:53 test_asset_tags 1 2.68 22.22 72459
08:34:55 test_asset_tags 1 3.16 21.73 72459
08:34:57 test_asset_tags 1 3.29 21.62 72459
08:34:59 test_asset_tags 1 3.29 21.61 72459
08:35:01 test_asset_tags 1 4.06 20.84 72459
08:35:03 test_asset_tags 1 4.07 20.83 72459
08:35:05 test_asset_tags 1 4.12 20.78 72459
08:35:07 test_asset_tags 1 4.51 20.39 72459
08:35:09 test_asset_tags 1 4.90 19.99 72459
08:35:11 test_asset_tags 1 5.22 19.68 72459
08:35:13 test_asset_tags 1 5.24 19.66 72459
08:35:15 test_asset_tags 1 5.28 19.11 72459
08:35:17 test_asset_tags 1 5.24 19.08 72459
08:35:19 test_asset_tags 1 5.25 19.01 72459
08:35:21 test_asset_tags 1 5.41 19.48 72459
08:35:23 test_asset_tags 1 5.53 19.36 72459
08:35:25 test_asset_tags 1 5.55 19.35 72459
08:35:27 test_asset_tags 1 5.58 19.33 72459
08:35:29 test_asset_tags 1 5.56 19.35 72459
08:35:31 test_asset_tags 1 5.64 19.26 72459
08:35:33 test_asset_tags 1 5.65 19.25 72459
08:35:35 test_asset_tags 1 5.67 19.24 72459
08:35:37 test_asset_tags 1 5.68 19.22 72459
08:35:39 test_asset_tags 1 5.72 19.18 72459
08:35:41 test_asset_tags 1 5.69 19.22 72459
08:35:43 test_asset_tags 1 5.88 19.02 72459
08:35:45 test_asset_tags 1 6.09 18.81 72459
08:35:47 test_asset_tags 1 6.10 18.59 72459
08:35:49 test_asset_tags 1 6.12 18.78 72459
08:35:51 test_asset_tags 1 6.13 18.77 72459
08:35:53 test_asset_tags 1 6.14 18.76 72459
08:35:55 test_asset_tags 1 6.16 18.74 72459
08:35:57 test_asset_tags 1 6.17 18.73 72459
08:35:59 test_asset_tags 1 6.19 18.71 72459
08:36:01 test_asset_tags 1 6.19 18.71 72459
08:36:03 test_asset_tags 1 6.20 18.69 72459
08:36:05 test_asset_tags 1 6.24 18.66 72459
08:36:07 test_asset_tags 1 6.20 18.69 72459
08:36:09 test_asset_tags 1 6.20 18.68 72459
08:36:11 test_asset_tags 1 6.20 18.69 72459
08:36:13 test_asset_tags 2 6.41 18.54 72522
08:36:15 test_asset_tags 2 6.41 18.55 72522
08:36:17 test_asset_tags 2 6.41 18.55 72522
08:36:19 test_asset_tags 2 6.41 18.54 72522
08:36:21 test_asset_tags 2 6.41 18.52 72522
08:36:23 test_asset_tags 2 6.41 18.05 72522
08:36:25 test_asset_tags 2 6.41 17.99 72522
08:36:27 test_asset_tags 2 6.41 17.99 72522
08:36:29 test_asset_tags 2 6.49 18.46 72522
08:36:31 test_asset_tags 2 6.75 18.20 72522
08:36:33 test_asset_tags 2 6.82 18.13 72522
08:36:35 test_asset_tags 2 6.97 17.99 72522
08:36:37 test_asset_tags 2 7.37 17.59 72522
08:36:39 test_asset_tags 2 7.57 17.39 72522
08:36:41 test_asset_tags 2 7.62 17.34 72522
08:36:43 test_asset_tags 2 8.22 16.74 72522
08:36:45 test_asset_tags 2 8.37 16.59 72522
08:36:47 test_asset_tags 2 8.68 16.27 72522
08:36:49 test_asset_tags 2 9.15 15.80 72522
08:36:51 test_asset_tags 2 9.32 15.63 72522
08:36:53 test_asset_tags 2 9.45 15.50 72522
08:36:55 test_asset_tags 2 9.79 15.16 72522
08:36:57 test_asset_tags 2 10.22 14.73 72522
08:36:59 test_asset_tags 2 10.23 14.71 72522
08:37:01 test_asset_tags 2 10.35 14.60 72522
08:37:03 test_asset_tags 2 10.69 14.25 72522
08:37:05 test_asset_tags 2 11.23 13.71 72522
08:37:07 test_asset_tags 2 11.38 13.56 72522
08:37:09 test_asset_tags 2 11.39 13.55 72522
08:37:11 test_asset_tags 2 11.39 13.54 72522
08:37:13 test_asset_tags 2 11.39 13.54 72522
08:37:15 test_asset_tags 2 11.67 13.26 72522
08:37:17 test_asset_tags 2 11.69 13.25 72522
08:37:19 test_asset_tags 2 11.71 13.24 72522
08:37:21 test_asset_tags 2 11.73 13.21 72522
08:37:23 test_asset_tags 2 11.71 13.23 72522
08:37:25 test_asset_tags 2 11.80 13.15 72522
08:37:27 test_asset_tags 2 11.81 13.13 72522
08:37:29 test_asset_tags 2 11.83 13.12 72522
08:37:31 test_asset_tags 2 11.84 13.10 72522
08:37:33 test_asset_tags 2 11.88 13.07 72522
08:37:35 test_asset_tags 2 11.84 13.10 72522
08:37:37 test_asset_tags 2 12.05 12.90 72522
08:37:39 test_asset_tags 2 12.25 12.69 72522
08:37:41 test_asset_tags 2 12.26 12.68 72522
08:37:43 test_asset_tags 2 12.28 12.67 72522
08:37:45 test_asset_tags 2 12.29 12.65 72522
08:37:47 test_asset_tags 2 12.30 12.65 72522
08:37:49 test_asset_tags 2 12.30 12.65 72522
08:37:51 test_asset_tags 2 12.33 12.62 72522
08:37:53 test_asset_tags 2 12.35 12.60 72522
08:37:55 test_asset_tags 2 12.35 12.60 72522
08:37:57 test_asset_tags 2 12.36 12.58 72522
08:37:59 test_asset_tags 2 12.38 12.56 72522
08:38:01 test_asset_tags 2 12.38 12.56 72522
08:38:03 test_asset_tags 2 12.38 12.56 72522
08:38:05 test_asset_tags 2 12.38 12.56 72522
08:38:07 test_asset_tags 2 12.38 12.56 72522
08:38:09 test_asset_tags 2 12.34 12.60 72522
08:38:11 test_asset_tags 1 6.20 18.69 72811
08:38:13 test_asset_tags 1 6.20 18.69 72811
08:38:15 test_asset_tags 1 0.27 24.62 72812
08:38:17 test_characters 1 0.30 24.59 72834
08:38:19 test_characters 1 0.30 24.59 72834
08:38:21 test_characters 1 0.30 24.59 72834
08:38:23 test_characters 1 0.30 24.58 72834
08:38:25 test_characters 1 0.30 24.58 72834
08:38:27 test_characters 1 0.30 24.58 72834
08:38:29 test_characters 1 0.30 24.58 72834
08:38:31 test_characters 1 0.42 24.46 72834
08:38:33 test_characters 1 0.47 24.43 72834
08:38:35 test_characters 1 0.83 24.07 72834
08:38:37 test_characters 1 0.85 24.05 72834
08:38:39 test_characters 1 0.95 23.94 72834
08:38:41 test_characters 1 1.15 23.74 72834
08:38:43 test_characters 1 1.67 23.22 72834
08:38:45 test_characters 1 1.97 22.93 72834
08:38:47 test_characters 1 2.25 22.64 72834
08:38:49 test_characters 1 2.73 22.15 72834
08:38:51 test_characters 1 2.96 21.93 72834
08:38:53 test_characters 1 3.21 21.68 72834
08:38:55 test_characters 1 3.22 21.67 72834
08:38:57 test_characters 1 3.22 21.67 72834
08:38:59 test_characters 1 3.61 21.27 72834
08:39:01 test_characters 1 3.78 21.12 72834
08:39:03 test_characters 1 3.78 21.11 72834
08:39:05 test_characters 1 3.79 21.10 72834
08:39:07 test_characters 1 3.79 21.10 72834
08:39:09 test_characters 1 3.79 21.10 72834
08:39:11 test_characters 1 4.00 20.89 72834
08:39:13 test_characters 1 4.33 20.56 72834
08:39:15 test_characters 1 4.50 20.39 72834
08:39:17 test_characters 1 4.74 20.14 72834
08:39:19 test_characters 1 4.84 20.05 72834
08:39:21 test_characters 1 4.91 19.98 72834
08:39:23 test_characters 1 4.89 20.00 72834
08:39:25 test_characters 1 4.89 20.00 72834
08:39:27 test_characters 1 4.89 19.99 72834
08:39:29 test_characters 1 4.89 19.99 72834
08:39:31 test_characters 1 4.84 20.05 72877
08:39:33 test_characters 1 0.27 24.62 72878
08:39:35 test_character_sheet 0 0.00 24.83 72948
08:39:37 test_character_sheet 1 0.27 24.62 72949
08:39:39 test_items 1 0.09 24.80 73009
08:39:41 test_items 1 0.30 24.60 73009
08:39:43 test_inventory 0 0.00 24.84 73071
08:39:45 test_inventory 1 0.27 24.63 73072
08:39:47 test_drops 2 0.48 24.49 73089
08:39:49 test_drops 2 0.48 24.49 73089
08:39:51 test_drops 2 0.48 24.49 73089
08:39:53 test_drops 2 0.48 24.49 73089
08:39:55 test_drops 2 0.48 24.49 73089
08:39:57 test_drops 2 0.53 24.43 73089
08:39:59 test_drops 2 0.54 24.42 73089
08:40:01 test_drops 2 0.58 24.38 73089
08:40:03 test_drops 2 0.69 24.28 73089
08:40:05 test_drops 2 0.81 24.15 73089
08:40:07 test_drops 2 0.98 23.98 73089
08:40:09 test_drops 2 1.12 23.84 73089
08:40:11 test_drops 2 1.25 23.71 73089
08:40:13 test_drops 2 1.67 23.29 73089
08:40:15 test_drops 2 2.00 22.96 73089
08:40:17 test_drops 2 2.01 22.95 73089
08:40:19 test_drops 2 2.46 22.49 73089
08:40:21 test_drops 2 2.76 22.20 73089
08:40:23 test_drops 2 2.96 22.00 73089
08:40:25 test_drops 2 3.34 21.61 73089
08:40:27 test_drops 2 3.52 21.43 73089
08:40:29 test_drops 2 3.85 21.10 73089
08:40:31 test_drops 2 4.25 21.09 73089
08:40:33 test_drops 2 4.49 20.31 73089
08:40:35 test_drops 2 4.76 19.93 73089
08:40:37 test_drops 2 4.79 20.01 73089
08:40:39 test_drops 2 4.79 20.00 73089
08:40:41 test_drops 2 5.07 19.72 73089
08:40:43 test_drops 2 5.12 19.66 73089
08:40:45 test_drops 2 5.25 19.54 73089
08:40:47 test_drops 2 5.28 19.52 73089
08:40:49 test_drops 2 5.28 19.75 73089
08:40:51 test_drops 2 5.28 19.74 73089
08:40:53 test_drops 2 5.28 19.74 73089
08:40:55 test_drops 2 5.28 19.74 73089
08:40:57 test_drops 2 5.28 19.74 73089
08:40:59 test_drops 2 5.29 19.73 73089
08:41:01 test_drops 2 5.29 19.73 73089
08:41:03 test_drops 2 5.29 19.73 73089
08:41:05 test_drops 2 5.52 19.49 73089
08:41:07 test_drops 2 5.53 19.48 73089
08:41:09 test_drops 2 5.60 19.39 73089
08:41:11 test_drops 2 5.61 19.39 73089
08:41:13 test_drops 2 5.61 19.39 73089
08:41:15 test_drops 2 5.61 19.39 73089
08:41:17 test_drops 2 5.61 19.39 73089
08:41:19 test_drops 2 5.61 19.39 73089
08:41:21 test_drops 2 5.52 19.48 73089
08:41:23 test_drops 2 0.48 24.53 73089
08:41:25 test_drops 2 0.48 24.53 73089
08:41:27 test_drops 2 0.48 24.52 73089
08:41:29 test_drops 2 0.48 24.52 73089
08:41:31 test_drops 2 0.48 24.52 73089
08:41:33 test_drops 2 0.53 24.47 73089
08:41:35 test_drops 2 0.54 24.46 73089
08:41:37 test_drops 2 0.59 24.40 73089
08:41:39 test_drops 2 0.71 24.29 73089
08:41:41 test_drops 2 0.87 24.13 73089
08:41:43 test_drops 2 0.98 24.02 73089
08:41:45 test_drops 2 1.12 23.88 73089
08:41:47 test_drops 2 1.26 23.73 73089
08:41:49 test_drops 2 1.70 23.29 73089
08:41:51 test_drops 2 2.00 22.98 73089
08:41:53 test_drops 2 2.01 22.99 73089
08:41:55 test_drops 2 2.46 22.53 73089
08:41:57 test_drops 2 2.75 22.24 73089
08:41:59 test_drops 2 2.95 22.04 73089
08:42:01 test_drops 2 3.34 21.65 73089
08:42:03 test_drops 2 3.52 21.48 73089
08:42:05 test_drops 2 3.85 21.14 73089
08:42:07 test_drops 2 4.25 20.74 73089
08:42:09 test_drops 2 4.49 20.50 73089
08:42:11 test_drops 2 4.76 20.23 73089
08:42:13 test_drops 2 4.79 20.20 73089
08:42:15 test_drops 2 4.79 20.20 73089
08:42:17 test_drops 2 5.06 19.92 73089
08:42:19 test_drops 2 5.16 19.82 73089
08:42:21 test_drops 2 5.26 19.73 73089
08:42:23 test_drops 2 5.28 19.71 73089
08:42:25 test_drops 2 5.28 19.71 73089
08:42:27 test_drops 2 5.28 19.71 73089
08:42:29 test_drops 2 5.28 19.71 73089
08:42:31 test_drops 2 5.28 19.71 73089
08:42:33 test_drops 2 5.28 19.71 73089
08:42:35 test_drops 2 5.29 19.70 73089
08:42:37 test_drops 2 5.29 19.70 73089
08:42:39 test_drops 2 5.43 19.55 73089
08:42:41 test_drops 2 5.52 19.47 73089
08:42:43 test_drops 2 5.53 19.46 73089
08:42:45 test_drops 2 5.63 19.36 73089
08:42:47 test_drops 2 5.60 19.38 73089
08:42:49 test_drops 2 5.60 19.38 73089
08:42:51 test_drops 2 5.60 19.37 73089
08:42:53 test_drops 2 5.60 19.38 73089
08:42:55 test_drops 2 5.60 19.38 73089
08:42:57 test_drops 2 5.50 19.48 73089
08:42:59 test_drops 1 0.30 24.63 73161
08:43:01 test_drops 1 0.30 24.63 73161
08:43:03 test_drops 1 0.30 24.63 73161
08:43:05 test_drops 1 0.30 24.63 73161
08:43:07 test_drops 1 0.30 24.63 73161
08:43:09 test_drops 1 0.30 24.63 73161
08:43:11 test_drops 1 0.32 24.61 73161
08:43:13 test_drops 1 0.42 24.51 73161
08:43:15 test_drops 1 0.53 24.39 73161
08:43:17 test_drops 1 0.71 24.22 73161
08:43:19 test_drops 1 0.86 24.08 73161
08:43:21 test_drops 1 0.99 23.94 73161
08:43:23 test_drops 1 1.39 23.53 73161
08:43:25 test_drops 1 1.74 23.19 73161
08:43:27 test_drops 1 1.74 23.18 73161
08:43:29 test_drops 1 2.18 22.75 73161
08:43:31 test_drops 1 2.49 22.44 73161
08:43:33 test_drops 1 2.69 22.24 73161
08:43:36 test_drops 1 3.08 21.85 73161
08:43:38 test_drops 1 3.25 21.67 73161
08:43:40 test_drops 1 3.58 21.35 73161
08:43:42 test_drops 1 3.94 20.99 73161
08:43:44 test_drops 1 4.22 20.71 73161
08:43:46 test_drops 1 4.49 20.44 73161
08:43:48 test_drops 1 4.51 20.41 73161
08:43:50 test_drops 1 4.52 20.40 73161
08:43:52 test_drops 1 4.79 20.13 73161
08:43:54 test_drops 1 4.85 20.07 73161
08:43:56 test_drops 1 4.98 19.93 73161
08:43:58 test_drops 1 5.01 19.91 73161
08:44:00 test_drops 1 5.01 19.90 73161
08:44:02 test_drops 1 5.01 19.85 73161
08:44:04 test_drops 1 5.02 19.90 73161
08:44:06 test_drops 1 5.02 19.90 73161
08:44:08 test_drops 1 5.02 19.90 73161
08:44:10 test_drops 1 5.02 20.26 73161
08:44:12 test_drops 1 5.02 19.92 73161
08:44:14 test_drops 1 5.02 19.92 73161
08:44:16 test_drops 1 5.17 19.73 73161
08:44:18 test_drops 1 5.25 19.65 73161
08:44:20 test_drops 1 5.26 19.87 73161
08:44:22 test_drops 1 5.32 19.65 73161
08:44:24 test_drops 1 5.34 19.64 73161
08:44:26 test_drops 1 5.34 19.63 73161
08:44:28 test_drops 1 5.34 19.62 73275
08:44:30 test_drops 1 5.34 19.63 73316
08:44:32 test_drops 0 0.00 24.92 73316
08:44:34 test_drops 1 0.27 24.70 73317
08:44:36 test_ground_items 1 0.34 24.63 73341
08:44:38 test_ground_items 1 0.34 24.63 73341
08:44:40 test_ground_items 1 0.34 24.63 73341
08:44:42 test_ground_items 1 0.34 24.63 73341
08:44:44 test_ground_items 1 0.34 24.57 73341
08:44:46 test_ground_items 1 0.34 24.55 73341
08:44:48 test_ground_items 1 0.34 24.55 73341
08:44:50 test_ground_items 1 0.34 24.57 73341
08:44:52 test_ground_items 1 0.41 24.50 73341
08:44:54 test_ground_items 1 0.42 24.49 73341
08:44:56 test_ground_items 1 0.88 24.02 73341
08:44:58 test_ground_items 1 1.31 23.59 73341
08:45:00 test_ground_items 1 1.68 23.22 73341
08:45:02 test_ground_items 1 1.92 22.98 73341
08:45:04 test_ground_items 1 2.07 22.82 73341
08:45:06 test_ground_items 1 2.25 22.64 73341
08:45:08 test_ground_items 1 2.57 22.33 73341
08:45:10 test_ground_items 1 2.80 22.10 73341
08:45:12 test_ground_items 1 2.98 21.91 73341
08:45:14 test_ground_items 1 3.00 21.89 73341
08:45:16 test_ground_items 1 3.01 21.88 73341
08:45:18 test_ground_items 1 3.01 21.88 73341
08:45:20 test_ground_items 1 3.02 21.87 73341
08:45:22 test_ground_items 1 3.02 21.88 73341
08:45:24 test_ground_items 1 3.02 21.88 73341
08:45:26 test_ground_items 1 3.03 21.87 73341
08:45:28 test_ground_items 1 3.03 21.87 73341
08:45:30 test_ground_items 1 3.03 21.87 73341
08:45:32 test_ground_items 1 3.09 21.81 73341
08:45:34 test_ground_items 1 3.14 21.75 73341
08:45:36 test_ground_items 1 3.30 21.59 73341
08:45:38 test_ground_items 1 3.51 21.39 73341
08:45:40 test_ground_items 1 3.51 21.38 73341
08:45:42 test_ground_items 1 3.52 21.38 73341
08:45:44 test_ground_items 1 3.53 21.37 73341
08:45:46 test_ground_items 1 3.55 21.35 73341
08:45:48 test_ground_items 1 3.56 21.33 73341
08:45:50 test_ground_items 1 3.56 21.33 73341
08:45:52 test_ground_items 1 3.56 21.35 73341
08:45:54 test_ground_items 1 3.56 21.35 73341
08:45:56 test_ground_items 1 3.59 21.32 73341
08:45:58 test_ground_items 1 3.80 21.10 73341
08:46:00 test_ground_items 1 3.98 20.93 73341
08:46:02 test_ground_items 1 4.04 20.86 73341
08:46:04 test_ground_items 1 4.06 20.84 73341
08:46:06 test_ground_items 1 4.09 20.81 73341
08:46:08 test_ground_items 1 4.25 20.65 73341
08:46:10 test_ground_items 1 4.32 20.58 73341
08:46:12 test_ground_items 1 4.32 20.57 73341
08:46:14 test_ground_items 1 4.34 20.57 73341
08:46:16 test_ground_items 1 4.33 20.57 73341
08:46:18 test_ground_items 1 4.33 20.57 73341
08:46:20 test_ground_items 1 4.33 20.57 73341
08:46:22 test_ground_items 1 4.33 20.57 73341
08:46:24 test_ground_items 1 4.33 20.57 73341
08:46:26 test_ground_items 1 4.33 20.57 73341
08:46:28 test_ground_items 1 4.55 20.36 73341
08:46:30 test_ground_items 1 4.57 20.34 73341
08:46:32 test_ground_items 1 4.57 20.33 73341
08:46:34 test_ground_items 1 4.57 20.33 73341
08:46:36 test_ground_items 1 4.57 20.33 73341
08:46:38 test_ground_items 1 4.58 20.32 73341
08:46:40 test_ground_items 1 4.58 20.32 73341
08:46:42 test_ground_items 1 4.58 20.32 73341
08:46:44 test_ground_items 1 4.58 20.32 73341
08:46:46 test_ground_items 1 4.58 20.32 73341
08:46:48 test_ground_items 1 4.58 20.33 73341
08:46:50 test_ground_items 1 4.58 20.32 73341
08:46:52 test_ground_items 1 4.58 20.32 73341
08:46:54 test_ground_items 1 4.58 20.32 73341
08:46:56 test_ground_items 1 4.58 20.32 73341
08:46:58 test_ground_items 1 4.58 20.32 73341
08:47:00 test_ground_items 1 4.58 20.32 73341
08:47:02 test_ground_items 1 4.58 20.33 73341
08:47:04 test_ground_items 1 4.58 20.33 73341
08:47:06 test_ground_items 1 4.58 20.33 73428
08:47:08 test_ground_items 1 4.58 20.32 73428
08:47:10 test_ground_items 1 4.58 20.32 73428
08:47:12 test_ground_items 1 4.58 20.33 73428
08:47:14 test_ground_items 1 4.68 20.22 73428
08:47:16 test_ground_items 1 4.70 20.20 73428
08:47:18 test_ground_items 1 4.76 20.14 73428
08:47:20 test_ground_items 1 4.82 20.08 73428
08:47:22 test_ground_items 1 5.01 19.89 73428
08:47:24 test_ground_items 1 5.21 19.69 73428
08:47:26 test_ground_items 1 5.53 19.37 73428
08:47:28 test_ground_items 1 5.53 19.37 73428
08:47:30 test_ground_items 1 5.97 18.93 73428
08:47:32 test_ground_items 1 6.25 18.65 73428
08:47:34 test_ground_items 1 6.42 18.48 73428
08:47:36 test_ground_items 1 6.55 18.35 73428
08:47:38 test_ground_items 1 6.89 18.01 73428
08:47:40 test_ground_items 1 7.18 17.72 73428
08:47:42 test_ground_items 1 7.42 17.48 73428
08:47:44 test_ground_items 1 7.78 17.12 73428
08:47:46 test_ground_items 1 7.92 16.98 73428
08:47:48 test_ground_items 1 8.28 16.62 73428
08:47:50 test_ground_items 1 8.53 16.36 73428
08:47:52 test_ground_items 1 8.75 16.14 73428
08:47:54 test_ground_items 1 8.85 16.05 73428
08:47:56 test_ground_items 1 8.86 16.03 73428
08:47:58 test_ground_items 1 8.86 16.03 73428
08:48:00 test_ground_items 1 9.18 15.71 73428
08:48:02 test_ground_items 1 9.32 15.57 73428
08:48:04 test_ground_items 1 9.33 15.56 73428
08:48:06 test_ground_items 1 9.35 15.54 73428
08:48:08 test_ground_items 1 9.35 15.54 73428
08:48:10 test_ground_items 1 9.35 15.54 73428
08:48:12 test_ground_items 1 9.35 15.54 73428
08:48:14 test_ground_items 1 9.35 15.54 73428
08:48:16 test_ground_items 1 9.37 15.52 73428
08:48:18 test_ground_items 1 9.70 15.18 73428
08:48:20 test_ground_items 1 9.73 15.15 73428
08:48:22 test_ground_items 1 9.75 15.13 73428
08:48:24 test_ground_items 1 9.75 15.13 73428
08:48:26 test_ground_items 1 9.75 15.12 73428
08:48:28 test_ground_items 1 9.75 15.13 73428
08:48:30 test_ground_items 1 9.75 15.13 73428
08:48:32 test_ground_items 1 9.75 15.13 73428
08:48:34 test_ground_items 1 9.75 15.12 73428
08:48:36 test_ground_items 1 9.75 15.12 73428
08:48:38 test_ground_items 1 9.75 15.12 73428
08:48:40 test_ground_items 1 9.75 15.12 73428
08:48:42 test_ground_items 1 9.75 15.12 73428
08:48:44 test_ground_items 1 9.75 15.12 73428
08:48:46 test_ground_items 1 9.72 15.15 73708
08:48:48 test_ground_items 1 9.72 15.16 73708
08:48:50 test_ground_items 1 0.27 24.63 73709
08:48:52 test_effects 1 0.30 24.60 73728
08:48:54 test_effects 0 0.00 24.84 73771
08:48:56 test_effects 1 0.27 24.63 73772
08:48:58 test_actions 1 0.30 24.60 73791
08:49:00 test_actions 1 0.30 24.60 73791
08:49:02 test_actions 1 0.30 24.60 73791
08:49:04 test_actions 1 0.30 24.60 73791
08:49:06 test_actions 1 0.35 24.55 73791
08:49:08 test_actions 1 0.36 24.54 73791
08:49:10 test_actions 1 0.42 24.48 73791
08:49:12 test_actions 1 0.48 24.42 73791
08:49:14 test_actions 1 0.67 24.23 73791
08:49:16 test_actions 1 0.87 24.03 73791
08:49:18 test_actions 1 1.19 23.71 73791
08:49:20 test_actions 1 1.19 23.70 73791
08:49:22 test_actions 1 1.64 23.25 73791
08:49:24 test_actions 1 1.91 22.98 73791
08:49:26 test_actions 1 2.07 22.82 73791
08:49:28 test_actions 1 2.24 22.65 73791
08:49:30 test_actions 1 2.57 22.33 73791
08:49:32 test_actions 1 2.87 22.03 73791
08:49:34 test_actions 1 3.07 21.83 73791
08:49:36 test_actions 1 3.57 21.33 73791
08:49:38 test_actions 1 3.57 21.31 73791
08:49:40 test_actions 1 3.99 20.90 73791
08:49:42 test_actions 1 4.23 20.66 73791
08:49:44 test_actions 1 4.50 20.39 73791
08:49:46 test_actions 1 4.52 20.36 73791
08:49:48 test_actions 1 4.52 20.36 73791
08:49:50 test_actions 1 4.63 20.25 73791
08:49:52 test_actions 1 4.94 19.93 73791
08:49:54 test_actions 1 4.99 19.84 73791
08:49:56 test_actions 1 5.01 19.87 73791
08:49:58 test_actions 1 5.01 19.87 73791
08:50:00 test_actions 1 5.01 19.87 73791
08:50:02 test_actions 1 5.02 20.26 73791
08:50:04 test_actions 1 5.02 20.12 73791
08:50:06 test_actions 1 5.02 19.96 73791
08:50:08 test_actions 1 5.07 19.91 73791
08:50:10 test_actions 1 5.40 19.56 73791
08:50:12 test_actions 1 5.42 19.54 73791
08:50:14 test_actions 1 5.43 19.52 73791
08:50:16 test_actions 1 5.43 19.53 73791
08:50:18 test_actions 1 5.43 19.53 73791
08:50:20 test_actions 1 5.43 19.52 73791
08:50:22 test_actions 1 5.43 19.52 73791
08:50:24 test_actions 1 5.43 19.51 73905
08:50:26 test_actions 1 5.43 19.52 73905
08:50:28 test_actions 1 5.43 19.52 73905
08:50:30 test_actions 1 5.43 19.51 73905
08:50:32 test_actions 1 5.43 19.51 73905
08:50:34 test_actions 2 5.62 19.39 73905
08:50:36 test_actions 2 5.62 19.39 73905
08:50:38 test_actions 2 5.62 19.39 73905
08:50:40 test_actions 2 5.62 19.39 73905
08:50:42 test_actions 2 5.70 19.30 73905
08:50:44 test_actions 2 5.75 19.25 73905
08:50:46 test_actions 2 5.79 19.20 73905
08:50:48 test_actions 2 5.87 19.13 73905
08:50:50 test_actions 2 6.05 18.94 73905
08:50:52 test_actions 2 6.26 18.73 73905
08:50:54 test_actions 2 6.58 18.41 73905
08:50:56 test_actions 2 6.58 18.41 73905
08:50:58 test_actions 2 6.89 18.10 73905
08:51:00 test_actions 2 7.19 17.80 73905
08:51:02 test_actions 2 7.47 17.52 73905
08:51:04 test_actions 2 7.51 17.48 73905
08:51:06 test_actions 2 7.85 17.13 73905
08:51:08 test_actions 2 8.13 16.85 73905
08:51:10 test_actions 2 8.47 16.52 73905
08:51:12 test_actions 2 8.70 16.27 73905
08:51:14 test_actions 2 8.97 16.02 73905
08:51:16 test_actions 2 9.23 15.75 73905
08:51:18 test_actions 2 9.51 15.48 73905
08:51:20 test_actions 2 9.76 15.23 73905
08:51:22 test_actions 2 9.90 15.08 73905
08:51:24 test_actions 2 9.92 15.06 73905
08:51:26 test_actions 2 9.91 15.07 73905
08:51:28 test_actions 2 10.18 14.80 73905
08:51:30 test_actions 2 10.37 14.61 73905
08:51:32 test_actions 2 10.39 14.59 73905
08:51:34 test_actions 2 10.41 14.57 73905
08:51:36 test_actions 2 10.41 14.57 73905
08:51:38 test_actions 2 10.41 14.57 73905
08:51:40 test_actions 2 10.41 14.57 73905
08:51:42 test_actions 2 10.42 14.57 73905
08:51:44 test_actions 2 10.42 14.57 73905
08:51:46 test_actions 2 10.77 14.21 73905
08:51:48 test_actions 2 10.80 14.18 73905
08:51:50 test_actions 2 10.82 14.16 73905
08:51:52 test_actions 2 10.82 14.16 73905
08:51:54 test_actions 2 10.83 14.15 73905
08:51:56 test_actions 2 10.83 14.16 73905
08:51:58 test_actions 2 10.83 14.16 73905
08:52:00 test_actions 2 10.83 14.15 73905
08:52:02 test_actions 2 10.83 14.15 73905
08:52:04 test_actions 2 10.83 14.15 73905
08:52:06 test_actions 2 10.83 14.15 73905
08:52:08 test_actions 2 10.82 14.16 73905
08:52:10 test_actions 2 5.62 19.37 73905
08:52:12 test_actions 2 5.62 19.37 73905
08:52:14 test_actions 2 5.62 19.37 73905
08:52:16 test_actions 2 5.62 19.37 73905
08:52:18 test_actions 2 5.62 19.37 73905
08:52:20 test_actions 2 5.75 19.24 73905
08:52:22 test_actions 2 5.76 19.23 73905
08:52:24 test_actions 2 5.87 19.12 73905
08:52:26 test_actions 2 6.00 19.00 73905
08:52:28 test_actions 2 6.26 18.73 73905
08:52:30 test_actions 2 6.44 18.55 73905
08:52:32 test_actions 2 6.58 18.40 73905
08:52:34 test_actions 2 6.65 18.34 73905
08:52:36 test_actions 2 7.04 17.95 73905
08:52:38 test_actions 2 7.46 17.53 73905
08:52:40 test_actions 2 7.47 17.52 73905
08:52:42 test_actions 2 7.74 17.25 73905
08:52:44 test_actions 2 8.02 16.98 73905
08:52:46 test_actions 2 8.37 16.62 73905
08:52:48 test_actions 2 8.58 16.41 73905
08:52:50 test_actions 2 8.96 16.03 73905
08:52:52 test_actions 2 8.97 16.02 73905
08:52:54 test_actions 2 9.44 15.55 73905
08:52:56 test_actions 2 9.62 15.36 73905
08:52:58 test_actions 2 9.89 15.09 73905
08:53:00 test_actions 2 9.92 15.06 73905
08:53:02 test_actions 2 9.91 15.06 73905
08:53:04 test_actions 2 10.04 14.94 73905
08:53:06 test_actions 2 10.34 14.64 73905
08:53:08 test_actions 2 10.38 14.59 73905
08:53:10 test_actions 2 10.40 14.57 73905
08:53:12 test_actions 2 10.41 14.58 73905
08:53:14 test_actions 2 10.41 14.57 73905
08:53:16 test_actions 2 10.41 14.57 73905
08:53:18 test_actions 2 10.41 14.57 73905
08:53:20 test_actions 2 10.42 14.57 73905
08:53:22 test_actions 2 10.51 14.47 73905
08:53:24 test_actions 2 10.79 14.19 73905
08:53:26 test_actions 2 10.82 14.16 73905
08:53:28 test_actions 2 10.82 14.16 73905
08:53:30 test_actions 2 10.82 14.16 73905
08:53:32 test_actions 2 10.83 14.15 73905
08:53:34 test_actions 2 10.83 14.15 73905
08:53:36 test_actions 2 10.83 14.14 73905
08:53:38 test_actions 2 10.83 14.14 73905
08:53:40 test_actions 2 10.83 14.14 73905
08:53:42 test_actions 2 10.83 14.14 73905
08:53:44 test_actions 2 10.79 14.17 73905
08:53:46 test_actions 1 5.42 19.49 74019
08:53:48 test_actions 1 0.00 23.14 74019
08:53:50 test_actions 1 0.27 24.66 74020
08:53:52 test_control_loop 1 0.30 24.63 74044
08:53:54 test_control_loop 1 0.30 24.63 74044
08:53:56 test_control_loop 1 0.30 24.63 74044
08:53:58 test_control_loop 1 0.30 24.63 74044
08:54:00 test_control_loop 1 0.30 24.63 74044
08:54:02 test_control_loop 1 0.36 24.58 74044
08:54:04 test_control_loop 1 0.36 24.57 74044
08:54:06 test_control_loop 1 0.48 24.45 74044
08:54:08 test_control_loop 1 0.60 24.33 74044
08:54:10 test_control_loop 1 0.87 24.06 74044
08:54:12 test_control_loop 1 1.17 23.76 74044
08:54:14 test_control_loop 1 1.19 23.74 74044
08:54:16 test_control_loop 1 1.32 23.61 74044
08:54:18 test_control_loop 1 1.74 23.18 74044
08:54:20 test_control_loop 1 2.07 22.85 74044
08:54:22 test_control_loop 1 2.07 22.85 74044
08:54:24 test_control_loop 1 2.38 22.54 74044
08:54:26 test_control_loop 1 2.74 22.18 74044
08:54:28 test_control_loop 1 3.07 21.85 74044
08:54:30 test_control_loop 1 3.32 21.60 74044
08:54:32 test_control_loop 1 3.57 21.34 74044
08:54:34 test_control_loop 1 3.85 21.06 74044
08:54:36 test_control_loop 1 4.12 20.79 74044
08:54:38 test_control_loop 1 4.41 20.51 74044
08:54:40 test_control_loop 1 4.51 20.41 74044
08:54:42 test_control_loop 1 4.52 20.40 74044
08:54:44 test_control_loop 1 4.52 20.40 74044
08:54:46 test_control_loop 1 4.85 20.07 74044
08:54:48 test_control_loop 1 4.99 19.93 74044
08:54:50 test_control_loop 1 5.00 19.91 74044
08:54:52 test_control_loop 1 5.01 19.90 74044
08:54:54 test_control_loop 1 5.01 19.90 74044
08:54:56 test_control_loop 1 5.02 19.90 74044
08:54:58 test_control_loop 1 5.02 19.90 74044
08:55:00 test_control_loop 1 5.02 19.89 74044
08:55:02 test_control_loop 1 5.07 19.85 74044
08:55:04 test_control_loop 1 5.39 19.52 74044
08:55:06 test_control_loop 1 5.41 19.50 74044
08:55:08 test_control_loop 1 5.43 19.49 74044
08:55:10 test_control_loop 1 5.43 19.49 74044
08:55:12 test_control_loop 1 5.43 19.49 74044
08:55:14 test_control_loop 1 5.43 19.49 74044
08:55:16 test_control_loop 1 5.43 19.48 74044
08:55:18 test_control_loop 1 5.43 19.48 74112
08:55:20 test_control_loop 1 5.43 19.48 74112
08:55:22 test_control_loop 2 5.62 19.36 74112
08:55:24 test_control_loop 2 5.62 19.36 74112
08:55:26 test_control_loop 2 5.62 19.36 74112
08:55:28 test_control_loop 2 5.62 19.36 74112
08:55:30 test_control_loop 2 5.62 19.36 74112
08:55:32 test_control_loop 2 5.75 19.22 74112
08:55:34 test_control_loop 2 5.76 19.22 74112
08:55:36 test_control_loop 2 5.87 19.10 74112
08:55:38 test_control_loop 2 5.99 18.98 74112
08:55:40 test_control_loop 2 6.26 18.71 74112
08:55:42 test_control_loop 2 6.52 18.45 74112
08:55:44 test_control_loop 2 6.58 18.39 74112
08:55:46 test_control_loop 2 6.70 18.27 74112
08:55:48 test_control_loop 2 7.06 17.91 74112
08:55:50 test_control_loop 2 7.46 17.51 74112
08:55:52 test_control_loop 2 7.47 17.50 74112
08:55:54 test_control_loop 2 7.74 17.23 74112
08:55:56 test_control_loop 2 8.07 16.90 74112
08:55:58 test_control_loop 2 8.47 16.50 74112
08:56:00 test_control_loop 2 8.64 16.33 74112
08:56:02 test_control_loop 2 8.97 16.01 74112
08:56:04 test_control_loop 2 9.15 15.82 74112
08:56:06 test_control_loop 2 9.48 15.49 74112
08:56:08 test_control_loop 2 9.62 15.35 74112
08:56:10 test_control_loop 2 9.90 15.07 74112
08:56:12 test_control_loop 2 9.92 15.05 74112
08:56:14 test_control_loop 2 9.91 15.06 74112
08:56:16 test_control_loop 2 10.09 14.88 74112
08:56:18 test_control_loop 2 10.37 14.61 74112
08:56:20 test_control_loop 2 10.39 14.58 74112
08:56:22 test_control_loop 2 10.41 14.56 74112
08:56:24 test_control_loop 2 10.41 14.56 74112
08:56:26 test_control_loop 2 10.41 14.55 74112
08:56:28 test_control_loop 2 10.41 14.55 74112
08:56:30 test_control_loop 2 10.41 14.55 74112
08:56:32 test_control_loop 2 10.41 14.55 74112
08:56:34 test_control_loop 2 10.64 14.32 74112
08:56:36 test_control_loop 2 10.80 14.17 74112
08:56:38 test_control_loop 2 10.82 14.15 74112
08:56:40 test_control_loop 2 10.82 14.15 74112
08:56:42 test_control_loop 2 10.82 14.15 74112
08:56:44 test_control_loop 2 10.83 14.14 74112
08:56:46 test_control_loop 2 10.83 14.14 74112
08:56:48 test_control_loop 2 10.83 14.14 74112
08:56:50 test_control_loop 2 10.83 14.14 74112
08:56:52 test_control_loop 2 10.83 14.14 74112
08:56:54 test_control_loop 2 10.83 14.14 74112
08:56:56 test_control_loop 2 10.83 14.14 74112
08:56:58 test_control_loop 2 10.83 14.14 74112
08:57:00 test_control_loop 2 10.83 14.14 74112
08:57:02 test_control_loop 2 10.79 14.17 74112
08:57:04 test_control_loop 2 5.62 19.35 74112
08:57:06 test_control_loop 2 5.62 19.35 74112
08:57:08 test_control_loop 2 5.62 19.35 74112
08:57:10 test_control_loop 2 5.62 19.35 74112
08:57:12 test_control_loop 2 5.62 19.35 74112
08:57:14 test_control_loop 2 5.75 19.22 74112
08:57:16 test_control_loop 2 5.76 19.21 74112
08:57:18 test_control_loop 2 5.87 19.09 74112
08:57:20 test_control_loop 2 6.00 18.96 74112
08:57:22 test_control_loop 2 6.26 18.70 74112
08:57:24 test_control_loop 2 6.44 18.53 74112
08:57:26 test_control_loop 2 6.59 18.38 74112
08:57:28 test_control_loop 2 6.65 18.31 74112
08:57:30 test_control_loop 2 7.04 17.92 74112
08:57:32 test_control_loop 2 7.46 17.50 74112
08:57:34 test_control_loop 2 7.47 17.50 74112
08:57:36 test_control_loop 2 7.74 17.22 74112
08:57:38 test_control_loop 2 8.02 16.95 74112
08:57:40 test_control_loop 2 8.38 16.59 74112
08:57:42 test_control_loop 2 8.59 16.38 74112
08:57:44 test_control_loop 2 8.96 15.99 74112
08:57:46 test_control_loop 2 9.00 15.96 74112
08:57:48 test_control_loop 2 9.44 15.52 74112
08:57:50 test_control_loop 2 9.62 15.33 74112
08:57:52 test_control_loop 2 9.90 15.06 74112
08:57:54 test_control_loop 2 9.92 15.04 74112
08:57:56 test_control_loop 2 9.92 15.04 74112
08:57:58 test_control_loop 2 10.07 14.89 74112
08:58:00 test_control_loop 2 10.34 14.62 74112
08:58:02 test_control_loop 2 10.39 14.57 74112
08:58:04 test_control_loop 2 10.41 14.55 74112
08:58:06 test_control_loop 2 10.41 14.55 74112
08:58:08 test_control_loop 2 10.41 14.55 74112
08:58:10 test_control_loop 2 10.41 14.55 74112
08:58:12 test_control_loop 2 10.41 14.55 74112
08:58:14 test_control_loop 2 10.42 14.54 74112
08:58:16 test_control_loop 2 10.53 14.42 74112
08:58:18 test_control_loop 2 10.80 14.16 74112
08:58:20 test_control_loop 2 10.82 14.13 74112
08:58:22 test_control_loop 2 10.82 14.13 74112
08:58:24 test_control_loop 2 10.82 14.13 74112
08:58:26 test_control_loop 2 10.83 14.12 74112
08:58:28 test_control_loop 2 10.83 14.12 74112
08:58:30 test_control_loop 2 10.83 14.12 74112
08:58:32 test_control_loop 2 10.83 14.11 74112
08:58:34 test_control_loop 2 10.83 14.12 74112
08:58:36 test_control_loop 2 10.83 14.12 74112
08:58:38 test_control_loop 2 10.83 14.12 74112
08:58:40 test_control_loop 2 10.83 14.50 74112
08:58:42 test_control_loop 2 10.83 13.84 74112
08:58:44 test_control_loop 2 10.80 14.00 74112
08:58:46 test_control_loop 1 5.40 19.34 74218
08:58:48 test_control_loop 0 0.00 24.68 74218
08:58:50 test_control_loop 1 0.27 24.47 74219
08:58:52 test_walk_motion 1 0.30 24.44 74242
08:58:54 test_walk_motion 1 0.30 24.43 74242
08:58:56 test_walk_motion 1 0.30 24.42 74242
08:58:58 test_walk_motion 1 0.30 24.65 74242
08:59:00 test_walk_motion 1 0.30 24.65 74242
08:59:02 test_walk_motion 1 0.30 24.65 74242
08:59:04 test_walk_motion 1 0.30 24.65 74242
08:59:06 test_walk_motion 1 0.35 24.59 74242
08:59:08 test_walk_motion 1 0.51 24.44 74242
08:59:10 test_walk_motion 1 0.71 24.23 74242
08:59:12 test_walk_motion 1 0.86 24.09 74242
08:59:14 test_walk_motion 1 0.93 24.02 74242
08:59:16 test_walk_motion 1 1.32 23.62 74242
08:59:18 test_walk_motion 1 1.74 23.20 74242
08:59:20 test_walk_motion 1 1.74 23.21 74242
08:59:22 test_walk_motion 1 2.13 22.81 74242
08:59:24 test_walk_motion 1 2.43 22.52 74242
08:59:26 test_walk_motion 1 2.61 22.34 74242
08:59:28 test_walk_motion 1 2.98 21.96 74242
08:59:30 test_walk_motion 1 3.19 21.75 74242
08:59:32 test_walk_motion 1 3.58 21.37 74242
08:59:35 test_walk_motion 1 3.90 21.04 74242
08:59:37 test_walk_motion 1 4.20 20.74 74242
08:59:39 test_walk_motion 1 4.42 20.52 74242
08:59:41 test_walk_motion 1 4.51 20.43 74242
08:59:43 test_walk_motion 1 4.52 20.42 74242
08:59:45 test_walk_motion 1 4.79 20.15 74242
08:59:47 test_walk_motion 1 4.85 20.09 74242
08:59:49 test_walk_motion 1 4.99 19.95 74242
08:59:51 test_walk_motion 1 5.01 19.93 74242
08:59:53 test_walk_motion 1 5.01 19.93 74242
08:59:55 test_walk_motion 1 5.01 19.93 74242
08:59:57 test_walk_motion 1 5.02 19.92 74242
08:59:59 test_walk_motion 1 5.02 19.92 74242
09:00:01 test_walk_motion 1 5.02 19.92 74242
09:00:03 test_walk_motion 1 5.02 19.92 74242
09:00:05 test_walk_motion 1 5.02 19.91 74242
09:00:07 test_walk_motion 1 5.02 19.91 74242
09:00:09 test_walk_motion 1 5.25 19.69 74242
09:00:11 test_walk_motion 1 5.26 19.68 74242
09:00:13 test_walk_motion 1 5.32 19.62 74242
09:00:15 test_walk_motion 1 5.34 19.59 74321
09:00:17 test_walk_motion 1 5.34 19.59 74321
09:00:19 test_walk_motion 1 5.25 19.68 74321
09:00:21 test_walk_motion 1 5.25 19.68 74321
09:00:23 test_walk_motion 1 5.25 19.68 74321
09:00:25 test_walk_motion 1 5.25 19.68 74321
09:00:27 test_walk_motion 1 5.25 19.68 74321
09:00:29 test_walk_motion 1 5.25 19.68 74321
09:00:31 test_walk_motion 1 5.25 19.68 74321
09:00:33 test_walk_motion 1 5.25 19.68 74321
09:00:35 test_walk_motion 1 5.24 19.69 75298
09:00:37 test_walk_motion 0 0.00 24.88 75298
09:00:39 test_walk_motion 1 0.27 24.67 75299
09:00:41 test_observation 1 0.30 24.64 75322
09:00:43 test_observation 1 0.30 24.64 75322
09:00:45 test_observation 1 0.30 24.64 75322
09:00:47 test_observation 1 0.30 24.64 75322
09:00:49 test_observation 1 0.31 24.63 75322
09:00:51 test_observation 1 0.36 24.58 75322
09:00:53 test_observation 1 0.41 24.52 75322
09:00:55 test_observation 1 0.48 24.46 75322
09:00:57 test_observation 1 0.67 24.26 75322
09:00:59 test_observation 1 0.87 24.06 75322
09:01:01 test_observation 1 1.19 23.74 75322
09:01:03 test_observation 1 1.19 23.74 75322
09:01:05 test_observation 1 1.56 23.37 75322
09:01:07 test_observation 1 1.91 23.02 75322
09:01:09 test_observation 1 2.07 22.85 75322
09:01:11 test_observation 1 2.20 22.73 75322
09:01:13 test_observation 1 2.52 22.40 75322
09:01:15 test_observation 1 2.84 22.09 75322
09:01:17 test_observation 1 3.07 21.85 75322
09:01:19 test_observation 1 3.42 21.50 75322
09:01:21 test_observation 1 3.57 21.34 75322
09:01:23 test_observation 1 3.94 20.97 75322
09:01:25 test_observation 1 4.22 20.71 75322
09:01:27 test_observation 1 4.49 20.43 75322
09:01:29 test_observation 1 4.52 20.41 75322
09:01:31 test_observation 1 4.52 20.41 75322
09:01:33 test_observation 1 4.52 20.41 75322
09:01:35 test_observation 1 4.93 20.00 75322
09:01:37 test_observation 1 4.98 19.94 75322
09:01:39 test_observation 1 5.01 19.92 75322
09:01:41 test_observation 1 5.01 19.91 75322
09:01:43 test_observation 1 5.01 19.91 75322
09:01:45 test_observation 1 5.02 19.90 75322
09:01:47 test_observation 1 5.02 19.90 75322
09:01:49 test_observation 1 5.02 19.90 75322
09:01:51 test_observation 1 5.07 19.85 75322
09:01:53 test_observation 1 5.40 19.52 75322
09:01:55 test_observation 1 5.42 19.50 75322
09:01:57 test_observation 1 5.43 19.49 75322
09:01:59 test_observation 1 5.43 19.49 75322
09:02:01 test_observation 1 5.43 19.49 75322
09:02:03 test_observation 1 5.43 19.49 75322
09:02:05 test_observation 1 5.43 19.49 75322
09:02:07 test_observation 1 5.43 19.49 75322
09:02:09 test_observation 1 5.43 19.48 75322
09:02:11 test_observation 1 5.43 19.48 75322
09:02:13 test_observation 1 5.43 19.48 75322
09:02:15 test_observation 1 5.43 19.48 75322
09:02:17 test_observation 1 5.43 19.48 75322
09:02:19 test_observation 1 5.43 19.48 75322
09:02:21 test_observation 1 5.43 19.48 75322
09:02:23 test_observation 1 5.43 19.48 75322
09:02:25 test_observation 1 5.43 19.47 75322
09:02:27 test_observation 1 5.43 19.48 75322
09:02:29 test_observation 1 5.43 19.48 75322
09:02:31 test_observation 1 5.43 19.48 75322
09:02:33 test_observation 1 5.43 19.48 75322
09:02:35 test_observation 1 5.43 19.48 75322
09:02:37 test_observation 1 5.43 19.48 75322
09:02:39 test_observation 1 5.43 19.48 75437
09:02:41 test_observation 1 5.43 19.48 75437
09:02:43 test_observation 1 5.43 19.48 75437
09:02:45 test_observation 1 5.43 19.48 75437
09:02:47 test_observation 1 5.43 19.48 75437
09:02:49 test_observation 1 5.43 19.48 75437
09:02:51 test_observation 1 5.43 19.48 75437
09:02:53 test_observation 1 5.43 19.48 75437
09:02:55 test_observation 1 5.43 19.48 75437
09:02:57 test_observation 1 5.43 19.48 75437
09:02:59 test_observation 1 5.43 19.48 75437
09:03:01 test_observation 1 5.43 19.48 75437
09:03:03 test_observation 1 5.43 19.48 75437
09:03:05 test_observation 1 5.43 19.48 75437
09:03:07 test_observation 1 5.43 19.48 75437
09:03:09 test_observation 1 5.43 19.47 75437
09:03:11 test_observation 1 5.43 19.48 75437
09:03:13 test_observation 1 5.43 19.48 75437
09:03:15 test_observation 1 5.43 19.48 75437
09:03:17 test_observation 1 5.43 19.48 75437
09:03:19 test_observation 1 5.43 19.48 75437
09:03:21 test_observation 1 5.43 19.48 75546
09:03:23 test_observation 1 5.43 19.48 75546
09:03:25 test_observation 1 5.43 19.48 75546
09:03:27 test_observation 1 5.43 19.48 75546
09:03:29 test_observation 1 5.43 19.48 75546
09:03:31 test_observation 1 5.43 19.48 75546
09:03:33 test_observation 1 5.43 19.48 75546
09:03:35 test_observation 1 5.43 19.48 75546
09:03:37 test_observation 1 5.43 19.48 75546
09:03:39 test_observation 1 5.42 19.49 76024
09:03:41 test_observation 0 0.00 24.86 76024
09:03:43 test_observation 1 0.27 24.65 76025
09:03:45 test_scenario 1 0.30 24.61 76045
09:03:47 test_scenario 1 0.30 24.61 76045
09:03:49 test_scenario 1 0.30 24.61 76045
09:03:51 test_scenario 1 0.30 24.61 76045
09:03:53 test_scenario 1 0.35 24.57 76045
09:03:55 test_scenario 1 0.36 24.56 76045
09:03:57 test_scenario 1 0.42 24.49 76045
09:03:59 test_scenario 1 0.48 24.44 76045
09:04:01 test_scenario 1 0.67 24.25 76045
09:04:03 test_scenario 1 0.87 24.05 76045
09:04:05 test_scenario 1 1.19 24.10 76045
09:04:07 test_scenario 1 1.20 23.96 76045
09:04:09 test_scenario 1 1.64 23.34 76045
09:04:11 test_scenario 1 1.91 23.06 76045
09:04:13 test_scenario 1 2.08 22.89 76045
09:04:15 test_scenario 1 2.24 22.71 76045
09:04:17 test_scenario 1 2.60 22.36 76045
09:04:19 test_scenario 1 2.89 22.07 76045
09:04:21 test_scenario 1 3.07 21.88 76045
09:04:23 test_scenario 1 3.57 21.38 76045
09:04:25 test_scenario 1 3.57 21.37 76045
09:04:27 test_scenario 1 3.99 20.96 76045
09:04:29 test_scenario 1 4.23 20.72 76045
09:04:31 test_scenario 1 4.50 20.45 76045
09:04:33 test_scenario 1 4.52 20.43 76045
09:04:35 test_scenario 1 4.52 20.43 76045
09:04:37 test_scenario 1 4.57 20.38 76045
09:04:39 test_scenario 1 4.94 20.00 76045
09:04:41 test_scenario 1 4.99 19.95 76045
09:04:43 test_scenario 1 5.01 19.93 76045
09:04:45 test_scenario 1 5.02 19.93 76045
09:04:47 test_scenario 1 5.02 19.93 76045
09:04:49 test_scenario 1 5.02 19.92 76045
09:04:51 test_scenario 1 5.02 19.92 76045
09:04:53 test_scenario 1 5.02 19.92 76045
09:04:55 test_scenario 1 5.07 19.87 76045
09:04:57 test_scenario 1 5.40 19.53 76045
09:04:59 test_scenario 1 5.42 19.51 76045
09:05:01 test_scenario 1 5.43 19.51 76045
09:05:03 test_scenario 1 5.43 19.51 76045
09:05:05 test_scenario 1 5.43 19.50 76045
09:05:07 test_scenario 1 5.43 19.50 76045
09:05:09 test_scenario 1 5.43 19.51 76118
09:05:11 test_scenario 1 5.43 19.51 76118
09:05:13 test_scenario 1 5.43 19.50 76118
09:05:15 test_scenario 1 5.43 19.50 76118
09:05:17 test_scenario 1 5.43 19.50 76118
09:05:19 test_scenario 1 5.43 19.50 76118
09:05:21 test_scenario 1 5.43 19.50 76118
09:05:23 test_scenario 1 5.43 19.50 76118
09:05:25 test_scenario 1 5.43 19.50 76118
09:05:27 test_scenario 1 5.43 19.50 76118
09:05:29 test_scenario 1 5.43 19.50 76118
09:05:31 test_scenario 1 5.43 19.50 76118
09:05:33 test_scenario 1 5.43 19.50 76118
09:05:35 test_scenario 1 5.43 19.50 76118
09:05:37 test_scenario 1 5.43 19.50 76118
09:05:39 test_scenario 1 5.43 19.50 76118
09:05:41 test_scenario 1 5.43 19.50 76118
09:05:43 test_scenario 1 5.43 19.50 76118
09:05:45 test_scenario 1 5.43 19.50 76118
09:05:47 test_scenario 1 5.43 19.50 76118
09:05:49 test_scenario 1 5.43 19.50 76118
09:05:51 test_scenario 1 5.43 19.50 76118
09:05:53 test_scenario 1 5.43 19.50 76118
09:05:55 test_scenario 1 5.43 19.51 76118
09:05:57 test_scenario 1 5.43 19.50 76118
09:05:59 test_scenario 1 5.43 19.50 76118
09:06:01 test_scenario 1 5.43 19.50 76118
09:06:03 test_scenario 1 5.43 19.50 76118
09:06:05 test_scenario 1 5.43 19.50 76118
09:06:07 test_scenario 1 5.43 19.50 76118
09:06:09 test_scenario 1 5.43 19.50 76118
09:06:11 test_scenario 1 5.43 19.50 76118
09:06:13 test_scenario 1 5.43 19.49 76118
09:06:15 test_scenario 1 5.43 19.48 76191
09:06:17 test_scenario 1 5.43 19.49 76191
09:06:19 test_scenario 1 5.43 19.49 76191
09:06:21 test_scenario 1 5.43 19.49 76191
09:06:23 test_scenario 1 5.43 19.48 76191
09:06:25 test_scenario 1 5.43 19.49 76191
09:06:27 test_scenario 1 5.43 19.48 76191
09:06:29 test_scenario 1 5.43 19.48 76191
09:06:31 test_scenario 1 5.43 19.48 76191
09:06:33 test_scenario 1 5.43 19.48 76191
09:06:35 test_scenario 1 5.43 19.48 76191
09:06:37 test_scenario 1 5.43 19.49 76191
09:06:39 test_scenario 1 5.43 19.49 76191
09:06:41 test_scenario 1 5.43 19.49 76191
09:06:43 test_scenario 1 5.43 19.49 76191
09:06:45 test_scenario 1 5.43 19.49 76191
09:06:47 test_scenario 1 5.43 19.49 76191
09:06:49 test_scenario 1 5.43 19.49 76191
09:06:51 test_scenario 1 5.43 19.49 76191
09:06:53 test_scenario 1 5.43 19.49 76191
09:06:55 test_scenario 1 5.43 19.49 76191
09:06:57 test_scenario 1 5.43 19.49 76191
09:06:59 test_scenario 1 5.43 19.49 76273
09:07:01 test_scenario 1 5.43 19.49 76273
09:07:03 test_scenario 1 5.43 19.49 76273
09:07:05 test_scenario 1 5.43 19.49 76273
09:07:07 test_scenario 1 5.43 19.49 76273
09:07:09 test_scenario 1 5.43 19.49 76273
09:07:11 test_scenario 1 5.43 19.49 76273
09:07:13 test_scenario 1 5.43 19.49 76273
09:07:15 test_scenario 1 5.43 19.49 76273
09:07:17 test_scenario 1 5.43 19.49 76273
09:07:19 test_scenario 1 5.43 19.49 76273
09:07:21 test_scenario 1 5.43 19.49 76273
09:07:23 test_scenario 1 5.43 19.49 76273
09:07:25 test_scenario 1 5.43 19.49 76273
09:07:27 test_scenario 1 5.43 19.48 76273
09:07:29 test_scenario 1 5.43 19.48 76273
09:07:31 test_scenario 1 5.43 19.49 76273
09:07:33 test_scenario 1 5.43 19.49 76273
09:07:35 test_scenario 1 5.43 19.49 76273
09:07:37 test_scenario 1 5.43 19.49 76273
09:07:39 test_scenario 1 5.43 19.49 76273
09:07:41 test_scenario 1 5.43 19.49 76273
09:07:43 test_scenario 2 5.62 19.37 76341
09:07:45 test_scenario 2 5.62 19.36 76341
09:07:47 test_scenario 2 5.62 19.36 76341
09:07:49 test_scenario 2 5.62 19.36 76341
09:07:51 test_scenario 2 5.73 19.26 76341
09:07:53 test_scenario 2 5.75 19.23 76341
09:07:55 test_scenario 2 5.82 19.16 76341
09:07:57 test_scenario 2 5.87 19.10 76341
09:07:59 test_scenario 2 6.07 18.91 76341
09:08:01 test_scenario 2 6.26 18.71 76341
09:08:03 test_scenario 2 6.59 18.39 76341
09:08:05 test_scenario 2 6.59 18.39 76341
09:08:07 test_scenario 2 6.94 18.03 76341
09:08:09 test_scenario 2 7.27 17.70 76341
09:08:11 test_scenario 2 7.47 17.51 76341
09:08:13 test_scenario 2 7.55 17.43 76341
09:08:15 test_scenario 2 7.90 17.08 76341
09:08:17 test_scenario 2 8.22 16.75 76341
09:08:19 test_scenario 2 8.47 16.51 76341
09:08:21 test_scenario 2 8.80 16.18 76341
09:08:23 test_scenario 2 8.97 16.00 76341
09:08:25 test_scenario 2 9.29 15.68 76341
09:08:27 test_scenario 2 9.55 15.42 76341
09:08:29 test_scenario 2 9.81 15.16 76341
09:08:31 test_scenario 2 9.91 15.12 76341
09:08:33 test_scenario 2 9.92 15.10 76341
09:08:35 test_scenario 2 9.92 15.42 76341
09:08:37 test_scenario 2 10.07 14.97 76341
09:08:39 test_scenario 2 10.34 14.69 76341
09:08:41 test_scenario 2 10.39 14.64 76341
09:08:43 test_scenario 2 10.41 14.61 76341
09:08:45 test_scenario 2 10.41 14.61 76341
09:08:47 test_scenario 2 10.41 14.61 76341
09:08:49 test_scenario 2 10.41 14.61 76341
09:08:51 test_scenario 2 10.41 14.60 76341
09:08:53 test_scenario 2 10.42 14.59 76341
09:08:55 test_scenario 2 10.52 14.47 76341
09:08:57 test_scenario 2 10.80 14.19 76341
09:08:59 test_scenario 2 10.82 14.17 76341
09:09:01 test_scenario 2 10.82 14.16 76341
09:09:03 test_scenario 2 10.82 14.17 76341
09:09:05 test_scenario 2 10.83 14.16 76341
09:09:07 test_scenario 2 10.83 14.15 76341
09:09:09 test_scenario 2 10.83 14.16 76341
09:09:11 test_scenario 2 10.83 14.16 76341
09:09:13 test_scenario 2 10.83 14.16 76341
09:09:15 test_scenario 2 10.83 14.16 76341
09:09:17 test_scenario 2 10.83 14.16 76341
09:09:19 test_scenario 2 10.83 14.16 76341
09:09:21 test_scenario 2 10.83 14.16 76341
09:09:23 test_scenario 2 10.83 14.16 76341
09:09:25 test_scenario 2 10.83 14.16 76341
09:09:27 test_scenario 2 10.83 14.16 76341
09:09:29 test_scenario 2 10.80 14.19 76341
09:09:31 test_scenario 2 5.62 19.37 76341
09:09:33 test_scenario 2 5.62 19.38 76341
09:09:35 test_scenario 2 5.62 19.38 76341
09:09:37 test_scenario 2 5.62 19.38 76341
09:09:39 test_scenario 2 5.62 19.37 76341
09:09:41 test_scenario 2 5.75 19.24 76341
09:09:43 test_scenario 2 5.76 19.23 76341
09:09:45 test_scenario 2 5.85 19.15 76341
09:09:47 test_scenario 2 5.98 18.91 76341
09:09:49 test_scenario 2 6.23 18.76 76341
09:09:51 test_scenario 2 6.28 18.72 76341
09:09:53 test_scenario 2 6.59 18.41 76341
09:09:55 test_scenario 2 6.60 18.40 76341
09:09:57 test_scenario 2 7.04 17.95 76341
09:09:59 test_scenario 2 7.37 17.62 76341
09:10:01 test_scenario 2 7.47 17.52 76341
09:10:03 test_scenario 2 7.64 17.35 76341
09:10:05 test_scenario 2 8.00 16.99 76341
09:10:07 test_scenario 2 8.31 16.68 76341
09:10:09 test_scenario 2 8.47 16.52 76341
09:10:11 test_scenario 2 8.96 16.03 76341
09:10:13 test_scenario 2 8.97 16.02 76341
09:10:15 test_scenario 2 9.38 15.60 76341
09:10:17 test_scenario 2 9.62 15.36 76341
09:10:19 test_scenario 2 9.89 15.09 76341
09:10:21 test_scenario 2 9.91 15.07 76341
09:10:23 test_scenario 2 9.92 15.06 76341
09:10:25 test_scenario 2 9.92 15.06 76341
09:10:27 test_scenario 2 10.32 14.66 76341
09:10:29 test_scenario 2 10.38 14.60 76341
09:10:31 test_scenario 2 10.40 14.57 76341
09:10:33 test_scenario 2 10.41 14.57 76341
09:10:35 test_scenario 2 10.41 14.57 76341
09:10:37 test_scenario 2 10.41 14.56 76341
09:10:39 test_scenario 2 10.41 14.56 76341
09:10:41 test_scenario 2 10.42 14.56 76341
09:10:43 test_scenario 2 10.46 14.51 76341
09:10:45 test_scenario 2 10.80 14.18 76341
09:10:47 test_scenario 2 10.81 14.16 76341
09:10:49 test_scenario 2 10.82 14.14 76341
09:10:51 test_scenario 2 10.82 14.14 76341
09:10:53 test_scenario 2 10.83 14.14 76341
09:10:55 test_scenario 2 10.83 14.14 76341
09:10:57 test_scenario 2 10.83 14.14 76341
09:10:59 test_scenario 2 10.83 14.14 76341
09:11:01 test_scenario 2 10.83 14.15 76341
09:11:03 test_scenario 2 10.83 14.15 76341
09:11:05 test_scenario 2 10.83 14.15 76341
09:11:07 test_scenario 2 10.83 14.15 76341
09:11:09 test_scenario 2 10.83 14.15 76341
09:11:11 test_scenario 2 10.83 14.15 76341
09:11:13 test_scenario 2 10.83 14.15 76341
09:11:15 test_scenario 2 10.83 14.15 76341
09:11:17 test_scenario 2 10.80 14.18 76341
09:11:19 test_scenario 1 5.43 19.50 76408
09:11:21 test_scenario 1 5.43 19.49 76408
09:11:23 test_scenario 1 5.43 19.49 76408
09:11:25 test_scenario 1 5.43 19.49 76408
09:11:27 test_scenario 1 5.43 19.49 76408
09:11:29 test_scenario 1 5.43 19.48 76408
09:11:31 test_scenario 1 5.43 19.48 76408
09:11:33 test_scenario 1 5.43 19.49 76408
09:11:35 test_scenario 1 5.43 19.49 76408
09:11:37 test_scenario 1 5.66 19.26 76408
09:11:39 test_scenario 1 5.67 19.25 76408
09:11:41 test_scenario 1 5.73 19.18 76408
09:11:43 test_scenario 1 5.75 19.06 76408
09:11:45 test_scenario 1 5.75 18.85 76408
09:11:47 test_scenario 1 5.75 19.17 76408
09:11:49 test_scenario 1 5.75 19.17 76408
09:11:51 test_scenario 1 5.75 19.17 76408
09:11:53 test_scenario 1 5.75 19.17 76408
09:11:55 test_scenario 1 5.75 19.17 76408
09:11:57 test_scenario 1 5.75 19.17 76408
09:11:59 test_scenario 1 5.66 19.25 76495
09:12:01 test_scenario 1 5.66 19.25 76495
09:12:03 test_scenario 1 5.66 19.25 76495
09:12:05 test_scenario 1 5.67 18.99 76495
09:12:07 test_scenario 1 5.69 18.83 76495
09:12:09 test_scenario 1 5.72 19.21 76495
09:12:11 test_scenario 1 5.71 19.21 76495
09:12:13 test_scenario 1 5.71 19.21 76495
09:12:15 test_scenario 1 5.72 18.90 76495
09:12:17 test_scenario 1 5.72 18.78 76495
09:12:19 test_scenario 1 5.72 18.78 76495
09:12:21 test_scenario 1 5.72 18.62 76495
09:12:23 test_scenario 1 5.72 19.20 76495
09:12:25 test_scenario 1 5.72 19.20 76495
09:12:27 test_scenario 1 5.72 19.20 76495
09:12:29 test_scenario 1 5.72 19.19 76588
09:12:31 test_scenario 1 5.72 19.19 76588
09:12:33 test_scenario 1 5.72 19.19 76588
09:12:35 test_scenario 1 5.72 19.19 76588
09:12:37 test_scenario 1 5.72 19.19 76588
09:12:39 test_scenario 1 5.72 19.20 76588
09:12:41 test_scenario 1 5.72 19.18 76588
09:12:43 test_scenario 1 5.81 19.10 76588
09:12:45 test_scenario 1 5.79 19.13 76588
09:12:47 test_scenario 1 5.79 18.47 76588
09:12:49 test_scenario 1 5.79 18.24 76588
09:12:51 test_scenario 1 5.72 18.31 76588
09:12:53 test_scenario 1 5.72 18.30 76588
09:12:55 test_scenario 1 5.72 18.29 76588
09:12:57 test_scenario 1 5.72 18.29 76588
09:12:59 test_scenario 1 5.72 18.28 76588
09:13:01 test_scenario 1 5.72 18.28 76588
09:13:03 test_scenario 1 5.72 18.28 76588
09:13:05 test_scenario 1 5.72 18.29 76588
09:13:07 test_scenario 1 5.72 18.15 76669
09:13:09 test_scenario 1 5.72 18.14 76669
09:13:11 test_scenario 1 5.72 18.14 76669
09:13:13 test_scenario 1 5.72 18.14 76669
09:13:15 test_scenario 1 5.72 18.14 76669
09:13:17 test_scenario 1 5.72 17.99 76669
09:13:19 test_scenario 1 5.72 18.00 76669
09:13:21 test_scenario 1 5.72 18.00 76669
09:13:23 test_scenario 1 5.72 17.99 76669
09:13:25 test_scenario 1 5.72 17.98 76669
09:13:27 test_scenario 1 5.72 17.98 76669
09:13:29 test_scenario 1 5.72 17.98 76669
09:13:31 test_scenario 1 5.72 17.98 76669
09:13:33 test_scenario 1 5.72 17.99 76669
09:13:35 test_scenario 1 5.72 17.99 76669
09:13:37 test_scenario 1 5.72 17.99 76669
09:13:39 test_scenario 1 5.72 17.98 76669
09:13:41 test_scenario 1 5.72 17.98 76669
09:13:43 test_scenario 1 5.72 17.97 76669
09:13:45 test_scenario 1 5.72 18.00 76669
09:13:47 test_scenario 1 5.72 18.00 76669
09:13:49 test_scenario 1 5.72 17.99 76669
09:13:51 test_scenario 1 5.72 17.99 76669
09:13:53 test_scenario 1 5.72 17.99 76669
09:13:55 test_scenario 1 5.72 17.99 76669
09:13:57 test_scenario 1 5.72 17.98 76669
09:13:59 test_scenario 1 5.72 17.99 76669
09:14:01 test_scenario 1 5.72 18.38 76751
09:14:03 test_scenario 1 5.72 18.38 76751
09:14:05 test_scenario 1 5.72 17.82 76751
09:14:07 test_scenario 1 5.72 17.76 76751
09:14:09 test_scenario 1 5.72 17.81 76751
09:14:11 test_scenario 1 5.72 17.82 76751
09:14:13 test_scenario 1 5.72 17.81 76751
09:14:15 test_scenario 1 5.72 17.80 76751
09:14:17 test_scenario 1 5.72 17.80 76751
09:14:19 test_scenario 1 5.72 18.03 76751
09:14:21 test_scenario 1 5.71 18.03 120467
09:14:23 test_scenario 1 5.71 18.04 120467
09:14:25 test_scenario 0 0.00 23.69 120467
09:14:27 test_scenario 1 0.26 23.48 120468
09:14:29 test_scenario 1 0.30 23.44 120468
09:14:31 test_agent 1 0.30 23.44 120485
09:14:33 test_agent 1 0.30 23.44 120485
09:14:36 test_agent 1 0.30 23.45 120485
09:14:38 test_agent 1 0.30 23.45 120485
09:14:40 test_agent 1 0.30 23.44 120485
09:14:42 test_agent 1 0.30 23.44 120485
09:14:44 test_agent 1 0.30 23.44 120485
09:14:46 test_agent 1 0.30 23.43 120485
09:14:48 test_agent 1 0.30 23.43 120485
09:14:50 test_agent 1 0.34 23.38 120485
09:14:52 test_agent 1 0.35 23.37 120485
09:14:54 test_agent 1 0.35 23.37 120485
09:14:56 test_agent 1 0.36 23.36 120485
09:14:58 test_agent 1 0.36 23.34 120485
09:15:00 test_agent 1 0.44 23.26 120485
09:15:02 test_agent 1 0.47 23.28 120485
09:15:04 test_agent 1 0.47 23.26 120485
09:15:06 test_agent 1 0.59 23.15 120485
09:15:08 test_agent 1 0.66 23.06 120485
09:15:10 test_agent 1 0.86 22.87 120485
09:15:12 test_agent 1 0.86 22.87 120485
09:15:14 test_agent 1 0.86 22.87 120485
09:15:16 test_agent 1 1.16 22.60 120485
09:15:18 test_agent 1 1.18 22.55 120485
09:15:20 test_agent 1 1.18 22.56 120485
09:15:22 test_agent 1 1.19 22.54 120485
09:15:24 test_agent 1 1.43 22.31 120485
09:15:26 test_agent 1 1.64 22.10 120485
09:15:28 test_agent 1 1.90 21.82 120485
09:15:30 test_agent 1 2.06 21.67 120485
09:15:32 test_agent 1 2.07 21.67 120485
09:15:34 test_agent 1 2.07 21.66 120485
09:15:36 test_agent 1 2.23 21.50 120485
09:15:38 test_agent 1 2.34 21.38 120485
09:15:40 test_agent 1 2.53 21.19 120485
09:15:42 test_agent 1 2.61 21.10 120485
09:15:44 test_agent 1 2.73 21.00 120485
09:15:46 test_agent 1 2.92 20.79 120485
09:15:48 test_agent 1 3.06 20.65 120485
09:15:50 test_agent 1 3.18 20.53 120485
09:15:52 test_agent 1 3.45 20.27 120485
09:15:54 test_agent 1 3.56 20.16 120485
09:15:56 test_agent 1 3.56 20.15 120485
09:15:58 test_agent 1 3.65 20.08 120485
09:16:00 test_agent 1 3.83 19.88 120485
09:16:02 test_agent 1 3.98 19.75 120485
09:16:04 test_agent 1 4.08 19.64 120485
09:16:06 test_agent 1 4.19 19.53 120485
09:16:08 test_agent 1 4.22 19.51 120485
09:16:10 test_agent 1 4.35 19.38 120485
09:16:12 test_agent 1 4.49 19.23 120485
09:16:14 test_agent 1 4.50 19.22 120485
09:16:16 test_agent 1 4.51 19.21 120485
09:16:18 test_agent 1 4.52 19.21 120485
09:16:20 test_agent 1 4.51 19.20 120485
09:16:22 test_agent 1 4.51 19.24 120485
09:16:24 test_agent 1 4.51 19.21 120485
09:16:26 test_agent 1 4.63 19.09 120485
09:16:28 test_agent 1 4.78 18.95 120485
09:16:30 test_agent 1 4.92 18.79 120485
09:16:32 test_agent 1 4.97 18.74 120485
09:16:34 test_agent 1 4.98 18.73 120485
09:16:36 test_agent 1 4.98 18.73 120485
09:16:38 test_agent 1 4.99 18.72 120485
09:16:40 test_agent 1 5.00 18.72 120485
09:16:42 test_agent 1 5.01 18.71 120485
09:16:44 test_agent 1 5.01 18.71 120485
09:16:46 test_agent 1 5.01 18.71 120485
09:16:48 test_agent 1 5.01 18.71 120485
09:16:50 test_agent 1 5.01 18.71 120485
09:16:52 test_agent 1 5.01 18.71 120485
09:16:54 test_agent 1 5.01 18.70 120485
09:16:56 test_agent 1 5.01 18.71 120485
09:16:58 test_agent 1 5.01 18.68 120485
09:17:00 test_agent 1 5.01 18.70 120485
09:17:02 test_agent 1 5.01 18.70 120485
09:17:04 test_agent 1 5.01 18.69 120485
09:17:06 test_agent 1 5.06 18.65 120485
09:17:08 test_agent 1 5.13 18.58 120485
09:17:10 test_agent 1 5.37 18.34 120485
09:17:12 test_agent 1 5.39 18.31 120485
09:17:14 test_agent 1 5.40 18.30 120485
09:17:16 test_agent 1 5.41 18.29 120485
09:17:18 test_agent 1 5.42 18.28 120485
09:17:20 test_agent 1 5.42 18.28 120485
09:17:22 test_agent 1 5.42 18.27 120485
09:17:24 test_agent 1 5.42 18.27 120485
09:17:26 test_agent 1 5.42 18.26 120485
09:17:28 test_agent 1 5.42 18.27 120485
09:17:30 test_agent 1 5.42 18.25 120485
09:17:32 test_agent 1 5.42 18.25 120485
09:17:34 test_agent 1 5.42 18.25 120485
09:17:36 test_agent 1 5.42 18.25 120485
09:17:38 test_agent 1 5.42 18.25 120575
09:17:40 test_agent 1 5.42 18.26 120575
09:17:42 test_agent 1 5.42 18.26 120575
09:17:44 test_agent 1 5.42 18.26 120575
09:17:46 test_agent 1 5.42 18.27 120575
09:17:48 test_agent 1 5.42 18.27 120575
09:17:50 test_agent 1 5.42 18.24 120575
09:17:52 test_agent 1 5.42 18.25 120575
09:17:54 test_agent 1 5.42 18.25 120575
09:17:56 test_agent 1 5.42 18.25 120575
09:17:58 test_agent 1 5.42 18.25 120575
09:18:00 test_agent 1 5.42 18.25 120575
09:18:02 test_agent 1 5.42 18.25 120575
09:18:04 test_agent 1 5.42 18.24 120575
09:18:06 test_agent 1 5.42 18.23 120575
09:18:08 test_agent 1 5.42 18.24 120575
09:18:10 test_agent 1 5.42 18.24 120575
09:18:12 test_agent 1 5.42 18.24 120575
09:18:14 test_agent 1 5.42 18.24 120575
09:18:16 test_agent 1 5.42 18.23 120575
09:18:18 test_agent 1 5.42 18.23 120575
09:18:20 test_agent 1 5.42 18.25 120575
09:18:22 test_agent 1 5.42 18.23 120575
09:18:24 test_agent 1 5.42 18.24 120575
09:18:26 test_agent 1 5.42 18.23 120575
09:18:28 test_agent 1 5.42 18.23 120575
09:18:30 test_agent 1 5.42 18.23 120575
09:18:32 test_agent 1 5.42 18.24 120575
09:18:34 test_agent 1 5.42 18.23 120575
09:18:36 test_agent 1 5.42 18.23 120575
09:18:38 test_agent 1 5.42 18.21 120575
09:18:40 test_agent 1 5.42 18.22 120575
09:18:42 test_agent 1 5.42 18.21 120575
09:18:44 test_agent 1 5.42 18.21 120575
09:18:46 test_agent 1 5.42 18.23 120575
09:18:48 test_agent 1 5.42 18.21 120575
09:18:50 test_agent 1 5.42 18.22 120575
09:18:52 test_agent 1 5.42 18.22 120575
09:18:54 test_agent 1 5.42 18.21 120575
09:18:56 test_agent 1 5.42 18.22 120575
09:18:58 test_agent 1 5.42 18.22 120575
09:19:00 test_agent 1 5.42 18.22 120575
09:19:02 test_agent 1 5.42 18.20 120575
09:19:04 test_agent 1 5.42 18.20 120575
09:19:06 test_agent 1 5.42 18.20 120575
09:19:08 test_agent 1 5.42 18.21 120575
09:19:10 test_agent 1 5.42 18.20 120575
09:19:12 test_agent 1 5.42 18.20 120575
09:19:14 test_agent 1 5.42 18.20 120575
09:19:16 test_agent 1 5.42 18.21 120575
09:19:18 test_agent 1 5.42 18.22 120668
09:19:20 test_agent 1 5.42 18.21 120668
09:19:22 test_agent 1 5.42 18.20 120668
09:19:24 test_agent 1 5.42 18.21 120668
09:19:26 test_agent 1 5.42 18.20 120668
09:19:28 test_agent 1 5.42 18.20 120668
09:19:30 test_agent 1 5.42 18.19 120668
09:19:32 test_agent 1 5.42 18.19 120668
09:19:34 test_agent 1 5.42 18.17 120668
09:19:36 test_agent 1 5.42 18.19 120668
09:19:38 test_agent 1 5.42 18.18 120668
09:19:40 test_agent 1 5.42 18.18 120668
09:19:42 test_agent 1 5.42 18.17 120668
09:19:44 test_agent 1 5.42 18.17 120668
09:19:46 test_agent 1 5.42 18.18 120668
09:19:48 test_agent 1 5.42 18.17 120668
09:19:50 test_agent 1 5.42 18.17 120668
09:19:52 test_agent 1 5.42 18.16 120668
09:19:54 test_agent 1 5.42 18.18 120668
09:19:56 test_agent 1 5.42 18.20 120668
09:19:58 test_agent 1 5.42 18.19 120668
09:20:00 test_agent 1 5.42 18.19 120668
09:20:02 test_agent 1 5.42 18.19 120668
09:20:04 test_agent 1 5.42 18.18 120668
09:20:06 test_agent 1 5.42 18.19 120668
09:20:08 test_agent 1 5.42 18.18 120668
09:20:10 test_agent 1 5.42 18.18 120668
09:20:12 test_agent 1 5.42 18.19 120668
09:20:14 test_agent 1 5.42 18.18 120668
09:20:16 test_agent 1 5.42 18.18 120668
09:20:18 test_agent 1 5.42 18.19 120668
09:20:20 test_agent 1 5.42 18.18 120668
09:20:22 test_agent 1 5.42 18.19 120668
09:20:24 test_agent 1 5.42 18.18 120668
09:20:26 test_agent 1 5.42 18.18 120668
09:20:28 test_agent 1 5.42 18.18 120668
09:20:30 test_agent 1 5.42 18.19 120668
09:20:32 test_agent 1 5.42 18.19 120668
09:20:34 test_agent 1 5.42 18.19 120668
09:20:36 test_agent 1 5.42 18.19 120668
09:20:38 test_agent 1 5.42 18.19 120668
09:20:40 test_agent 1 5.42 18.18 120668
09:20:42 test_agent 1 5.42 18.19 120668
09:20:44 test_agent 1 5.42 18.18 120668
09:20:46 test_agent 1 5.42 18.18 120668
09:20:48 test_agent 1 5.42 18.18 120668
09:20:50 test_agent 1 5.42 18.18 120668
09:20:52 test_agent 1 5.42 18.18 120668
09:20:54 test_agent 1 5.42 18.17 120668
09:20:56 test_agent 1 5.42 18.17 120668
09:20:58 test_agent 1 5.42 18.16 120668
09:21:00 test_agent 1 5.42 18.18 120668
09:21:02 test_agent 1 5.42 18.19 120668
09:21:04 test_agent 1 5.42 18.19 120668
09:21:06 test_agent 1 5.42 18.18 120668
09:21:08 test_agent 1 5.42 18.19 120668
09:21:10 test_agent 1 5.42 18.18 120668
09:21:12 test_agent 1 5.42 18.19 120668
09:21:14 test_agent 1 5.42 18.19 120668
09:21:16 test_agent 1 5.42 18.18 120668
09:21:18 test_agent 1 5.42 18.18 120668
09:21:20 test_agent 1 5.42 18.18 120668
09:21:22 test_agent 1 5.42 18.17 120668
09:21:24 test_agent 1 5.42 18.18 120668
09:21:26 test_agent 1 5.42 18.18 120668
09:21:28 test_agent 1 5.42 18.17 120668
09:21:30 test_agent 1 5.42 18.17 120668
09:21:32 test_agent 1 5.42 18.18 120668
09:21:34 test_agent 1 5.42 18.18 120668
09:21:36 test_agent 1 5.42 18.18 120668
09:21:38 test_agent 1 5.42 18.19 120668
09:21:40 test_agent 1 5.42 18.17 120668
09:21:42 test_agent 1 5.42 18.17 120668
09:21:44 test_agent 1 5.42 18.18 120668
09:21:46 test_agent 1 5.42 18.17 120668
09:21:48 test_agent 1 5.42 18.18 120668
09:21:50 test_agent 1 5.42 18.19 120668
09:21:52 test_agent 1 5.42 18.19 120668
09:21:54 test_agent 1 5.42 18.18 120668
09:21:56 test_agent 1 5.42 18.17 120668
09:21:58 test_agent 1 5.42 18.18 120668
09:22:00 test_agent 1 5.42 18.18 120668
09:22:02 test_agent 1 5.42 18.16 120668
09:22:04 test_agent 1 5.42 18.17 120668
09:22:06 test_agent 1 5.42 18.17 120668
09:22:08 test_agent 1 5.42 18.16 120668
09:22:10 test_agent 1 5.42 18.17 120668
09:22:12 test_agent 1 5.42 18.18 120668
09:22:14 test_agent 1 5.42 18.18 120668
09:22:16 test_agent 1 5.42 18.17 120770
09:22:18 test_agent 1 5.42 18.18 120770
09:22:20 test_agent 1 5.42 18.17 120770
09:22:22 test_agent 1 5.42 18.17 120770
09:22:24 test_agent 1 5.42 18.17 120770
09:22:26 test_agent 1 5.42 18.19 120770
09:22:28 test_agent 1 5.42 18.18 120770
09:22:30 test_agent 1 5.42 18.18 120770
09:22:32 test_agent 1 5.42 18.16 120770
09:22:34 test_agent 1 5.42 18.18 120770
09:22:36 test_agent 1 5.42 18.17 120770
09:22:38 test_agent 1 5.42 18.16 120770
09:22:40 test_agent 1 5.42 18.17 120770
09:22:42 test_agent 1 5.42 18.17 120770
09:22:44 test_agent 1 5.42 18.18 120770
09:22:46 test_agent 1 5.42 18.18 120770
09:22:48 test_agent 1 5.42 18.18 120770
09:22:50 test_agent 1 5.42 18.17 120770
09:22:52 test_agent 1 5.42 18.19 120770
09:22:54 test_agent 1 5.42 18.17 120770
09:22:56 test_agent 1 5.42 18.18 120770
09:22:58 test_agent 1 5.42 18.17 120770
09:23:00 test_agent 1 5.42 18.18 120770
09:23:02 test_agent 1 5.42 18.19 120770
09:23:04 test_agent 1 5.42 18.18 120770
09:23:06 test_agent 1 5.42 18.16 120770
09:23:08 test_agent 1 5.42 18.17 120770
09:23:10 test_agent 1 5.42 18.16 120770
09:23:12 test_agent 1 5.42 18.17 120770
09:23:14 test_agent 1 5.42 18.17 120770
09:23:16 test_agent 1 5.42 18.17 120770
09:23:18 test_agent 1 5.42 18.16 120770
09:23:20 test_agent 1 5.42 18.16 120770
09:23:22 test_agent 1 5.42 18.17 120770
09:23:24 test_agent 1 5.42 18.17 120770
09:23:26 test_agent 1 5.42 18.17 120868
09:23:28 test_agent 1 5.42 18.17 120868
09:23:30 test_agent 1 5.42 18.17 120868
09:23:32 test_agent 1 5.42 18.17 120868
09:23:34 test_agent 1 5.42 18.18 120868
09:23:36 test_agent 1 5.42 18.18 120868
09:23:38 test_agent 1 5.42 18.18 120868
09:23:40 test_agent 1 5.42 18.16 120868
09:23:42 test_agent 1 5.42 18.17 120868
09:23:44 test_agent 1 5.42 18.17 120868
09:23:46 test_agent 1 5.42 18.18 120868
09:23:48 test_agent 1 5.42 18.17 120868
09:23:50 test_agent 1 5.42 18.17 120868
09:23:52 test_agent 1 5.42 18.17 120868
09:23:54 test_agent 1 5.42 18.16 120868
09:23:56 test_agent 1 5.42 18.16 120868
09:23:58 test_agent 1 5.42 18.16 120868
09:24:00 test_agent 1 5.42 18.16 120868
09:24:02 test_agent 1 5.42 18.15 120868
09:24:04 test_agent 1 5.42 18.16 120868
09:24:06 test_agent 1 5.42 18.15 120868
09:24:08 test_agent 1 5.42 18.15 120868
09:24:10 test_agent 1 5.42 18.18 120868
09:24:12 test_agent 1 5.42 18.17 120868
09:24:14 test_agent 1 5.42 18.17 120868
09:24:16 test_agent 1 5.42 18.16 120868
09:24:18 test_agent 1 5.42 18.17 120868
09:24:20 test_agent 1 5.42 18.17 120868
09:24:22 test_agent 1 5.42 18.17 120868
09:24:25 test_agent 1 5.42 18.17 120868
09:24:27 test_agent 1 5.42 18.17 120868
09:24:29 test_agent 1 5.42 18.16 120868
09:24:31 test_agent 1 5.42 18.17 120868
09:24:33 test_agent 1 5.42 18.17 120868
09:24:35 test_agent 1 5.42 18.18 120868
09:24:37 test_agent 1 5.42 18.17 120868
09:24:39 test_agent 1 5.42 18.16 120868
09:24:41 test_agent 1 5.42 18.16 120868
09:24:43 test_agent 1 5.42 18.17 120979
09:24:45 test_agent 1 5.42 18.16 120979
09:24:47 test_agent 1 5.42 18.18 120979
09:24:49 test_agent 1 5.42 18.17 120979
09:24:51 test_agent 1 5.42 18.17 120979
09:24:53 test_agent 1 5.42 18.17 120979
09:24:55 test_agent 1 5.42 18.17 120979
09:24:57 test_agent 1 5.42 18.18 120979
09:24:59 test_agent 1 5.42 18.17 120979
09:25:01 test_agent 1 5.42 18.16 120979
09:25:03 test_agent 1 5.42 18.17 120979
09:25:05 test_agent 1 5.42 18.17 120979
09:25:07 test_agent 1 5.42 18.17 120979
09:25:09 test_agent 1 5.42 18.16 120979
09:25:11 test_agent 1 5.42 18.16 120979
09:25:13 test_agent 1 5.42 18.17 120979
09:25:15 test_agent 1 5.42 18.16 120979
09:25:17 test_agent 1 5.42 18.18 120979
09:25:19 test_agent 1 5.42 18.16 120979
09:25:21 test_agent 1 5.42 18.16 120979
09:25:23 test_agent 1 5.42 18.17 120979
09:25:25 test_agent 1 5.42 18.15 120979
09:25:27 test_agent 1 5.42 18.18 120979
09:25:29 test_agent 1 5.42 18.18 120979
09:25:31 test_agent 1 5.42 18.18 120979
09:25:33 test_agent 1 5.42 18.18 120979
09:25:35 test_agent 1 5.42 18.18 120979
09:25:37 test_agent 1 5.42 18.18 120979
09:25:39 test_agent 1 5.42 18.16 120979
09:25:41 test_agent 1 5.42 18.18 120979
09:25:43 test_agent 1 5.42 18.20 120979
09:25:45 test_agent 1 5.42 18.19 120979
09:25:47 test_agent 1 5.42 18.17 120979
09:25:49 test_agent 1 5.42 18.17 120979
09:25:51 test_agent 1 5.42 18.18 120979
09:25:53 test_agent 1 5.42 18.18 120979
09:25:55 test_agent 1 5.42 18.18 120979
09:25:57 test_agent 2 5.61 18.06 121057
09:25:59 test_agent 2 5.61 18.05 121057
09:26:01 test_agent 2 5.61 18.05 121057
09:26:03 test_agent 2 5.61 18.06 121057
09:26:05 test_agent 2 5.61 18.06 121057
09:26:07 test_agent 2 5.61 18.05 121057
09:26:09 test_agent 2 5.61 18.05 121057
09:26:11 test_agent 2 5.61 18.05 121057
09:26:13 test_agent 2 5.61 18.05 121057
09:26:15 test_agent 2 5.61 18.05 121057
09:26:17 test_agent 2 5.61 18.06 121057
09:26:19 test_agent 2 5.72 17.94 121057
09:26:21 test_agent 2 5.72 17.94 121057
09:26:23 test_agent 2 5.72 17.94 121057
09:26:25 test_agent 2 5.77 17.87 121057
09:26:27 test_agent 2 5.81 17.85 121057
09:26:29 test_agent 2 5.83 17.82 121057
09:26:31 test_agent 2 5.83 17.80 121057
09:26:33 test_agent 2 5.96 17.70 121057
09:26:35 test_agent 2 6.03 17.62 121057
09:26:37 test_agent 2 6.21 17.44 121057
09:26:39 test_agent 2 6.23 17.43 121057
09:26:41 test_agent 2 6.23 17.43 121057
09:26:43 test_agent 2 6.55 17.10 121057
09:26:45 test_agent 2 6.55 17.12 121057
09:26:47 test_agent 2 6.55 17.12 121057
09:26:49 test_agent 2 6.56 17.10 121057
09:26:51 test_agent 2 6.82 16.83 121057
09:26:53 test_agent 2 7.01 16.81 121057
09:26:55 test_agent 2 7.15 16.59 121057
09:26:57 test_agent 2 7.27 16.47 121057
09:26:59 test_agent 2 7.43 16.29 121057
09:27:01 test_agent 2 7.43 16.31 121057
09:27:03 test_agent 2 7.43 16.31 121057
09:27:05 test_agent 2 7.60 16.14 121057
09:27:07 test_agent 2 7.71 16.06 121057
09:27:09 test_agent 2 7.94 15.80 121057
09:27:11 test_agent 2 8.08 15.65 121057
09:27:13 test_agent 2 8.27 15.47 121057
09:27:15 test_agent 2 8.43 15.30 121057
09:27:17 test_agent 2 8.52 15.22 121057
09:27:19 test_agent 2 8.78 15.11 121057
09:27:21 test_agent 2 8.93 14.77 121057
09:27:23 test_agent 2 8.93 14.74 121057
09:27:25 test_agent 2 8.96 14.71 121057
09:27:27 test_agent 2 9.20 14.47 121057
09:27:29 test_agent 2 9.40 14.27 121057
09:27:31 test_agent 2 9.47 14.20 121057
09:27:33 test_agent 2 9.58 14.08 121057
09:27:35 test_agent 2 9.85 13.82 121057
09:27:37 test_agent 2 9.86 13.81 121057
09:27:39 test_agent 2 9.87 13.80 121057
09:27:41 test_agent 2 9.88 13.79 121057
09:27:43 test_agent 2 9.88 13.80 121057
09:27:45 test_agent 2 9.88 13.83 121057
09:27:47 test_agent 2 10.03 13.65 121057
09:27:49 test_agent 2 10.25 13.42 121057
09:27:51 test_agent 2 10.30 13.37 121057
09:27:53 test_agent 2 10.34 13.34 121057
09:27:55 test_agent 2 10.35 13.32 121057
09:27:57 test_agent 2 10.36 13.31 121057
09:27:59 test_agent 2 10.37 13.30 121057
09:28:01 test_agent 2 10.37 13.30 121057
09:28:03 test_agent 2 10.37 13.67 121057
09:28:05 test_agent 2 10.37 13.67 121057
09:28:07 test_agent 2 10.37 13.67 121057
09:28:09 test_agent 2 10.38 13.66 121057
09:28:11 test_agent 2 10.38 13.66 121057
09:28:13 test_agent 2 10.38 13.67 121057
09:28:15 test_agent 2 10.38 13.68 121057
09:28:17 test_agent 2 10.38 13.66 121057
09:28:19 test_agent 2 10.38 13.66 121057
09:28:21 test_agent 2 10.38 13.66 121057
09:28:23 test_agent 2 10.38 13.67 121057
09:28:25 test_agent 2 10.42 13.62 121057
09:28:27 test_agent 2 10.50 13.56 121057
09:28:29 test_agent 2 10.73 13.31 121057
09:28:31 test_agent 2 10.76 13.29 121057
09:28:33 test_agent 2 10.77 13.27 121057
09:28:35 test_agent 2 10.78 13.26 121057
09:28:37 test_agent 2 10.79 13.25 121057
09:28:39 test_agent 2 10.79 13.25 121057
09:28:41 test_agent 2 10.79 13.26 121057
09:28:43 test_agent 2 10.79 13.25 121057
09:28:45 test_agent 2 10.79 13.25 121057
09:28:47 test_agent 2 10.79 13.25 121057
09:28:49 test_agent 2 10.79 13.24 121057
09:28:51 test_agent 2 10.79 13.24 121057
09:28:53 test_agent 2 10.79 13.25 121057
09:28:55 test_agent 2 10.79 13.25 121057
09:28:57 test_agent 2 10.79 13.25 121057
09:28:59 test_agent 2 10.79 13.25 121057
09:29:01 test_agent 2 10.79 13.25 121057
09:29:03 test_agent 2 10.79 13.25 121057
09:29:05 test_agent 2 10.79 13.25 121057
09:29:07 test_agent 2 10.79 13.25 121057
09:29:09 test_agent 2 10.79 13.26 121057
09:29:11 test_agent 2 10.79 13.25 121057
09:29:13 test_agent 2 10.79 13.25 121057
09:29:15 test_agent 2 10.79 13.24 121057
09:29:17 test_agent 2 10.79 13.25 121057
09:29:19 test_agent 2 10.79 13.24 121057
09:29:21 test_agent 2 10.79 13.26 121057
09:29:23 test_agent 2 10.79 13.25 121057
09:29:25 test_agent 2 10.79 13.25 121057
09:29:27 test_agent 2 10.79 13.25 121057
09:29:29 test_agent 2 10.79 13.24 121057
09:29:31 test_agent 2 10.79 13.25 121057
09:29:33 test_agent 2 10.79 13.23 121057
09:29:35 test_agent 2 10.79 13.24 121057
09:29:37 test_agent 2 10.79 13.24 121057
09:29:39 test_agent 2 10.79 13.25 121057
09:29:41 test_agent 2 10.79 13.24 121057
09:29:43 test_agent 2 10.79 13.24 121057
09:29:45 test_agent 2 10.79 13.24 121057
09:29:47 test_agent 2 10.79 13.24 121057
09:29:49 test_agent 2 10.79 13.25 121057
09:29:51 test_agent 2 10.79 13.25 121057
09:29:53 test_agent 2 10.79 13.24 121057
09:29:55 test_agent 2 10.79 13.24 121057
09:29:57 test_agent 2 10.79 13.25 121057
09:29:59 test_agent 2 10.79 13.25 121057
09:30:01 test_agent 2 10.79 13.24 121057
09:30:03 test_agent 2 10.79 13.25 121057
09:30:05 test_agent 2 10.79 13.25 121057
09:30:07 test_agent 2 10.79 13.24 121057
09:30:09 test_agent 2 10.79 13.25 121057
09:30:11 test_agent 2 10.79 13.25 121057
09:30:13 test_agent 2 10.79 13.25 121057
09:30:15 test_agent 2 10.79 13.25 121057
09:30:17 test_agent 2 10.79 13.25 121057
09:30:19 test_agent 2 10.78 13.27 121057
09:30:21 test_agent 2 10.78 13.26 121057
09:30:23 test_agent 2 5.61 18.44 121057
09:30:25 test_agent 2 5.61 18.43 121057
09:30:27 test_agent 2 5.61 18.44 121057
09:30:29 test_agent 2 5.61 18.44 121057
09:30:31 test_agent 2 5.61 18.44 121057
09:30:33 test_agent 2 5.61 18.44 121057
09:30:35 test_agent 2 5.61 18.44 121057
09:30:37 test_agent 2 5.61 18.44 121057
09:30:39 test_agent 2 5.69 18.36 121057
09:30:41 test_agent 2 5.71 18.34 121057
09:30:43 test_agent 2 5.71 18.33 121057
09:30:45 test_agent 2 5.72 18.33 121057
09:30:47 test_agent 2 5.81 18.24 121057
09:30:49 test_agent 2 5.83 18.21 121057
09:30:51 test_agent 2 5.85 18.19 121057
09:30:53 test_agent 2 6.02 18.02 121057
09:30:55 test_agent 2 6.17 17.87 121057
09:30:57 test_agent 2 6.22 17.82 121057
09:30:59 test_agent 2 6.36 17.68 121057
09:31:01 test_agent 2 6.55 17.50 121057
09:31:03 test_agent 2 6.55 17.50 121057
09:31:05 test_agent 2 6.56 17.49 121057
09:31:07 test_agent 2 6.78 17.26 121057
09:31:09 test_agent 2 7.00 17.04 121057
09:31:11 test_agent 2 7.15 16.89 121057
09:31:13 test_agent 2 7.42 16.61 121057
09:31:15 test_agent 2 7.43 16.61 121057
09:31:17 test_agent 2 7.43 16.61 121057
09:31:19 test_agent 2 7.60 16.43 121057
09:31:21 test_agent 2 7.75 16.29 121057
09:31:23 test_agent 2 7.98 16.06 121057
09:31:25 test_agent 2 8.17 15.87 121057
09:31:27 test_agent 2 8.41 15.62 121057
09:31:29 test_agent 2 8.43 15.61 121057
09:31:31 test_agent 2 8.60 15.43 121057
09:31:33 test_agent 2 8.92 15.12 121057
09:31:35 test_agent 2 8.93 15.11 121057
09:31:37 test_agent 2 8.93 15.11 121057
09:31:39 test_agent 2 9.19 14.83 121057
09:31:41 test_agent 2 9.35 14.68 121057
09:31:43 test_agent 2 9.47 14.56 121057
09:31:45 test_agent 2 9.58 14.45 121057
09:31:47 test_agent 2 9.78 14.26 121057
09:31:49 test_agent 2 9.86 14.18 121057
09:31:51 test_agent 2 9.87 14.16 121057
09:31:53 test_agent 2 9.88 14.16 121057
09:31:55 test_agent 2 9.88 14.17 121057
09:31:57 test_agent 2 9.88 14.16 121057
09:31:59 test_agent 2 10.00 14.05 121057
09:32:01 test_agent 2 10.21 13.84 121057
09:32:03 test_agent 2 10.30 13.73 121057
09:32:05 test_agent 2 10.34 13.70 121057
09:32:07 test_agent 2 10.35 13.69 121057
09:32:09 test_agent 2 10.36 13.67 121057
09:32:11 test_agent 2 10.37 13.67 121057
09:32:13 test_agent 2 10.37 13.67 121057
09:32:15 test_agent 2 10.37 13.67 121057
09:32:17 test_agent 2 10.37 13.67 121057
09:32:19 test_agent 2 10.37 13.67 121057
09:32:21 test_agent 2 10.37 13.66 121057
09:32:23 test_agent 2 10.37 13.66 121057
09:32:25 test_agent 2 10.37 13.66 121057
09:32:27 test_agent 2 10.38 13.66 121057
09:32:29 test_agent 2 10.38 13.66 121057
09:32:31 test_agent 2 10.42 13.61 121057
09:32:33 test_agent 2 10.60 13.44 121057
09:32:35 test_agent 2 10.76 13.28 121057
09:32:37 test_agent 2 10.76 13.27 121057
09:32:39 test_agent 2 10.78 13.28 121057
09:32:41 test_agent 2 10.78 13.25 121057
09:32:43 test_agent 2 10.78 13.25 121057
09:32:45 test_agent 2 10.78 13.25 121057
09:32:47 test_agent 2 10.78 13.25 121057
09:32:49 test_agent 2 10.79 13.25 121057
09:32:51 test_agent 2 10.79 13.24 121057
09:32:53 test_agent 2 10.79 13.25 121057
09:32:55 test_agent 2 10.79 13.24 121057
09:32:57 test_agent 2 10.79 13.25 121057
09:32:59 test_agent 2 10.79 13.25 121057
09:33:01 test_agent 2 10.79 13.26 121057
09:33:03 test_agent 2 10.79 13.25 121057
09:33:05 test_agent 2 10.79 13.25 121057
09:33:07 test_agent 2 10.79 13.25 121057
09:33:09 test_agent 2 10.79 13.24 121057
09:33:11 test_agent 2 10.79 13.25 121057
09:33:13 test_agent 2 10.79 13.25 121057
09:33:15 test_agent 2 10.79 13.25 121057
09:33:17 test_agent 2 10.79 13.25 121057
09:33:19 test_agent 2 10.79 13.24 121057
09:33:21 test_agent 2 10.79 13.23 121057
09:33:23 test_agent 2 10.79 13.24 121057
09:33:25 test_agent 2 10.79 13.24 121057
09:33:27 test_agent 2 10.79 13.24 121057
09:33:29 test_agent 2 10.79 13.26 121057
09:33:31 test_agent 2 10.79 13.24 121057
09:33:33 test_agent 2 10.79 13.24 121057
09:33:35 test_agent 2 10.79 13.24 121057
09:33:37 test_agent 2 10.79 13.25 121057
09:33:39 test_agent 2 10.79 13.25 121057
09:33:41 test_agent 2 10.79 13.24 121057
09:33:43 test_agent 2 10.79 13.24 121057
09:33:45 test_agent 2 10.79 13.25 121057
09:33:47 test_agent 2 10.79 13.26 121057
09:33:49 test_agent 2 10.79 13.25 121057
09:33:51 test_agent 2 10.79 13.25 121057
09:33:53 test_agent 2 10.79 13.25 121057
09:33:55 test_agent 2 10.79 13.24 121057
09:33:57 test_agent 2 10.79 13.24 121057
09:33:59 test_agent 2 10.79 13.24 121057
09:34:01 test_agent 2 10.79 13.25 121057
09:34:03 test_agent 2 10.79 13.24 121057
09:34:05 test_agent 2 10.79 13.25 121057
09:34:07 test_agent 2 10.79 13.24 121057
09:34:09 test_agent 2 10.79 13.25 121057
09:34:11 test_agent 2 10.79 13.24 121057
09:34:13 test_agent 2 10.79 13.24 121057
09:34:15 test_agent 2 10.79 13.25 121057
09:34:17 test_agent 1 5.42 18.57 280330
09:34:19 test_agent 1 5.42 18.57 280330
09:34:21 test_agent 0 0.00 23.93 280330
09:34:23 test_agent 1 0.26 23.74 280331
09:34:25 test_agent 1 0.26 23.73 280331
09:34:27 test_memory 1 0.30 23.70 280349
09:34:29 test_memory 1 0.30 23.70 280349
09:34:31 test_memory 1 0.30 23.70 280349
09:34:33 test_memory 1 0.30 23.70 280349
09:34:35 test_memory 1 0.30 23.71 280349
09:34:38 test_memory 1 0.30 23.70 280349
09:34:40 test_memory 1 0.30 23.70 280349
09:34:42 test_memory 1 0.30 23.70 280349
09:34:44 test_memory 1 0.30 23.71 280349
09:34:46 test_memory 1 0.34 23.65 280349
09:34:48 test_memory 1 0.35 23.64 280349
09:34:50 test_memory 1 0.36 23.64 280349
09:34:52 test_memory 1 0.36 23.64 280349
09:34:54 test_memory 1 0.41 23.58 280349
09:34:56 test_memory 1 0.47 23.52 280349
09:34:58 test_memory 1 0.47 23.53 280349
09:35:00 test_memory 1 0.59 23.40 280349
09:35:02 test_memory 1 0.83 23.16 280349
09:35:04 test_memory 1 0.86 23.13 280349
09:35:06 test_memory 1 0.86 23.14 280349
09:35:08 test_memory 1 1.17 22.82 280349
09:35:10 test_memory 1 1.18 22.81 280349
09:35:12 test_memory 1 1.18 22.82 280349
09:35:14 test_memory 1 1.19 22.80 280349
09:35:16 test_memory 1 1.31 22.69 280349
09:35:18 test_memory 1 1.63 22.36 280349
09:35:20 test_memory 1 1.81 22.18 280349
09:35:22 test_memory 1 2.06 21.93 280349
09:35:24 test_memory 1 2.07 21.92 280349
09:35:26 test_memory 1 2.07 21.93 280349
09:35:28 test_memory 1 2.27 21.72 280349
09:35:30 test_memory 1 2.53 21.45 280349
09:35:32 test_memory 1 2.61 21.39 280349
09:35:34 test_memory 1 2.83 21.18 280349
09:35:36 test_memory 1 2.97 21.02 280349
09:35:38 test_memory 1 3.06 20.90 280349
09:35:40 test_memory 1 3.24 20.75 280349
09:35:42 test_memory 1 3.56 20.43 280349
09:35:44 test_memory 1 3.56 20.43 280349
09:35:46 test_memory 1 3.56 20.42 280349
09:35:48 test_memory 1 3.90 20.08 280349
09:35:50 test_memory 1 4.04 19.95 280349
09:35:52 test_memory 1 4.19 19.79 280349
09:35:54 test_memory 1 4.22 19.76 280349
09:35:56 test_memory 1 4.40 19.58 280349
09:35:58 test_memory 1 4.49 19.50 280349
09:36:00 test_memory 1 4.51 19.48 280349
09:36:02 test_memory 1 4.52 19.47 280349
09:36:04 test_memory 1 4.51 19.48 280349
09:36:06 test_memory 1 4.51 19.50 280349
09:36:08 test_memory 1 4.51 19.49 280349
09:36:10 test_memory 1 4.66 19.32 280349
09:36:12 test_memory 1 4.84 19.14 280349
09:36:14 test_memory 1 4.94 19.04 280349
09:36:16 test_memory 1 4.98 19.00 280349
09:36:18 test_memory 1 4.98 19.01 280349
09:36:20 test_memory 1 5.00 18.99 280349
09:36:22 test_memory 1 5.01 18.97 280349
09:36:24 test_memory 1 5.01 18.98 280349
09:36:26 test_memory 1 5.01 18.99 280349
09:36:28 test_memory 1 5.01 18.98 280349
09:36:30 test_memory 1 5.01 18.98 280349
09:36:32 test_memory 1 5.01 18.97 280349
09:36:34 test_memory 1 5.01 18.97 280349
09:36:36 test_memory 1 5.01 18.97 280349
09:36:38 test_memory 1 5.01 18.97 280349
09:36:40 test_memory 1 5.01 18.97 280349
09:36:42 test_memory 1 5.06 18.93 280349
09:36:44 test_memory 1 5.13 18.86 280349
09:36:46 test_memory 1 5.37 18.62 280349
09:36:48 test_memory 1 5.39 18.59 280349
09:36:50 test_memory 1 5.40 18.59 280349
09:36:52 test_memory 1 5.41 18.58 280349
09:36:54 test_memory 1 5.42 18.57 280349
09:36:56 test_memory 1 5.42 18.57 280349
09:36:58 test_memory 1 5.42 18.57 280349
09:37:00 test_memory 1 5.42 18.57 280349
09:37:02 test_memory 1 5.42 18.57 280349
09:37:04 test_memory 1 5.42 18.56 280349
09:37:06 test_memory 1 5.42 18.56 280349
09:37:08 test_memory 1 5.42 18.57 280349
09:37:10 test_memory 1 5.42 18.56 280349
09:37:12 test_memory 1 5.42 18.56 280449
09:37:14 test_memory 1 5.42 18.56 280449
09:37:16 test_memory 1 5.42 18.56 280449
09:37:18 test_memory 1 5.42 18.56 280449
09:37:20 test_memory 1 5.42 18.55 280449
09:37:22 test_memory 1 5.42 18.56 280449
09:37:24 test_memory 1 5.42 18.56 280449
09:37:26 test_memory 1 5.42 18.56 280449
09:37:28 test_memory 1 5.42 18.56 280449
09:37:30 test_memory 1 5.42 18.55 280449
09:37:32 test_memory 1 5.42 18.56 280449
09:37:34 test_memory 1 5.42 18.57 280449
09:37:36 test_memory 1 5.42 18.56 280449
09:37:38 test_memory 1 5.42 18.55 280449
09:37:40 test_memory 1 5.42 18.55 280449
09:37:42 test_memory 1 5.42 18.56 280449
09:37:44 test_memory 1 5.42 18.57 280449
09:37:46 test_memory 1 5.42 18.55 280449
09:37:48 test_memory 1 5.42 18.55 280449
09:37:50 test_memory 1 5.42 18.56 280449
09:37:52 test_memory 1 5.42 18.56 280449
09:37:54 test_memory 1 5.42 18.56 280449
09:37:56 test_memory 1 5.42 18.56 280449
09:37:58 test_memory 1 5.42 18.56 280449
09:38:00 test_memory 1 5.42 18.55 280449
09:38:02 test_memory 1 5.42 18.55 280449
09:38:04 test_memory 1 5.42 18.56 280449
09:38:06 test_memory 1 5.42 18.56 280449
09:38:08 test_memory 1 5.42 18.55 280449
09:38:10 test_memory 1 5.42 18.56 280449
09:38:12 test_memory 1 5.42 18.55 280449
09:38:14 test_memory 1 5.42 18.54 280449
09:38:16 test_memory 1 5.42 18.55 280449
09:38:18 test_memory 1 5.42 18.55 280449
09:38:20 test_memory 1 5.42 18.55 280449
09:38:22 test_memory 1 5.42 18.55 280449
09:38:24 test_memory 1 5.42 18.56 280449
09:38:26 test_memory 1 5.42 18.56 280449
09:38:28 test_memory 1 5.42 18.55 280449
09:38:30 test_memory 1 5.42 18.56 280449
09:38:32 test_memory 1 5.42 18.56 280449
09:38:34 test_memory 1 5.42 18.56 280449
09:38:36 test_memory 1 5.42 18.56 280449
09:38:38 test_memory 1 5.42 18.56 280449
09:38:40 test_memory 1 5.42 18.58 280558
09:38:42 test_memory 1 5.42 18.56 280558
09:38:44 test_memory 1 5.42 18.56 280558
09:38:46 test_memory 1 5.42 18.56 280558
09:38:48 test_memory 1 5.42 18.57 280558
09:38:50 test_memory 1 5.42 18.56 280558
09:38:52 test_memory 1 5.42 18.58 280558
09:38:54 test_memory 1 5.42 18.57 280558
09:38:56 test_memory 1 5.42 18.57 280558
09:38:58 test_memory 1 5.42 18.57 280558
09:39:00 test_memory 1 5.42 18.57 280558
09:39:02 test_memory 1 5.42 18.56 280558
09:39:04 test_memory 1 5.42 18.56 280558
09:39:06 test_memory 1 5.42 18.55 280558
09:39:08 test_memory 1 5.42 18.57 280558
09:39:10 test_memory 1 5.42 18.57 280558
09:39:12 test_memory 1 5.42 18.56 280558
09:39:14 test_memory 1 5.42 18.55 280558
09:39:16 test_memory 1 5.42 18.55 280558
09:39:18 test_memory 1 5.42 18.56 280558
09:39:20 test_memory 1 5.42 18.55 280558
09:39:22 test_memory 1 5.42 18.56 280558
09:39:24 test_memory 1 5.42 18.56 280558
09:39:26 test_memory 1 5.42 18.56 280558
09:39:28 test_memory 1 5.42 18.56 280558
09:39:30 test_memory 1 5.42 18.56 280558
09:39:32 test_memory 1 5.42 18.56 280558
09:39:34 test_memory 1 5.42 18.58 280558
09:39:36 test_memory 1 5.42 18.56 280558
09:39:38 test_memory 1 5.42 18.56 280558
09:39:40 test_memory 1 5.42 18.56 280558
09:39:42 test_memory 1 5.42 18.56 280558
09:39:44 test_memory 1 5.42 18.56 280558
09:39:46 test_memory 1 5.42 18.56 280558
09:39:48 test_memory 1 5.42 18.57 280558
09:39:50 test_memory 1 5.42 18.55 280558
09:39:52 test_memory 1 5.42 18.56 280558
09:39:54 test_memory 1 5.42 18.56 280558
09:39:56 test_memory 1 5.42 18.55 280558
09:39:58 test_memory 1 5.42 18.55 280558
09:40:00 test_memory 1 5.42 18.56 280558
09:40:02 test_memory 1 5.42 18.56 280635
09:40:04 test_memory 1 5.42 18.55 280635
09:40:06 test_memory 1 5.42 18.56 280635
09:40:08 test_memory 1 5.42 18.56 280635
09:40:10 test_memory 1 5.42 18.56 280635
09:40:12 test_memory 1 5.42 18.56 280635
09:40:14 test_memory 1 5.42 18.56 280635
09:40:16 test_memory 1 5.42 18.56 280635
09:40:18 test_memory 1 5.42 18.57 280635
09:40:20 test_memory 1 5.42 18.57 280635
09:40:22 test_memory 1 5.42 18.56 280635
09:40:24 test_memory 1 5.42 18.56 280635
09:40:26 test_memory 1 5.42 18.55 280635
09:40:28 test_memory 1 5.42 18.56 280635
09:40:30 test_memory 1 5.42 18.56 280635
09:40:32 test_memory 1 5.42 18.55 280635
09:40:34 test_memory 1 5.42 18.56 280635
09:40:36 test_memory 1 5.42 18.57 280635
09:40:38 test_memory 1 5.42 18.57 280635
09:40:40 test_memory 1 5.42 18.57 280635
09:40:42 test_memory 1 5.42 18.56 280635
09:40:44 test_memory 1 5.42 18.57 280635
09:40:46 test_memory 1 5.42 18.57 280635
09:40:48 test_memory 1 5.42 18.57 280635
09:40:50 test_memory 1 5.42 18.56 280635
09:40:52 test_memory 1 5.42 18.57 280635
09:40:54 test_memory 1 5.42 18.56 280635
09:40:56 test_memory 1 5.42 18.56 280635
09:40:58 test_memory 1 5.42 18.55 280635
09:41:00 test_memory 1 5.42 18.56 280635
09:41:02 test_memory 1 5.42 18.58 280635
09:41:04 test_memory 1 5.42 18.57 280635
09:41:06 test_memory 1 5.42 18.58 280635
09:41:08 test_memory 1 5.42 18.57 280635
09:41:10 test_memory 1 5.42 18.56 280635
09:41:12 test_memory 1 5.42 18.57 280635
09:41:14 test_memory 1 5.42 18.56 280635
09:41:16 test_memory 1 5.42 18.56 280635
09:41:18 test_memory 1 5.42 18.56 280635
09:41:20 test_memory 1 5.42 18.56 280635
09:41:22 test_memory 1 5.42 18.55 280635
09:41:24 test_memory 1 5.42 18.56 280635
09:41:26 test_memory 1 5.42 18.57 280635
09:41:28 test_memory 1 5.42 18.57 280635
09:41:30 test_memory 1 5.42 18.57 280635
09:41:32 test_memory 1 5.42 18.57 280635
09:41:34 test_memory 1 5.42 18.57 280635
09:41:36 test_memory 1 5.42 18.57 280635
09:41:38 test_memory 1 5.42 18.57 280635
09:41:40 test_memory 1 5.42 18.56 280635
09:41:42 test_memory 1 5.42 18.57 280635
09:41:44 test_memory 1 5.42 18.57 280635
09:41:46 test_memory 1 5.42 18.57 280635
09:41:48 test_memory 1 5.42 18.56 280635
09:41:50 test_memory 1 5.42 18.56 280635
09:41:52 test_memory 1 5.42 18.57 280635
09:41:54 test_memory 1 5.42 18.57 280635
09:41:56 test_memory 1 5.42 18.56 280635
09:41:58 test_memory 1 5.42 18.56 280635
09:42:00 test_memory 1 5.42 18.57 280635
09:42:02 test_memory 1 5.42 18.59 280635
09:42:04 test_memory 1 5.42 18.55 280635
09:42:06 test_memory 1 5.42 18.56 280635
09:42:08 test_memory 1 5.42 18.56 280635
09:42:10 test_memory 1 5.42 18.57 280635
09:42:12 test_memory 1 5.42 18.58 280635
09:42:14 test_memory 1 5.42 18.57 280635
09:42:16 test_memory 1 5.42 18.57 280635
09:42:18 test_memory 1 5.42 18.57 280635
09:42:20 test_memory 1 5.42 18.57 280635
09:42:22 test_memory 1 5.42 18.56 280635
09:42:24 test_memory 1 5.42 18.56 280635
09:42:26 test_memory 1 5.42 18.56 280635
09:42:28 test_memory 1 5.42 18.56 280635
09:42:30 test_memory 1 5.42 18.57 280635
09:42:32 test_memory 1 5.42 18.56 280635
09:42:34 test_memory 1 5.42 18.56 280635
09:42:36 test_memory 1 5.42 18.58 280635
09:42:38 test_memory 1 5.42 18.56 280635
09:42:40 test_memory 1 5.42 18.56 280635
09:42:42 test_memory 1 5.42 18.56 280635
09:42:44 test_memory 1 5.42 18.57 280716
09:42:46 test_memory 1 5.42 18.57 280716
09:42:48 test_memory 1 5.42 18.57 280716
09:42:50 test_memory 1 5.42 18.56 280716
09:42:52 test_memory 1 5.42 18.57 280716
09:42:54 test_memory 1 5.42 18.56 280716
09:42:56 test_memory 1 5.42 18.56 280716
09:42:58 test_memory 1 5.42 18.56 280716
09:43:00 test_memory 1 5.42 18.57 280716
09:43:02 test_memory 1 5.42 18.57 280716
09:43:04 test_memory 1 5.42 18.57 280716
09:43:06 test_memory 1 5.42 18.57 280716
09:43:08 test_memory 1 5.42 18.28 280716
09:43:10 test_memory 1 5.42 17.87 280716
09:43:12 test_memory 1 5.42 18.00 280716
09:43:14 test_memory 1 5.42 17.99 280716
09:43:16 test_memory 1 5.42 18.01 280716
09:43:18 test_memory 1 5.42 18.01 280716
09:43:20 test_memory 1 5.42 18.01 280716
09:43:22 test_memory 1 5.42 18.01 280716
09:43:24 test_memory 1 5.42 18.23 280716
09:43:26 test_memory 1 5.42 18.23 280716
09:43:28 test_memory 1 5.42 18.22 280716
09:43:30 test_memory 1 5.42 18.22 280716
09:43:32 test_memory 1 5.42 18.23 280716
09:43:34 test_memory 1 5.42 18.22 280716
09:43:36 test_memory 1 5.42 18.22 280716
09:43:38 test_memory 1 5.42 18.22 280716
09:43:40 test_memory 1 5.42 18.21 280716
09:43:42 test_memory 1 5.42 18.24 280716
09:43:44 test_memory 1 5.42 18.20 280716
09:43:46 test_memory 1 5.42 18.20 280716
09:43:48 test_memory 1 5.42 18.20 280716
09:43:50 test_memory 1 5.42 18.20 280716
09:43:52 test_memory 1 5.42 18.21 280716
09:43:54 test_memory 1 5.42 18.20 280716
09:43:56 test_memory 1 5.42 18.19 280716
09:43:58 test_memory 1 5.42 18.20 280716
09:44:00 test_memory 1 5.42 18.20 280716
09:44:02 test_memory 1 5.42 18.20 280716
09:44:04 test_memory 1 5.42 18.20 280716
09:44:06 test_memory 1 5.42 18.19 280716
09:44:08 test_memory 1 5.42 18.19 280716
09:44:10 test_memory 1 5.42 18.19 280716
09:44:12 test_memory 1 5.42 18.20 280716
09:44:14 test_memory 1 5.42 18.19 280716
09:44:16 test_memory 1 5.42 18.19 280716
09:44:18 test_memory 1 5.42 18.18 280716
09:44:20 test_memory 2 5.60 18.07 280791
09:44:22 test_memory 2 5.61 18.10 280791
09:44:24 test_memory 2 5.61 18.08 280791
09:44:26 test_memory 2 5.61 18.08 280791
09:44:28 test_memory 2 5.61 18.08 280791
09:44:30 test_memory 2 5.61 18.08 280791
09:44:32 test_memory 2 5.61 18.07 280791
09:44:34 test_memory 2 5.61 18.08 280791
09:44:36 test_memory 2 5.61 18.08 280791
09:44:38 test_memory 2 5.66 18.02 280791
09:44:40 test_memory 2 5.71 17.98 280791
09:44:42 test_memory 2 5.71 17.97 280791
09:44:44 test_memory 2 5.72 17.97 280791
09:44:46 test_memory 2 5.72 17.97 280791
09:44:48 test_memory 2 5.78 17.91 280791
09:44:50 test_memory 2 5.83 17.85 280791
09:44:53 test_memory 2 5.83 17.85 280791
09:44:55 test_memory 2 5.93 17.75 280791
09:44:57 test_memory 2 5.96 17.72 280791
09:44:59 test_memory 2 6.03 17.65 280791
09:45:01 test_memory 2 6.21 17.47 280791
09:45:03 test_memory 2 6.22 17.45 280791
09:45:05 test_memory 2 6.32 17.36 280791
09:45:07 test_memory 2 6.54 17.14 280791
09:45:09 test_memory 2 6.55 17.12 280791
09:45:11 test_memory 2 6.55 17.13 280791
09:45:13 test_memory 2 6.58 17.10 280791
09:45:15 test_memory 2 6.92 16.75 280791
09:45:17 test_memory 2 7.00 16.67 280791
09:45:19 test_memory 2 7.26 16.41 280791
09:45:21 test_memory 2 7.42 16.26 280791
09:45:23 test_memory 2 7.43 16.25 280791
09:45:25 test_memory 2 7.43 16.24 280791
09:45:27 test_memory 2 7.60 16.08 280791
09:45:29 test_memory 2 7.74 15.94 280791
09:45:31 test_memory 2 7.98 15.71 280791
09:45:33 test_memory 2 8.09 15.60 280791
09:45:35 test_memory 2 8.23 15.45 280791
09:45:37 test_memory 2 8.37 15.30 280791
09:45:39 test_memory 2 8.43 15.25 280791
09:45:41 test_memory 2 8.51 15.17 280791
09:45:43 test_memory 2 8.69 14.98 280791
09:45:45 test_memory 2 8.92 14.76 280791
09:45:47 test_memory 2 8.93 14.74 280791
09:45:49 test_memory 2 8.93 14.73 280791
09:45:51 test_memory 2 9.03 14.64 280791
09:45:53 test_memory 2 9.30 14.37 280791
09:45:55 test_memory 2 9.40 14.26 280791
09:45:57 test_memory 2 9.47 14.20 280791
09:45:59 test_memory 2 9.58 14.07 280791
09:46:01 test_memory 2 9.58 14.08 280791
09:46:03 test_memory 2 9.77 13.90 280791
09:46:05 test_memory 2 9.85 13.81 280791
09:46:07 test_memory 2 9.86 13.81 280791
09:46:09 test_memory 2 9.87 13.80 280791
09:46:11 test_memory 2 9.88 13.79 280791
09:46:13 test_memory 2 9.88 13.79 280791
09:46:15 test_memory 2 9.88 13.80 280791
09:46:17 test_memory 2 9.88 13.79 280791
09:46:19 test_memory 2 9.97 13.68 280791
09:46:21 test_memory 2 10.14 13.51 280791
09:46:23 test_memory 2 10.30 13.35 280791
09:46:25 test_memory 2 10.33 13.33 280791
09:46:27 test_memory 2 10.34 13.33 280791
09:46:29 test_memory 2 10.35 13.32 280791
09:46:31 test_memory 2 10.36 13.31 280791
09:46:33 test_memory 2 10.37 13.29 280791
09:46:35 test_memory 2 10.37 13.30 280791
09:46:37 test_memory 2 10.37 13.29 280791
09:46:39 test_memory 2 10.37 13.28 280791
09:46:41 test_memory 2 10.37 13.28 280791
09:46:43 test_memory 2 10.37 13.28 280791
09:46:45 test_memory 2 10.37 13.28 280791
09:46:47 test_memory 2 10.37 13.29 280791
09:46:49 test_memory 2 10.38 13.28 280791
09:46:51 test_memory 2 10.38 13.28 280791
09:46:53 test_memory 2 10.40 13.26 280791
09:46:55 test_memory 2 10.42 13.24 280791
09:46:57 test_memory 2 10.73 12.92 280791
09:46:59 test_memory 2 10.76 12.90 280791
09:47:01 test_memory 2 10.76 12.89 280791
09:47:03 test_memory 2 10.78 12.87 280791
09:47:05 test_memory 2 10.78 12.88 280791
09:47:07 test_memory 2 10.78 12.88 280791
09:47:09 test_memory 2 10.78 12.88 280791
09:47:11 test_memory 2 10.78 12.88 280791
09:47:13 test_memory 2 10.78 12.87 280791
09:47:15 test_memory 2 10.79 12.87 280791
09:47:17 test_memory 2 10.79 12.87 280791
09:47:19 test_memory 2 10.79 12.87 280791
09:47:21 test_memory 2 10.79 12.87 280791
09:47:23 test_memory 2 10.79 12.87 280791
09:47:25 test_memory 2 10.79 12.87 280791
09:47:27 test_memory 2 10.79 12.89 280791
09:47:29 test_memory 2 10.79 12.87 280791
09:47:31 test_memory 2 10.79 12.87 280791
09:47:33 test_memory 2 10.79 12.87 280791
09:47:35 test_memory 2 10.79 12.89 280791
09:47:37 test_memory 2 10.79 12.88 280791
09:47:39 test_memory 2 10.79 12.87 280791
09:47:41 test_memory 2 10.79 12.87 280791
09:47:43 test_memory 2 10.79 12.86 280791
09:47:45 test_memory 2 10.79 12.86 280791
09:47:47 test_memory 2 10.79 12.85 280791
09:47:49 test_memory 2 10.79 12.86 280791
09:47:51 test_memory 2 10.79 12.86 280791
09:47:53 test_memory 2 10.79 12.86 280791
09:47:55 test_memory 2 10.79 12.86 280791
09:47:57 test_memory 2 10.79 12.86 280791
09:47:59 test_memory 2 10.79 12.88 280791
09:48:01 test_memory 2 10.79 12.88 280791
09:48:03 test_memory 2 10.79 12.87 280791
09:48:05 test_memory 2 10.79 12.87 280791
09:48:07 test_memory 2 10.79 12.87 280791
09:48:09 test_memory 2 10.79 12.87 280791
09:48:11 test_memory 2 10.79 12.89 280791
09:48:13 test_memory 2 10.79 12.86 280791
09:48:15 test_memory 2 10.79 12.87 280791
09:48:17 test_memory 2 10.79 12.88 280791
09:48:19 test_memory 2 10.79 12.87 280791
09:48:21 test_memory 2 10.79 12.87 280791
09:48:23 test_memory 2 10.79 12.87 280791
09:48:25 test_memory 2 10.79 12.87 280791
09:48:27 test_memory 2 10.79 12.87 280791
09:48:29 test_memory 2 10.79 12.87 280791
09:48:31 test_memory 2 10.79 12.87 280791
09:48:33 test_memory 2 10.79 12.86 280791
09:48:35 test_memory 2 10.79 12.87 280791
09:48:37 test_memory 2 10.79 12.88 280791
09:48:39 test_memory 2 10.79 12.87 280791
09:48:41 test_memory 2 10.79 12.87 280791
09:48:43 test_memory 2 10.79 12.87 280791
09:48:45 test_memory 2 10.79 12.86 280791
09:48:47 test_memory 2 10.79 12.86 280791
09:48:49 test_memory 2 10.79 12.87 280791
09:48:51 test_memory 2 10.79 12.86 280791
09:48:53 test_memory 2 10.79 12.86 280791
09:48:55 test_memory 2 10.79 12.89 280791
09:48:57 test_memory 2 10.79 12.87 280791
09:48:59 test_memory 2 10.79 12.87 280791
09:49:01 test_memory 2 10.79 12.86 280791
09:49:03 test_memory 2 10.79 12.86 280791
09:49:05 test_memory 2 10.79 12.87 280791
09:49:07 test_memory 2 10.79 12.86 280791
09:49:09 test_memory 2 10.79 12.87 280791
09:49:11 test_memory 2 10.79 12.86 280791
09:49:13 test_memory 2 10.79 12.86 280791
09:49:15 test_memory 2 10.79 12.86 280791
09:49:17 test_memory 2 10.79 12.87 280791
09:49:19 test_memory 2 10.79 12.87 280791
09:49:21 test_memory 2 10.79 12.87 280791
09:49:23 test_memory 2 10.79 12.87 280791
09:49:25 test_memory 2 10.79 12.86 280791
09:49:27 test_memory 2 10.79 12.86 280791
09:49:29 test_memory 2 10.79 12.85 280791
09:49:31 test_memory 2 10.79 12.85 280791
09:49:33 test_memory 2 10.79 12.85 280791
09:49:35 test_memory 2 10.79 12.85 280791
09:49:37 test_memory 2 10.79 12.85 280791
09:49:39 test_memory 2 10.79 12.85 280791
09:49:41 test_memory 2 10.79 12.85 280791
09:49:43 test_memory 2 10.79 12.86 280791
09:49:45 test_memory 2 10.79 12.86 280791
09:49:47 test_memory 2 10.79 12.86 280791
09:49:49 test_memory 2 10.79 12.87 280791
09:49:51 test_memory 2 10.79 12.85 280791
09:49:53 test_memory 2 10.79 12.86 280791
09:49:55 test_memory 2 10.79 12.87 280791
09:49:57 test_memory 2 10.79 12.86 280791
09:49:59 test_memory 2 10.79 12.86 280791
09:50:01 test_memory 2 10.79 12.87 280791
09:50:03 test_memory 2 10.79 12.89 280791
09:50:05 test_memory 2 10.79 12.87 280791
09:50:07 test_memory 2 10.79 12.87 280791
09:50:09 test_memory 2 5.57 18.09 280791
09:50:11 test_memory 2 5.61 18.06 280791
09:50:13 test_memory 2 5.61 18.06 280791
09:50:15 test_memory 2 5.61 18.06 280791
09:50:17 test_memory 2 5.61 18.05 280791
09:50:19 test_memory 2 5.61 18.05 280791
09:50:21 test_memory 2 5.61 18.06 280791
09:50:23 test_memory 2 5.61 18.06 280791
09:50:25 test_memory 2 5.61 18.06 280791
09:50:27 test_memory 2 5.61 18.06 280791
09:50:29 test_memory 2 5.61 18.06 280791
09:50:31 test_memory 2 5.71 17.96 280791
09:50:33 test_memory 2 5.71 17.95 280791
09:50:35 test_memory 2 5.72 17.95 280791
09:50:37 test_memory 2 5.72 17.95 280791
09:50:39 test_memory 2 5.78 17.88 280791
09:50:41 test_memory 2 5.81 17.86 280791
09:50:43 test_memory 2 5.83 17.83 280791
09:50:45 test_memory 2 5.96 17.70 280791
09:50:47 test_memory 2 6.09 17.57 280791
09:50:49 test_memory 2 6.22 17.45 280791
09:50:51 test_memory 2 6.22 17.45 280791
09:50:53 test_memory 2 6.41 17.25 280791
09:50:55 test_memory 2 6.55 17.11 280791
09:50:57 test_memory 2 6.55 17.11 280791
09:50:59 test_memory 2 6.55 17.12 280791
09:51:01 test_memory 2 6.56 17.11 280791
09:51:03 test_memory 2 6.80 16.87 280791
09:51:05 test_memory 2 7.00 16.67 280791
09:51:07 test_memory 2 7.00 16.65 280791
09:51:09 test_memory 2 7.25 16.41 280791
09:51:11 test_memory 2 7.42 16.23 280791
09:51:13 test_memory 2 7.43 16.24 280791
09:51:15 test_memory 2 7.43 16.26 280791
09:51:17 test_memory 2 7.43 16.23 280791
09:51:19 test_memory 2 7.62 16.04 280791
09:51:21 test_memory 2 7.74 15.93 280791
09:51:23 test_memory 2 7.93 15.72 280791
09:51:25 test_memory 2 8.04 15.60 280791
09:51:27 test_memory 2 8.20 15.45 280791
09:51:29 test_memory 2 8.35 15.30 280791
09:51:31 test_memory 2 8.43 15.22 280791
09:51:33 test_memory 2 8.60 15.04 280791
09:51:35 test_memory 2 8.78 14.87 280791
09:51:37 test_memory 2 8.93 14.72 280791
09:51:39 test_memory 2 8.93 14.72 280791
09:51:41 test_memory 2 9.01 14.65 280791
09:51:43 test_memory 2 9.26 14.40 280791
09:51:45 test_memory 2 9.39 14.26 280791
09:51:47 test_memory 2 9.44 14.20 280791
09:51:49 test_memory 2 9.58 14.06 280791
09:51:51 test_memory 2 9.58 14.06 280791
09:51:53 test_memory 2 9.84 13.80 280791
09:51:55 test_memory 2 9.86 13.79 280791
09:51:57 test_memory 2 9.87 13.78 280791
09:51:59 test_memory 2 9.88 13.77 280791
09:52:01 test_memory 2 9.88 13.78 280791
09:52:03 test_memory 2 9.88 13.77 280791
09:52:05 test_memory 2 9.88 13.77 280791
09:52:07 test_memory 2 9.88 13.77 280791
09:52:09 test_memory 2 10.03 13.64 280791
09:52:11 test_memory 2 10.21 13.44 280791
09:52:13 test_memory 2 10.30 13.36 280791
09:52:15 test_memory 2 10.33 13.33 280791
09:52:17 test_memory 2 10.34 13.31 280791
09:52:19 test_memory 2 10.35 13.31 280791
09:52:21 test_memory 2 10.36 13.31 280791
09:52:23 test_memory 2 10.37 13.29 280791
09:52:25 test_memory 2 10.37 13.28 280791
09:52:27 test_memory 2 10.37 13.28 280791
09:52:29 test_memory 2 10.37 13.28 280791
09:52:31 test_memory 2 10.37 13.27 280791
09:52:33 test_memory 2 10.37 13.25 280791
09:52:35 test_memory 2 10.37 13.27 280791
09:52:37 test_memory 2 10.37 13.27 280791
09:52:39 test_memory 2 10.37 13.28 280791
09:52:41 test_memory 2 10.38 13.28 280791
09:52:43 test_memory 2 10.38 13.28 280791
09:52:45 test_memory 2 10.38 13.28 280791
09:52:47 test_memory 2 10.45 13.20 280791
09:52:49 test_memory 2 10.73 12.91 280791
09:52:51 test_memory 2 10.76 12.88 280791
09:52:53 test_memory 2 10.76 12.87 280791
09:52:55 test_memory 2 10.77 12.86 280791
09:52:57 test_memory 2 10.78 12.85 280791
09:52:59 test_memory 2 10.78 12.86 280791
09:53:01 test_memory 2 10.78 12.86 280791
09:53:03 test_memory 2 10.78 12.87 280791
09:53:05 test_memory 2 10.78 12.87 280791
09:53:07 test_memory 2 10.79 12.86 280791
09:53:09 test_memory 2 10.79 12.87 280791
09:53:11 test_memory 2 10.79 12.87 280791
09:53:13 test_memory 2 10.79 12.87 280791
09:53:15 test_memory 2 10.79 12.87 280791
09:53:17 test_memory 2 10.79 12.87 280791
09:53:19 test_memory 2 10.79 12.86 280791
09:53:21 test_memory 2 10.79 12.87 280791
09:53:23 test_memory 2 10.79 12.87 280791
09:53:25 test_memory 2 10.79 12.86 280791
09:53:27 test_memory 2 10.79 12.86 280791
09:53:29 test_memory 2 10.79 12.87 280791
09:53:31 test_memory 2 10.79 12.87 280791
09:53:33 test_memory 2 10.79 12.85 280791
09:53:35 test_memory 2 10.79 12.86 280791
09:53:37 test_memory 2 10.79 12.86 280791
09:53:39 test_memory 2 10.79 12.86 280791
09:53:41 test_memory 2 10.79 12.86 280791
09:53:43 test_memory 2 10.79 12.86 280791
09:53:45 test_memory 2 10.79 12.86 280791
09:53:47 test_memory 2 10.79 12.86 280791
09:53:49 test_memory 2 10.79 12.86 280791
09:53:51 test_memory 2 10.79 12.85 280791
09:53:53 test_memory 2 10.79 12.86 280791
09:53:55 test_memory 2 10.79 12.86 280791
09:53:57 test_memory 2 10.79 12.85 280791
09:53:59 test_memory 2 10.79 12.86 280791
09:54:01 test_memory 2 10.79 12.85 280791
09:54:03 test_memory 2 10.79 12.85 280791
09:54:05 test_memory 2 10.79 12.84 280791
09:54:07 test_memory 2 10.79 12.86 280791
09:54:09 test_memory 2 10.79 12.85 280791
09:54:11 test_memory 2 10.79 12.87 280791
09:54:13 test_memory 2 10.79 12.86 280791
09:54:15 test_memory 2 10.79 12.85 280791
09:54:17 test_memory 2 10.79 12.86 280791
09:54:19 test_memory 2 10.79 12.85 280791
09:54:21 test_memory 2 10.79 12.86 280791
09:54:23 test_memory 2 10.79 12.86 280791
09:54:25 test_memory 2 10.79 12.85 280791
09:54:27 test_memory 2 10.79 12.85 280791
09:54:29 test_memory 2 10.79 12.85 280791
09:54:31 test_memory 2 10.79 12.85 280791
09:54:33 test_memory 2 10.79 12.86 280791
09:54:35 test_memory 2 10.79 12.85 280791
09:54:37 test_memory 2 10.79 12.86 280791
09:54:39 test_memory 2 10.79 12.85 280791
09:54:42 test_memory 2 10.79 12.85 280791
09:54:44 test_memory 2 10.79 12.86 280791
09:54:46 test_memory 2 10.79 12.85 280791
09:54:48 test_memory 2 10.79 12.85 280791
09:54:50 test_memory 2 10.79 12.85 280791
09:54:52 test_memory 2 10.79 12.84 280791
09:54:54 test_memory 2 10.79 12.79 280791
09:54:56 test_memory 2 10.79 12.83 280791
09:54:58 test_memory 2 10.79 12.84 280791
09:55:00 test_memory 2 10.79 12.85 280791
09:55:02 test_memory 2 10.79 13.24 280791
09:55:04 test_memory 2 10.79 13.25 280791
09:55:06 test_memory 2 10.79 13.25 280791
09:55:08 test_memory 2 10.79 13.25 280791
09:55:10 test_memory 2 10.79 13.25 280791
09:55:12 test_memory 2 10.79 13.25 280791
09:55:14 test_memory 2 10.79 13.25 280791
09:55:16 test_memory 2 10.79 13.25 280791
09:55:18 test_memory 2 10.79 13.25 280791
09:55:20 test_memory 2 10.79 13.25 280791
09:55:22 test_memory 2 10.79 13.25 280791
09:55:24 test_memory 2 10.79 13.25 280791
09:55:26 test_memory 2 10.79 13.25 280791
09:55:28 test_memory 2 10.79 13.24 280791
09:55:30 test_memory 2 10.79 13.25 280791
09:55:32 test_memory 2 10.79 13.25 280791
09:55:34 test_memory 2 10.79 13.25 280791
09:55:36 test_memory 2 10.79 13.25 280791
09:55:38 test_memory 2 10.79 13.25 280791
09:55:40 test_memory 2 10.79 13.25 280791
09:55:42 test_memory 2 10.79 13.25 280791
09:55:44 test_memory 2 10.79 13.24 280791
09:55:46 test_memory 2 10.79 13.25 280791
09:55:48 test_memory 2 10.79 13.25 280791
09:55:50 test_memory 2 10.79 13.25 280791
09:55:52 test_memory 2 10.79 13.25 280791
09:55:54 test_memory 2 10.79 13.25 280791
09:55:56 test_memory 2 10.79 13.24 280791
09:55:58 test_memory 2 10.79 13.24 280791
09:56:00 test_memory 2 10.79 13.24 280791
09:56:02 test_memory 2 10.79 13.24 280791
09:56:04 test_memory 2 10.79 13.24 280791
09:56:06 test_memory 2 10.76 13.28 280791
09:56:08 test_memory 2 10.76 13.29 280791
09:56:10 test_memory 1 5.42 18.58 294628
09:56:12 test_memory 1 5.42 18.58 294628
09:56:14 test_memory 0 0.00 23.94 294628
09:56:16 test_memory 1 0.26 23.71 294629
09:56:18 test_memory 1 0.30 23.70 294629
09:56:20 test_goals 1 0.30 23.70 294646
09:56:22 test_goals 1 0.30 23.70 294646
09:56:24 test_goals 1 0.30 23.70 294646
09:56:26 test_goals 1 0.30 23.71 294646
09:56:28 test_goals 1 0.30 23.71 294646
09:56:30 test_goals 1 0.30 23.71 294646
09:56:32 test_goals 1 0.30 23.70 294646
09:56:34 test_goals 1 0.30 23.70 294646
09:56:36 test_goals 1 0.34 23.65 294646
09:56:38 test_goals 1 0.35 23.64 294646
09:56:40 test_goals 1 0.35 23.64 294646
09:56:42 test_goals 1 0.36 23.63 294646
09:56:44 test_goals 1 0.44 23.55 294646
09:56:46 test_goals 1 0.47 23.53 294646
09:56:48 test_goals 1 0.59 23.41 294646
09:56:50 test_goals 1 0.66 23.34 294646
09:56:52 test_goals 1 0.86 23.13 294646
09:56:54 test_goals 1 0.86 23.13 294646
09:56:56 test_goals 1 1.03 22.96 294646
09:56:58 test_goals 1 1.18 22.81 294646
09:57:00 test_goals 1 1.18 22.81 294646
09:57:02 test_goals 1 1.18 22.81 294646
09:57:04 test_goals 1 1.25 22.74 294646
09:57:06 test_goals 1 1.62 22.37 294646
09:57:08 test_goals 1 1.64 22.36 294646
09:57:10 test_goals 1 1.90 22.09 294646
09:57:12 test_goals 1 2.06 21.93 294646
09:57:14 test_goals 1 2.07 21.93 294646
09:57:16 test_goals 1 2.07 21.93 294646
09:57:18 test_goals 1 2.23 21.75 294646
09:57:20 test_goals 1 2.34 21.64 294646
09:57:22 test_goals 1 2.60 21.39 294646
09:57:24 test_goals 1 2.73 21.25 294646
09:57:26 test_goals 1 2.97 21.02 294646
09:57:28 test_goals 1 3.06 20.93 294646
09:57:30 test_goals 1 3.23 20.76 294646
09:57:32 test_goals 1 3.56 20.44 294646
09:57:34 test_goals 1 3.57 20.42 294646
09:57:36 test_goals 1 3.56 20.43 294646
09:57:38 test_goals 1 3.83 20.17 294646
09:57:40 test_goals 1 4.04 19.95 294646
09:57:42 test_goals 1 4.11 19.89 294646
09:57:44 test_goals 1 4.22 19.77 294646
09:57:46 test_goals 1 4.42 19.57 294646
09:57:48 test_goals 1 4.49 19.50 294646
09:57:50 test_goals 1 4.51 19.48 294646
09:57:52 test_goals 1 4.52 19.47 294646
09:57:54 test_goals 1 4.51 19.48 294646
09:57:56 test_goals 1 4.51 19.48 294646
09:57:58 test_goals 1 4.66 19.34 294646
09:58:00 test_goals 1 4.86 19.13 294646
09:58:02 test_goals 1 4.94 19.04 294646
09:58:04 test_goals 1 4.98 19.01 294646
09:58:06 test_goals 1 4.98 19.00 294646
09:58:08 test_goals 1 5.00 18.99 294646
09:58:10 test_goals 1 5.01 18.98 294646
09:58:12 test_goals 1 5.01 18.99 294646
09:58:14 test_goals 1 5.01 18.98 294646
09:58:16 test_goals 1 5.01 18.99 294646
09:58:18 test_goals 1 5.01 18.98 294646
09:58:20 test_goals 1 5.01 18.97 294646
09:58:22 test_goals 1 5.01 18.98 294646
09:58:24 test_goals 1 5.01 18.98 294646
09:58:26 test_goals 1 5.01 18.97 294646
09:58:28 test_goals 1 5.01 18.97 294646
09:58:30 test_goals 1 5.01 18.96 294646
09:58:32 test_goals 1 5.06 18.92 294646
09:58:34 test_goals 1 5.37 18.63 294646
09:58:36 test_goals 1 5.39 18.59 294646
09:58:38 test_goals 1 5.41 18.58 294646
09:58:40 test_goals 1 5.42 18.57 294646
09:58:42 test_goals 1 5.42 18.57 294646
09:58:44 test_goals 1 5.42 18.56 294646
09:58:46 test_goals 1 5.42 18.57 294646
09:58:48 test_goals 1 5.42 18.56 294646
09:58:50 test_goals 1 5.42 18.56 294646
09:58:52 test_goals 1 5.42 18.57 294646
09:58:54 test_goals 1 5.42 18.57 294646
09:58:56 test_goals 1 5.42 18.57 294646
09:58:58 test_goals 1 5.42 18.57 294646
09:59:00 test_goals 1 5.42 18.57 294760
09:59:02 test_goals 1 5.42 18.57 294760
09:59:04 test_goals 1 5.42 18.57 294760
09:59:06 test_goals 1 5.42 18.56 294760
09:59:08 test_goals 1 5.42 18.56 294760
09:59:10 test_goals 1 5.42 18.57 294760
09:59:12 test_goals 1 5.42 18.56 294760
09:59:14 test_goals 1 5.42 18.56 294760
09:59:16 test_goals 1 5.42 18.57 294760
09:59:18 test_goals 1 5.42 18.56 294760
09:59:20 test_goals 1 5.42 18.57 294760
09:59:22 test_goals 1 5.42 18.56 294760
09:59:24 test_goals 1 5.42 18.55 294760
09:59:26 test_goals 1 5.42 18.55 294760
09:59:28 test_goals 1 5.42 18.56 294760
09:59:30 test_goals 1 5.42 18.56 294760
09:59:32 test_goals 1 5.42 18.55 294760
09:59:34 test_goals 1 5.42 18.55 294760
09:59:36 test_goals 1 5.42 18.56 294760
09:59:38 test_goals 1 5.42 18.56 294760
09:59:40 test_goals 1 5.42 18.55 294760
09:59:42 test_goals 1 5.42 18.56 294760
09:59:44 test_goals 1 5.42 18.55 294760
09:59:46 test_goals 1 5.42 18.56 294760
09:59:48 test_goals 1 5.42 18.56 294760
09:59:50 test_goals 1 5.42 18.55 294760
09:59:52 test_goals 1 5.42 18.56 294760
09:59:54 test_goals 1 5.42 18.56 294760
09:59:56 test_goals 1 5.42 18.55 294760
09:59:58 test_goals 1 5.42 18.55 294760
10:00:00 test_goals 1 5.42 18.55 294760
10:00:02 test_goals 1 5.42 18.55 294760
10:00:04 test_goals 1 5.42 18.55 294760
10:00:06 test_goals 1 5.42 18.55 294760
10:00:08 test_goals 1 5.42 18.55 294760
10:00:10 test_goals 1 5.42 18.55 294760
10:00:12 test_goals 1 5.42 18.55 294760
10:00:14 test_goals 1 5.42 18.55 294760
10:00:16 test_goals 1 5.42 18.55 294760
10:00:18 test_goals 1 5.42 18.55 294760
10:00:20 test_goals 1 5.42 18.56 294760
10:00:22 test_goals 1 5.42 18.57 294760
10:00:24 test_goals 1 5.42 18.55 294760
10:00:26 test_goals 1 5.42 18.54 294760
10:00:28 test_goals 1 5.42 18.54 294760
10:00:30 test_goals 1 5.42 18.54 294760
10:00:32 test_goals 1 5.42 18.55 294760
10:00:34 test_goals 1 5.42 18.54 294760
10:00:36 test_goals 1 5.42 18.55 294760
10:00:38 test_goals 1 5.42 18.55 294760
10:00:40 test_goals 1 5.42 18.55 294760
10:00:42 test_goals 1 5.42 18.55 294760
10:00:44 test_goals 1 5.42 18.55 294760
10:00:46 test_goals 1 5.42 18.54 294760
10:00:48 test_goals 1 5.42 18.55 294760
10:00:50 test_goals 1 5.42 18.55 294760
10:00:52 test_goals 1 5.42 18.54 294760
10:00:54 test_goals 1 5.42 18.55 294760
10:00:56 test_goals 1 5.42 18.55 294760
10:00:58 test_goals 1 5.42 18.54 294760
10:01:00 test_goals 1 5.42 18.54 294760
10:01:02 test_goals 1 5.42 18.55 294760
10:01:04 test_goals 1 5.42 18.55 294760
10:01:06 test_goals 1 5.42 18.55 294760
10:01:08 test_goals 1 5.42 18.55 294760
10:01:10 test_goals 1 5.42 18.55 294760
10:01:12 test_goals 1 5.42 18.55 294760
10:01:14 test_goals 1 5.42 18.54 294760
10:01:16 test_goals 1 5.42 18.55 294760
10:01:18 test_goals 1 5.42 18.55 294760
10:01:20 test_goals 1 5.42 18.55 294760
10:01:22 test_goals 1 5.42 18.56 294760
10:01:24 test_goals 1 5.42 18.54 294760
10:01:26 test_goals 1 5.42 18.55 294760
10:01:28 test_goals 1 5.42 18.55 294760
10:01:30 test_goals 1 5.42 18.57 294760
10:01:32 test_goals 1 5.42 18.55 294760
10:01:34 test_goals 1 5.42 18.55 294760
10:01:36 test_goals 1 5.42 18.55 294760
10:01:38 test_goals 1 5.42 18.56 294760
10:01:40 test_goals 1 5.42 18.56 294760
10:01:42 test_goals 1 5.42 18.55 294760
10:01:44 test_goals 1 5.42 18.56 294760
10:01:46 test_goals 2 5.59 18.44 294821
10:01:48 test_goals 2 5.61 18.43 294821
10:01:50 test_goals 2 5.61 18.43 294821
10:01:52 test_goals 2 5.61 18.43 294821
10:01:54 test_goals 2 5.61 18.43 294821
10:01:56 test_goals 2 5.61 18.43 294821
10:01:58 test_goals 2 5.61 18.43 294821
10:02:00 test_goals 2 5.61 18.44 294821
10:02:02 test_goals 2 5.61 18.44 294821
10:02:04 test_goals 2 5.61 18.43 294821
10:02:06 test_goals 2 5.61 18.43 294821
10:02:08 test_goals 2 5.71 18.32 294821
10:02:10 test_goals 2 5.71 18.32 294821
10:02:12 test_goals 2 5.72 18.32 294821
10:02:14 test_goals 2 5.72 18.32 294821
10:02:16 test_goals 2 5.78 18.26 294821
10:02:18 test_goals 2 5.83 18.21 294821
10:02:20 test_goals 2 5.83 18.21 294821
10:02:22 test_goals 2 5.93 18.11 294821
10:02:24 test_goals 2 5.96 18.08 294821
10:02:26 test_goals 2 6.08 17.96 294821
10:02:28 test_goals 2 6.22 17.82 294821
10:02:30 test_goals 2 6.22 17.82 294821
10:02:32 test_goals 2 6.26 17.77 294821
10:02:34 test_goals 2 6.52 17.52 294821
10:02:36 test_goals 2 6.55 17.49 294821
10:02:38 test_goals 2 6.55 17.49 294821
10:02:40 test_goals 2 6.55 17.49 294821
10:02:42 test_goals 2 6.56 17.48 294821
10:02:44 test_goals 2 6.80 17.24 294821
10:02:46 test_goals 2 7.00 17.04 294821
10:02:48 test_goals 2 7.04 16.99 294821
10:02:50 test_goals 2 7.26 16.77 294821
10:02:52 test_goals 2 7.42 16.61 294821
10:02:54 test_goals 2 7.43 16.60 294821
10:02:56 test_goals 2 7.43 16.60 294821
10:02:58 test_goals 2 7.43 16.60 294821
10:03:00 test_goals 2 7.56 16.48 294821
10:03:02 test_goals 2 7.71 16.33 294821
10:03:04 test_goals 2 7.86 16.18 294821
10:03:06 test_goals 2 7.98 16.05 294821
10:03:08 test_goals 2 8.18 15.84 294821
10:03:10 test_goals 2 8.34 15.69 294821
10:03:12 test_goals 2 8.43 15.59 294821
10:03:14 test_goals 2 8.58 15.44 294821
10:03:16 test_goals 2 8.78 15.25 294821
10:03:18 test_goals 2 8.93 15.10 294821
10:03:20 test_goals 2 8.93 15.10 294821
10:03:22 test_goals 2 9.19 14.83 294821
10:03:24 test_goals 2 9.34 14.69 294821
10:03:26 test_goals 2 9.47 14.56 294821
10:03:28 test_goals 2 9.58 14.45 294821
10:03:30 test_goals 2 9.75 14.28 294821
10:03:32 test_goals 2 9.85 14.17 294821
10:03:34 test_goals 2 9.87 14.15 294821
10:03:36 test_goals 2 9.88 14.15 294821
10:03:38 test_goals 2 9.88 14.15 294821
10:03:40 test_goals 2 9.88 14.16 294821
10:03:42 test_goals 2 9.99 14.04 294821
10:03:44 test_goals 2 10.14 13.89 294821
10:03:46 test_goals 2 10.30 13.73 294821
10:03:48 test_goals 2 10.34 13.69 294821
10:03:50 test_goals 2 10.35 13.68 294821
10:03:52 test_goals 2 10.36 13.69 294821
10:03:54 test_goals 2 10.37 13.66 294821
10:03:56 test_goals 2 10.37 13.67 294821
10:03:58 test_goals 2 10.37 13.66 294821
10:04:00 test_goals 2 10.37 13.66 294821
10:04:02 test_goals 2 10.37 13.65 294821
10:04:04 test_goals 2 10.37 13.65 294821
10:04:06 test_goals 2 10.37 13.66 294821
10:04:08 test_goals 2 10.37 13.65 294821
10:04:10 test_goals 2 10.38 13.65 294821
10:04:12 test_goals 2 10.38 13.65 294821
10:04:14 test_goals 2 10.40 13.62 294821
10:04:16 test_goals 2 10.43 13.59 294821
10:04:18 test_goals 2 10.73 13.29 294821
10:04:20 test_goals 2 10.76 13.27 294821
10:04:22 test_goals 2 10.76 13.26 294821
10:04:24 test_goals 2 10.77 13.25 294821
10:04:26 test_goals 2 10.78 13.24 294821
10:04:28 test_goals 2 10.78 13.24 294821
10:04:30 test_goals 2 10.78 13.25 294821
10:04:32 test_goals 2 10.78 13.25 294821
10:04:34 test_goals 2 10.79 13.23 294821
10:04:36 test_goals 2 10.79 13.23 294821
10:04:38 test_goals 2 10.79 13.24 294821
10:04:40 test_goals 2 10.79 13.23 294821
10:04:42 test_goals 2 10.79 13.23 294821
10:04:44 test_goals 2 10.79 13.23 294821
10:04:46 test_goals 2 10.79 13.23 294821
10:04:48 test_goals 2 10.79 13.23 294821
10:04:50 test_goals 2 10.79 13.24 294821
10:04:52 test_goals 2 10.79 13.23 294821
10:04:54 test_goals 2 10.79 13.24 294821
10:04:57 test_goals 2 10.79 13.23 294821
10:04:59 test_goals 2 10.79 13.23 294821
10:05:01 test_goals 2 10.79 13.25 294821
10:05:03 test_goals 2 10.79 13.23 294821
10:05:05 test_goals 2 10.79 13.24 294821
10:05:07 test_goals 2 10.79 13.25 294821
10:05:09 test_goals 2 10.79 13.25 294821
10:05:11 test_goals 2 10.79 13.25 294821
10:05:13 test_goals 2 10.79 13.23 294821
10:05:15 test_goals 2 10.79 13.24 294821
10:05:17 test_goals 2 10.79 13.24 294821
10:05:19 test_goals 2 10.79 13.24 294821
10:05:21 test_goals 2 10.79 13.24 294821
10:05:23 test_goals 2 10.79 13.24 294821
10:05:25 test_goals 2 10.79 13.25 294821
10:05:27 test_goals 2 10.79 13.24 294821
10:05:29 test_goals 2 10.79 13.24 294821
10:05:31 test_goals 2 10.79 13.24 294821
10:05:33 test_goals 2 10.79 13.24 294821
10:05:35 test_goals 2 10.79 13.24 294821
10:05:37 test_goals 2 10.79 13.23 294821
10:05:39 test_goals 2 10.79 13.23 294821
10:05:41 test_goals 2 10.79 13.25 294821
10:05:43 test_goals 2 10.79 13.25 294821
10:05:45 test_goals 2 10.79 13.24 294821
10:05:47 test_goals 2 10.79 13.24 294821
10:05:49 test_goals 2 10.79 13.23 294821
10:05:51 test_goals 2 10.79 13.23 294821
10:05:53 test_goals 2 10.79 13.24 294821
10:05:55 test_goals 2 10.79 13.23 294821
10:05:57 test_goals 2 10.79 13.24 294821
10:05:59 test_goals 2 10.79 13.25 294821
10:06:01 test_goals 2 10.79 13.25 294821
10:06:03 test_goals 2 10.79 13.24 294821
10:06:05 test_goals 2 10.79 13.24 294821
10:06:07 test_goals 2 10.79 13.24 294821
10:06:09 test_goals 2 10.79 13.25 294821
10:06:11 test_goals 2 10.79 13.24 294821
10:06:13 test_goals 2 10.79 13.24 294821
10:06:15 test_goals 2 10.79 13.24 294821
10:06:17 test_goals 2 10.79 13.21 294821
10:06:19 test_goals 2 10.79 13.24 294821
10:06:21 test_goals 2 10.79 13.24 294821
10:06:23 test_goals 2 10.79 13.23 294821
10:06:25 test_goals 2 10.79 13.24 294821
10:06:27 test_goals 2 10.79 13.25 294821
10:06:29 test_goals 2 10.79 13.23 294821
10:06:31 test_goals 2 10.79 13.24 294821
10:06:33 test_goals 2 10.79 13.25 294821
10:06:35 test_goals 2 10.79 13.24 294821
10:06:37 test_goals 2 10.79 13.25 294821
10:06:39 test_goals 2 10.79 13.23 294821
10:06:41 test_goals 2 10.79 13.24 294821
10:06:43 test_goals 2 10.79 13.24 294821
10:06:45 test_goals 2 10.79 13.23 294821
10:06:47 test_goals 2 10.79 13.24 294821
10:06:49 test_goals 2 10.79 13.24 294821
10:06:51 test_goals 2 10.79 13.24 294821
10:06:53 test_goals 2 10.79 13.23 294821
10:06:55 test_goals 2 10.79 13.23 294821
10:06:57 test_goals 2 10.79 13.23 294821
10:06:59 test_goals 2 10.79 13.24 294821
10:07:01 test_goals 2 10.79 13.24 294821
10:07:03 test_goals 2 10.79 13.24 294821
10:07:05 test_goals 2 10.79 13.24 294821
10:07:07 test_goals 2 10.79 13.23 294821
10:07:09 test_goals 2 10.79 13.23 294821
10:07:11 test_goals 2 10.79 13.23 294821
10:07:13 test_goals 2 10.79 13.24 294821
10:07:15 test_goals 2 10.79 13.24 294821
10:07:17 test_goals 2 10.79 13.24 294821
10:07:19 test_goals 2 10.79 13.24 294821
10:07:21 test_goals 2 10.79 13.24 294821
10:07:23 test_goals 2 10.79 13.24 294821
10:07:25 test_goals 2 10.79 13.23 294821
10:07:27 test_goals 2 10.79 13.24 294821
10:07:29 test_goals 2 10.79 13.23 294821
10:07:31 test_goals 2 10.79 13.24 294821
10:07:33 test_goals 2 10.78 13.25 294821
10:07:35 test_goals 2 10.78 13.24 294821
10:07:37 test_goals 2 5.60 18.43 294892
10:07:39 test_goals 2 5.61 18.43 294892
10:07:41 test_goals 2 5.61 18.44 294892
10:07:43 test_goals 2 5.61 18.43 294892
10:07:45 test_goals 2 5.61 18.43 294892
10:07:47 test_goals 2 5.61 18.43 294892
10:07:49 test_goals 2 5.61 18.43 294892
10:07:51 test_goals 2 5.61 18.43 294892
10:07:53 test_goals 2 5.61 18.42 294892
10:07:55 test_goals 2 5.62 18.41 294892
10:07:57 test_goals 2 5.71 18.33 294892
10:07:59 test_goals 2 5.71 18.31 294892
10:08:01 test_goals 2 5.72 18.30 294892
10:08:03 test_goals 2 5.78 18.25 294892
10:08:05 test_goals 2 5.83 18.20 294892
10:08:07 test_goals 2 5.83 18.19 294892
10:08:09 test_goals 2 5.96 18.08 294892
10:08:11 test_goals 2 6.10 17.93 294892
10:08:13 test_goals 2 6.22 17.81 294892
10:08:15 test_goals 2 6.35 17.69 294892
10:08:17 test_goals 2 6.55 17.48 294892
10:08:19 test_goals 2 6.55 17.48 294892
10:08:21 test_goals 2 6.55 17.48 294892
10:08:23 test_goals 2 6.61 17.41 294892
10:08:25 test_goals 2 6.90 17.13 294892
10:08:27 test_goals 2 7.00 17.02 294892
10:08:29 test_goals 2 7.15 16.88 294892
10:08:31 test_goals 2 7.29 16.74 294892
10:08:33 test_goals 2 7.42 16.60 294892
10:08:35 test_goals 2 7.43 16.60 294892
10:08:37 test_goals 2 7.43 16.60 294892
10:08:39 test_goals 2 7.60 16.42 294892
10:08:41 test_goals 2 7.70 16.32 294892
10:08:43 test_goals 2 7.86 16.18 294892
10:08:45 test_goals 2 7.98 16.06 294892
10:08:47 test_goals 2 8.04 16.01 294892
10:08:49 test_goals 2 8.20 15.84 294892
10:08:51 test_goals 2 8.33 15.71 294892
10:08:53 test_goals 2 8.43 15.61 294892
10:08:55 test_goals 2 8.43 15.61 294892
10:08:57 test_goals 2 8.60 15.43 294892
10:08:59 test_goals 2 8.91 15.12 294892
10:09:01 test_goals 2 8.93 15.09 294892
10:09:03 test_goals 2 8.93 15.10 294892
10:09:05 test_goals 2 9.06 14.97 294892
10:09:07 test_goals 2 9.21 14.83 294892
10:09:09 test_goals 2 9.34 14.69 294892
10:09:11 test_goals 2 9.44 14.59 294892
10:09:13 test_goals 2 9.58 14.45 294892
10:09:15 test_goals 2 9.58 14.45 294892
10:09:17 test_goals 2 9.84 14.19 294892
10:09:19 test_goals 2 9.86 14.17 294892
10:09:21 test_goals 2 9.87 14.16 294892
10:09:23 test_goals 2 9.88 14.14 294892
10:09:25 test_goals 2 9.88 14.15 294892
10:09:27 test_goals 2 9.88 14.15 294892
10:09:29 test_goals 2 9.88 14.16 294892
10:09:31 test_goals 2 9.88 14.15 294892
10:09:33 test_goals 2 10.10 13.94 294892
10:09:35 test_goals 2 10.30 13.73 294892
10:09:37 test_goals 2 10.34 13.70 294892
10:09:39 test_goals 2 10.34 13.70 294892
10:09:41 test_goals 2 10.35 13.67 294892
10:09:43 test_goals 2 10.36 13.67 294892
10:09:45 test_goals 2 10.37 13.65 294892
10:09:47 test_goals 2 10.37 13.66 294892
10:09:49 test_goals 2 10.37 13.68 294892
10:09:51 test_goals 2 10.37 13.66 294892
10:09:53 test_goals 2 10.37 13.66 294892
10:09:55 test_goals 2 10.37 13.65 294892
10:09:57 test_goals 2 10.37 13.66 294892
10:09:59 test_goals 2 10.37 13.65 294892
10:10:01 test_goals 2 10.37 13.65 294892
10:10:03 test_goals 2 10.37 13.65 294892
10:10:05 test_goals 2 10.38 13.65 294892
10:10:07 test_goals 2 10.38 13.65 294892
10:10:09 test_goals 2 10.38 13.65 294892
10:10:11 test_goals 2 10.42 13.60 294892
10:10:13 test_goals 2 10.56 13.47 294892
10:10:15 test_goals 2 10.73 13.29 294892
10:10:17 test_goals 2 10.76 13.28 294892
10:10:19 test_goals 2 10.77 13.26 294892
10:10:21 test_goals 2 10.77 13.26 294892
10:10:23 test_goals 2 10.78 13.26 294892
10:10:25 test_goals 2 10.78 13.24 294892
10:10:27 test_goals 2 10.78 13.24 294892
10:10:29 test_goals 2 10.78 13.25 294892
10:10:31 test_goals 2 10.78 13.26 294892
10:10:33 test_goals 2 10.79 13.25 294892
10:10:35 test_goals 2 10.79 13.24 294892
10:10:37 test_goals 2 10.79 13.25 294892
10:10:39 test_goals 2 10.79 13.25 294892
10:10:41 test_goals 2 10.79 13.25 294892
10:10:43 test_goals 2 10.79 13.25 294892
10:10:45 test_goals 2 10.79 13.25 294892
10:10:47 test_goals 2 10.79 13.24 294892
10:10:49 test_goals 2 10.79 13.25 294892
10:10:51 test_goals 2 10.79 13.25 294892
10:10:53 test_goals 2 10.79 13.25 294892
10:10:55 test_goals 2 10.79 13.26 294892
10:10:57 test_goals 2 10.79 13.25 294892
10:10:59 test_goals 2 10.79 13.25 294892
10:11:01 test_goals 2 10.79 13.27 294892
10:11:03 test_goals 2 10.79 13.24 294892
10:11:05 test_goals 2 10.79 13.25 294892
10:11:07 test_goals 2 10.79 13.25 294892
10:11:09 test_goals 2 10.79 13.24 294892
10:11:11 test_goals 2 10.79 13.24 294892
10:11:13 test_goals 2 10.79 13.25 294892
10:11:15 test_goals 2 10.79 13.25 294892
10:11:17 test_goals 2 10.79 13.24 294892
10:11:19 test_goals 2 10.79 13.25 294892
10:11:21 test_goals 2 10.79 13.24 294892
10:11:23 test_goals 2 10.79 13.24 294892
10:11:25 test_goals 2 10.79 13.24 294892
10:11:27 test_goals 2 10.79 13.24 294892
10:11:29 test_goals 2 10.79 13.25 294892
10:11:31 test_goals 2 10.79 13.24 294892
10:11:33 test_goals 2 10.79 13.24 294892
10:11:35 test_goals 2 10.79 13.24 294892
10:11:37 test_goals 2 10.79 13.24 294892
10:11:39 test_goals 2 10.79 13.24 294892
10:11:41 test_goals 2 10.79 13.24 294892
10:11:43 test_goals 2 10.79 13.25 294892
10:11:45 test_goals 2 10.79 13.25 294892
10:11:47 test_goals 2 10.79 13.25 294892
10:11:49 test_goals 2 10.79 13.24 294892
10:11:51 test_goals 2 10.79 13.24 294892
10:11:53 test_goals 2 10.79 13.23 294892
10:11:55 test_goals 2 10.79 13.24 294892
10:11:57 test_goals 2 10.79 13.24 294892
10:11:59 test_goals 2 10.79 13.24 294892
10:12:01 test_goals 2 10.79 13.23 294892
10:12:03 test_goals 2 10.79 13.23 294892
10:12:05 test_goals 2 10.79 13.24 294892
10:12:07 test_goals 2 10.79 13.24 294892
10:12:09 test_goals 2 10.79 13.24 294892
10:12:11 test_goals 2 10.79 13.24 294892
10:12:13 test_goals 2 10.79 13.25 294892
10:12:15 test_goals 2 10.79 13.25 294892
10:12:17 test_goals 2 10.79 13.24 294892
10:12:19 test_goals 2 10.79 13.24 294892
10:12:21 test_goals 2 10.79 13.24 294892
10:12:23 test_goals 2 10.79 13.25 294892
10:12:25 test_goals 2 10.79 13.25 294892
10:12:27 test_goals 2 10.79 13.25 294892
10:12:29 test_goals 2 10.79 13.25 294892
10:12:31 test_goals 2 10.79 13.25 294892
10:12:33 test_goals 2 10.79 13.25 294892
10:12:35 test_goals 2 10.79 13.25 294892
10:12:37 test_goals 2 10.79 13.25 294892
10:12:39 test_goals 2 10.79 13.26 294892
10:12:41 test_goals 2 10.79 13.25 294892
10:12:43 test_goals 2 10.79 13.25 294892
10:12:45 test_goals 2 10.79 13.24 294892
10:12:47 test_goals 2 10.79 13.25 294892
10:12:49 test_goals 2 10.79 13.25 294892
10:12:51 test_goals 2 10.79 13.24 294892
10:12:53 test_goals 2 10.79 13.25 294892
10:12:55 test_goals 2 10.79 13.25 294892
10:12:57 test_goals 2 10.79 13.25 294892
10:12:59 test_goals 2 10.79 13.25 294892
10:13:01 test_goals 2 10.79 13.25 294892
10:13:03 test_goals 2 10.79 13.25 294892
10:13:05 test_goals 2 10.79 13.24 294892
10:13:07 test_goals 2 10.79 13.25 294892
10:13:09 test_goals 2 10.79 13.25 294892
10:13:11 test_goals 2 10.79 13.24 294892
10:13:13 test_goals 2 10.79 13.24 294892
10:13:15 test_goals 2 10.79 13.24 294892
10:13:17 test_goals 2 10.79 13.25 294892
10:13:19 test_goals 2 10.79 13.25 294892
10:13:21 test_goals 2 10.79 13.25 294892
10:13:23 test_goals 2 10.79 13.24 294892
10:13:25 test_goals 2 10.79 13.25 294892
10:13:27 test_goals 2 10.79 13.24 294892
10:13:29 test_goals 2 10.79 13.24 294892
10:13:31 test_goals 2 10.79 13.24 294892
10:13:33 test_goals 2 10.79 13.24 294892
10:13:35 test_goals 2 10.79 13.24 294892
10:13:37 test_goals 2 10.79 13.25 294892
10:13:39 test_goals 2 10.78 13.25 294892
10:13:41 test_goals 2 10.78 13.25 294892
10:13:43 test_goals 1 5.39 18.59 306627
10:13:45 test_goals 1 5.39 18.59 306627
10:13:47 test_goals 0 0.00 23.93 306627
10:13:49 test_goals 1 0.26 23.73 306628
10:13:51 test_goals 1 0.26 23.74 306628
10:13:53 test_upkeep 1 0.30 23.70 306646
10:13:55 test_upkeep 1 0.30 23.70 306646
10:13:57 test_upkeep 1 0.30 23.70 306646
10:13:59 test_upkeep 1 0.30 23.70 306646
10:14:01 test_upkeep 1 0.30 23.69 306646
10:14:03 test_upkeep 1 0.30 23.69 306646
10:14:05 test_upkeep 1 0.30 23.69 306646
10:14:07 test_upkeep 1 0.30 23.69 306646
10:14:09 test_upkeep 1 0.30 23.69 306646
10:14:11 test_upkeep 1 0.30 23.69 306646
10:14:13 test_upkeep 1 0.35 23.65 306646
10:14:15 test_upkeep 1 0.35 23.64 306646
10:14:17 test_upkeep 1 0.36 23.64 306646
10:14:19 test_upkeep 1 0.36 23.64 306646
10:14:21 test_upkeep 1 0.44 23.55 306646
10:14:23 test_upkeep 1 0.47 23.52 306646
10:14:25 test_upkeep 1 0.47 23.52 306646
10:14:27 test_upkeep 1 0.59 23.38 306646
10:14:29 test_upkeep 1 0.66 23.31 306646
10:14:31 test_upkeep 1 0.85 23.13 306646
10:14:33 test_upkeep 1 0.86 23.13 306646
10:14:35 test_upkeep 1 0.90 23.08 306646
10:14:37 test_upkeep 1 1.17 22.81 306646
10:14:39 test_upkeep 1 1.18 22.81 306646
10:14:41 test_upkeep 1 1.18 22.79 306646
10:14:43 test_upkeep 1 1.18 22.79 306646
10:14:45 test_upkeep 1 1.22 22.77 306646
10:14:47 test_upkeep 1 1.46 22.52 306646
10:14:49 test_upkeep 1 1.64 22.34 306646
10:14:51 test_upkeep 1 1.76 22.22 306646
10:14:53 test_upkeep 1 1.90 22.08 306646
10:14:55 test_upkeep 1 2.07 21.90 306646
10:14:57 test_upkeep 1 2.07 21.91 306646
10:14:59 test_upkeep 1 2.10 21.86 306646
10:15:01 test_upkeep 1 2.27 21.70 306646
10:15:03 test_upkeep 1 2.53 21.44 306646
10:15:05 test_upkeep 1 2.65 21.33 306646
10:15:07 test_upkeep 1 2.88 21.09 306646
10:15:09 test_upkeep 1 3.06 20.91 306646
10:15:11 test_upkeep 1 3.06 20.91 306646
10:15:13 test_upkeep 1 3.24 20.74 306646
10:15:15 test_upkeep 1 3.55 20.43 306646
10:15:17 test_upkeep 1 3.57 20.41 306646
10:15:19 test_upkeep 1 3.56 20.41 306646
10:15:21 test_upkeep 1 3.72 20.27 306646
10:15:23 test_upkeep 1 3.98 20.00 306646
10:15:25 test_upkeep 1 4.08 19.90 306646
10:15:27 test_upkeep 1 4.22 19.76 306646
10:15:29 test_upkeep 1 4.38 19.60 306646
10:15:31 test_upkeep 1 4.49 19.50 306646
10:15:33 test_upkeep 1 4.50 19.49 306646
10:15:35 test_upkeep 1 4.51 19.47 306646
10:15:38 test_upkeep 1 4.52 19.47 306646
10:15:40 test_upkeep 1 4.51 19.48 306646
10:15:42 test_upkeep 1 4.51 19.47 306646
10:15:44 test_upkeep 1 4.66 19.31 306646
10:15:46 test_upkeep 1 4.87 19.10 306646
10:15:48 test_upkeep 1 4.97 19.01 306646
10:15:50 test_upkeep 1 4.98 19.00 306646
10:15:52 test_upkeep 1 4.98 19.00 306646
10:15:54 test_upkeep 1 5.00 18.98 306646
10:15:56 test_upkeep 1 5.01 18.98 306646
10:15:58 test_upkeep 1 5.01 18.97 306646
10:16:00 test_upkeep 1 5.01 18.97 306646
10:16:02 test_upkeep 1 5.01 18.97 306646
10:16:04 test_upkeep 1 5.01 18.97 306646
10:16:06 test_upkeep 1 5.01 18.97 306646
10:16:08 test_upkeep 1 5.01 18.98 306646
10:16:10 test_upkeep 1 5.01 18.97 306646
10:16:12 test_upkeep 1 5.01 18.96 306646
10:16:14 test_upkeep 1 5.01 18.97 306646
10:16:16 test_upkeep 1 5.06 18.92 306646
10:16:18 test_upkeep 1 5.37 18.60 306646
10:16:20 test_upkeep 1 5.40 18.58 306646
10:16:22 test_upkeep 1 5.41 18.57 306646
10:16:24 test_upkeep 1 5.42 18.56 306646
10:16:26 test_upkeep 1 5.42 18.55 306646
10:16:28 test_upkeep 1 5.42 18.54 306646
10:16:30 test_upkeep 1 5.42 18.56 306646
10:16:32 test_upkeep 1 5.42 18.55 306646
10:16:34 test_upkeep 1 5.42 18.56 306646
10:16:36 test_upkeep 1 5.42 18.56 306646
10:16:38 test_upkeep 1 5.42 18.56 306646
10:16:40 test_upkeep 1 5.42 18.56 306646
10:16:42 test_upkeep 1 5.42 18.56 306646
10:16:44 test_upkeep 1 5.42 18.55 306646
10:16:46 test_upkeep 1 5.42 18.55 306646
10:16:48 test_upkeep 1 5.42 18.56 306746
10:16:50 test_upkeep 1 5.42 18.55 306746
10:16:52 test_upkeep 1 5.42 18.56 306746
10:16:54 test_upkeep 1 5.42 18.55 306746
10:16:56 test_upkeep 1 5.42 18.56 306746
10:16:58 test_upkeep 1 5.42 18.56 306746
10:17:00 test_upkeep 1 5.42 18.56 306746
10:17:02 test_upkeep 1 5.42 18.56 306746
10:17:04 test_upkeep 1 5.42 18.55 306746
10:17:06 test_upkeep 1 5.42 18.56 306746
10:17:08 test_upkeep 1 5.42 18.55 306746
10:17:10 test_upkeep 1 5.42 18.57 306746
10:17:12 test_upkeep 1 5.42 18.55 306746
10:17:14 test_upkeep 1 5.42 18.55 306746
10:17:16 test_upkeep 1 5.42 18.56 306746
10:17:18 test_upkeep 1 5.42 18.56 306746
10:17:20 test_upkeep 1 5.42 18.55 306746
10:17:22 test_upkeep 1 5.42 18.56 306746
10:17:24 test_upkeep 1 5.42 18.56 306746
10:17:26 test_upkeep 1 5.42 18.56 306746
10:17:28 test_upkeep 1 5.42 18.56 306746
10:17:30 test_upkeep 1 5.42 18.55 306746
10:17:32 test_upkeep 1 5.42 18.55 306746
10:17:34 test_upkeep 1 5.42 18.55 306746
10:17:36 test_upkeep 1 5.42 18.55 306746
10:17:38 test_upkeep 1 5.42 18.55 306746
10:17:40 test_upkeep 1 5.42 18.55 306746
10:17:42 test_upkeep 1 5.42 18.56 306746
10:17:44 test_upkeep 1 5.42 18.56 306746
10:17:46 test_upkeep 1 5.42 18.56 306746
10:17:48 test_upkeep 1 5.42 18.55 306746
10:17:50 test_upkeep 1 5.42 18.55 306746
10:17:52 test_upkeep 1 5.42 18.56 306746
10:17:54 test_upkeep 1 5.42 18.55 306746
10:17:56 test_upkeep 1 5.42 18.54 306746
10:17:58 test_upkeep 1 5.42 18.54 306746
10:18:00 test_upkeep 1 5.42 18.54 306746
10:18:02 test_upkeep 1 5.42 18.55 306746
10:18:04 test_upkeep 1 5.42 18.55 306746
10:18:06 test_upkeep 1 5.42 18.54 306746
10:18:08 test_upkeep 1 5.42 18.54 306746
10:18:10 test_upkeep 1 5.42 18.54 306746
10:18:12 test_upkeep 1 5.42 18.54 306746
10:18:14 test_upkeep 1 5.42 18.54 306746
10:18:16 test_upkeep 1 5.42 18.55 306746
10:18:18 test_upkeep 1 5.42 18.55 306746
10:18:20 test_upkeep 1 5.42 18.55 306746
10:18:22 test_upkeep 1 5.42 18.55 306746
10:18:24 test_upkeep 1 5.42 18.55 306746
10:18:26 test_upkeep 1 5.39 18.58 306884
10:18:28 test_upkeep 1 5.39 18.59 306884
10:18:30 test_upkeep 1 0.23 23.76 306885
10:18:32 test_upkeep 1 0.26 23.72 306885
10:18:34 test_tool_budget 1 0.30 23.70 306908
10:18:36 test_tool_budget 1 0.30 23.71 306908
10:18:38 test_tool_budget 1 0.30 23.74 306908
10:18:40 test_tool_budget 1 0.30 23.72 306908
10:18:42 test_tool_budget 1 0.30 23.72 306908
10:18:44 test_tool_budget 1 0.30 23.72 306908
10:18:46 test_tool_budget 1 0.30 23.72 306908
10:18:48 test_tool_budget 1 0.30 24.32 306908
10:18:50 test_tool_budget 1 0.30 23.69 306908
10:18:52 test_tool_budget 1 0.35 23.65 306908
10:18:54 test_tool_budget 1 0.35 23.72 306908
10:18:56 test_tool_budget 1 0.36 23.68 306908
10:18:58 test_tool_budget 1 0.44 23.61 306908
10:19:00 test_tool_budget 1 0.47 23.58 306908
10:19:02 test_tool_budget 1 0.59 23.47 306908
10:19:04 test_tool_budget 1 0.72 23.54 306908
10:19:06 test_tool_budget 1 0.86 23.42 306908
10:19:08 test_tool_budget 1 1.03 23.24 306908
10:19:10 test_tool_budget 1 1.18 23.09 306908
10:19:12 test_tool_budget 1 1.18 23.08 306908
10:19:14 test_tool_budget 1 1.24 23.03 306908
10:19:16 test_tool_budget 1 1.63 22.63 306908
10:19:18 test_tool_budget 1 1.77 22.50 306908
10:19:20 test_tool_budget 1 2.06 22.19 306908
10:19:22 test_tool_budget 1 2.07 22.19 306908
10:19:24 test_tool_budget 1 2.07 22.19 306908
10:19:26 test_tool_budget 1 2.28 21.97 306908
10:19:28 test_tool_budget 1 2.53 21.73 306908
10:19:30 test_tool_budget 1 2.72 21.52 306908
10:19:32 test_tool_budget 1 2.96 21.29 306908
10:19:34 test_tool_budget 1 3.06 21.20 306908
10:19:36 test_tool_budget 1 3.24 21.01 306908
10:19:38 test_tool_budget 1 3.56 20.69 306908
10:19:40 test_tool_budget 1 3.56 20.68 306908
10:19:42 test_tool_budget 1 3.83 20.42 306908
10:19:44 test_tool_budget 1 4.03 20.21 306908
10:19:46 test_tool_budget 1 4.19 20.06 306908
10:19:48 test_tool_budget 1 4.22 20.02 306908
10:19:50 test_tool_budget 1 4.49 19.76 306908
10:19:52 test_tool_budget 1 4.50 19.74 306908
10:19:54 test_tool_budget 1 4.52 19.73 306908
10:19:56 test_tool_budget 1 4.51 19.73 306908
10:19:58 test_tool_budget 1 4.51 19.73 306908
10:20:00 test_tool_budget 1 4.67 19.57 306908
10:20:02 test_tool_budget 1 4.92 19.32 306908
10:20:04 test_tool_budget 1 4.97 19.27 306908
10:20:06 test_tool_budget 1 4.98 19.25 306908
10:20:08 test_tool_budget 1 5.00 19.25 306908
10:20:10 test_tool_budget 1 5.01 19.24 306908
10:20:12 test_tool_budget 1 5.01 19.25 306908
10:20:14 test_tool_budget 1 5.01 19.24 306908
10:20:16 test_tool_budget 1 5.01 19.24 306908
10:20:18 test_tool_budget 1 5.01 19.23 306908
10:20:20 test_tool_budget 1 5.01 19.24 306908
10:20:22 test_tool_budget 1 5.01 19.24 306908
10:20:24 test_tool_budget 1 5.01 19.24 306908
10:20:26 test_tool_budget 1 5.01 19.23 306908
10:20:28 test_tool_budget 1 5.13 19.11 306908
10:20:30 test_tool_budget 1 5.39 18.85 306908
10:20:32 test_tool_budget 1 5.40 18.84 306908
10:20:34 test_tool_budget 1 5.41 18.83 306908
10:20:36 test_tool_budget 1 5.42 18.82 306908
10:20:38 test_tool_budget 1 5.42 18.82 306908
10:20:40 test_tool_budget 1 5.42 18.81 306908
10:20:42 test_tool_budget 1 5.42 18.82 306908
10:20:44 test_tool_budget 1 5.42 18.81 306908
10:20:46 test_tool_budget 1 5.42 18.81 306908
10:20:48 test_tool_budget 1 5.42 18.81 306908
10:20:50 test_tool_budget 1 5.42 18.81 306908
10:20:52 test_tool_budget 1 5.42 18.81 306908
10:20:54 test_tool_budget 1 5.42 18.76 306908
10:20:56 test_tool_budget 1 5.42 18.81 306908
10:20:58 test_tool_budget 1 5.45 18.78 306908
10:21:00 test_tool_budget 1 5.60 18.62 306908
10:21:02 test_tool_budget 1 5.62 18.97 306908
10:21:04 test_tool_budget 1 5.62 18.96 306908
10:21:06 test_tool_budget 1 5.62 18.96 306908
10:21:08 test_tool_budget 1 5.62 18.96 306908
10:21:10 test_tool_budget 1 5.62 18.96 306908
10:21:12 test_tool_budget 1 5.62 18.96 306908
10:21:14 test_tool_budget 1 5.63 18.96 306908
10:21:16 test_tool_budget 1 5.63 18.95 306908
10:21:18 test_tool_budget 1 5.63 18.95 306908
10:21:20 test_tool_budget 1 5.63 18.95 306908
10:21:22 test_tool_budget 1 5.63 18.95 306908
10:21:24 test_tool_budget 1 5.63 18.95 306908
10:21:26 test_tool_budget 1 5.63 18.94 306908
10:21:28 test_tool_budget 1 5.63 18.94 306984
10:21:30 test_tool_budget 1 5.63 18.95 306984
10:21:32 test_tool_budget 1 5.63 18.95 306984
10:21:34 test_tool_budget 1 5.64 18.94 306984
10:21:36 test_tool_budget 1 5.63 18.94 306984
10:21:38 test_tool_budget 1 5.63 18.94 306984
10:21:40 test_tool_budget 1 5.63 18.94 306984
10:21:42 test_tool_budget 1 5.64 18.94 306984
10:21:44 test_tool_budget 1 5.64 18.94 306984
10:21:46 test_tool_budget 1 5.64 18.95 306984
10:21:48 test_tool_budget 1 5.64 18.94 306984
10:21:50 test_tool_budget 1 5.64 18.94 306984
10:21:52 test_tool_budget 1 5.64 18.94 306984
10:21:54 test_tool_budget 1 5.64 18.94 306984
10:21:56 test_tool_budget 1 5.64 18.94 306984
10:21:58 test_tool_budget 1 5.60 18.98 307129
10:22:00 test_tool_budget 1 5.60 18.98 307129
10:22:02 test_tool_budget 1 0.27 24.32 307130
10:22:04 test_tool_budget 1 0.27 24.32 307130
10:22:06 test_relationships 1 0.30 24.28 307155
10:22:08 test_relationships 1 0.30 24.28 307155
10:22:10 test_relationships 1 0.30 24.29 307155
10:22:12 test_relationships 1 0.30 24.29 307155
10:22:14 test_relationships 1 0.30 24.29 307155
10:22:16 test_relationships 1 0.30 24.28 307155
10:22:18 test_relationships 1 0.30 24.28 307155
10:22:20 test_relationships 1 0.36 24.23 307155
10:22:22 test_relationships 1 0.36 24.23 307155
10:22:24 test_relationships 1 0.37 24.22 307155
10:22:26 test_relationships 1 0.45 24.14 307155
10:22:28 test_relationships 1 0.48 24.11 307155
10:22:30 test_relationships 1 0.60 23.99 307155
10:22:32 test_relationships 1 0.84 23.75 307155
10:22:34 test_relationships 1 0.87 23.72 307155
10:22:37 test_relationships 1 1.19 23.40 307155
10:22:39 test_relationships 1 1.19 23.40 307155
10:22:41 test_relationships 1 1.20 23.38 307155
10:22:43 test_relationships 1 1.46 23.13 307155
10:22:45 test_relationships 1 1.65 22.94 307155
10:22:47 test_relationships 1 1.91 22.68 307155
10:22:49 test_relationships 1 2.08 22.51 307155
10:22:51 test_relationships 1 2.08 22.51 307155
10:22:53 test_relationships 1 2.24 22.34 307155
10:22:55 test_relationships 1 2.46 22.13 307155
10:22:57 test_relationships 1 2.66 21.93 307155
10:22:59 test_relationships 1 2.89 21.70 307155
10:23:01 test_relationships 1 3.07 21.51 307155
10:23:03 test_relationships 1 3.19 21.39 307155
10:23:05 test_relationships 1 3.56 21.02 307155
10:23:07 test_relationships 1 3.58 21.00 307155
10:23:09 test_relationships 1 3.57 21.01 307155
10:23:11 test_relationships 1 3.98 20.60 307155
10:23:13 test_relationships 1 4.10 20.48 307155
10:23:15 test_relationships 1 4.23 20.35 307155
10:23:17 test_relationships 1 4.49 20.09 307155
10:23:19 test_relationships 1 4.51 20.07 307155
10:23:21 test_relationships 1 4.53 20.05 307155
10:23:23 test_relationships 1 4.52 20.05 307155
10:23:25 test_relationships 1 4.52 20.05 307155
10:23:27 test_relationships 1 4.63 19.95 307155
10:23:29 test_relationships 1 4.85 19.73 307155
10:23:31 test_relationships 1 4.98 19.61 307155
10:23:33 test_relationships 1 4.99 19.59 307155
10:23:35 test_relationships 1 5.00 19.58 307155
10:23:37 test_relationships 1 5.02 19.57 307155
10:23:39 test_relationships 1 5.02 19.57 307155
10:23:41 test_relationships 1 5.02 19.57 307155
10:23:43 test_relationships 1 5.02 19.57 307155
10:23:45 test_relationships 1 5.02 19.56 307155
10:23:47 test_relationships 1 5.02 19.57 307155
10:23:49 test_relationships 1 5.02 19.57 307155
10:23:51 test_relationships 1 5.02 19.57 307155
10:23:53 test_relationships 1 5.02 19.56 307155
10:23:55 test_relationships 1 5.07 19.52 307155
10:23:57 test_relationships 1 5.38 19.21 307155
10:23:59 test_relationships 1 5.41 19.18 307155
10:24:01 test_relationships 1 5.43 19.65 307155
10:24:03 test_relationships 1 5.43 19.54 307155
10:24:05 test_relationships 1 5.43 19.54 307155
10:24:07 test_relationships 1 5.43 19.53 307155
10:24:09 test_relationships 1 5.43 19.52 307155
10:24:11 test_relationships 1 5.43 19.53 307155
10:24:13 test_relationships 1 5.43 19.53 307155
10:24:15 test_relationships 1 5.43 19.51 307263
10:24:17 test_relationships 1 5.43 19.52 307263
10:24:19 test_relationships 1 5.43 19.52 307263
10:24:21 test_relationships 1 5.43 19.52 307263
10:24:23 test_relationships 1 5.43 19.52 307263
10:24:25 test_relationships 1 5.43 19.52 307263
10:24:27 test_relationships 1 5.43 19.52 307263
10:24:29 test_relationships 1 5.43 19.52 307263
10:24:31 test_relationships 1 5.43 19.51 307263
10:24:33 test_relationships 1 5.43 19.51 307263
10:24:35 test_relationships 1 5.43 19.51 307263
10:24:37 test_relationships 1 5.43 19.51 307263
10:24:39 test_relationships 1 5.43 19.50 307263
10:24:41 test_relationships 1 5.43 19.50 307263
10:24:43 test_relationships 1 5.43 19.50 307263
10:24:45 test_relationships 1 5.43 19.50 307375
10:24:47 test_relationships 1 5.43 19.50 307375
10:24:49 test_relationships 1 5.43 19.50 307375
10:24:51 test_relationships 1 5.43 19.50 307375
10:24:53 test_relationships 1 5.43 19.50 307375
10:24:55 test_relationships 1 5.43 19.50 307375
10:24:57 test_relationships 1 5.43 19.50 307375
10:24:59 test_relationships 1 5.43 19.50 307375
10:25:01 test_relationships 1 5.43 19.49 307375
10:25:03 test_relationships 1 5.43 19.49 307375
10:25:05 test_relationships 1 5.43 19.41 307375
10:25:07 test_relationships 1 5.43 19.46 307375
10:25:09 test_relationships 1 5.43 19.44 307375
10:25:11 test_relationships 1 5.43 19.45 307375
10:25:13 test_relationships 1 5.43 19.45 307375
10:25:15 test_relationships 1 5.43 19.45 307375
10:25:17 test_relationships 1 5.43 19.45 307375
10:25:19 test_relationships 1 5.43 19.45 307375
10:25:21 test_relationships 1 5.43 19.45 307375
10:25:23 test_relationships 1 5.43 19.45 307375
10:25:25 test_relationships 1 5.43 19.45 307375
10:25:27 test_relationships 1 5.41 19.47 307504
10:25:29 test_relationships 1 0.27 24.62 307505
10:25:31 test_ownership 1 0.30 24.59 307526
10:25:33 test_ownership 1 0.30 24.59 307526
10:25:35 test_ownership 1 0.30 24.59 307526
10:25:37 test_ownership 1 0.30 24.59 307526
10:25:39 test_ownership 1 0.30 24.59 307526
10:25:41 test_ownership 1 0.36 24.54 307526
10:25:43 test_ownership 1 0.37 24.53 307526
10:25:45 test_ownership 1 0.46 24.44 307526
10:25:47 test_ownership 1 0.60 24.29 307526
10:25:49 test_ownership 1 0.87 24.03 307526
10:25:51 test_ownership 1 1.04 23.85 307526
10:25:53 test_ownership 1 1.19 23.70 307526
10:25:55 test_ownership 1 1.26 23.63 307526
10:25:57 test_ownership 1 1.65 23.24 307526
10:25:59 test_ownership 1 2.07 22.82 307526
10:26:01 test_ownership 1 2.08 22.81 307526
10:26:03 test_ownership 1 2.35 22.54 307526
10:26:05 test_ownership 1 2.71 22.18 307526
10:26:07 test_ownership 1 3.07 21.81 307526
10:26:09 test_ownership 1 3.25 21.64 307526
10:26:11 test_ownership 1 3.58 21.30 307526
10:26:13 test_ownership 1 3.84 21.04 307526
10:26:15 test_ownership 1 4.12 20.77 307526
10:26:17 test_ownership 1 4.39 20.49 307526
10:26:19 test_ownership 1 4.51 20.37 307526
10:26:21 test_ownership 1 4.52 20.36 307526
10:26:23 test_ownership 1 4.52 20.36 307526
10:26:25 test_ownership 1 4.85 20.03 307526
10:26:27 test_ownership 1 4.99 19.89 307526
10:26:29 test_ownership 1 5.00 19.88 307526
10:26:31 test_ownership 1 5.02 19.87 307526
10:26:33 test_ownership 1 5.02 19.87 307526
10:26:35 test_ownership 1 5.02 19.86 307526
10:26:37 test_ownership 1 5.02 19.86 307526
10:26:39 test_ownership 1 5.02 19.87 307526
10:26:41 test_ownership 1 5.07 19.82 307526
10:26:43 test_ownership 1 5.38 19.50 307526
10:26:45 test_ownership 1 5.41 19.47 307526
10:26:47 test_ownership 1 5.43 19.45 307526
10:26:49 test_ownership 1 5.43 19.45 307526
10:26:51 test_ownership 1 5.43 19.44 307526
10:26:53 test_ownership 1 5.43 19.44 307526
10:26:55 test_ownership 1 5.43 19.44 307526
10:26:57 test_ownership 1 5.43 19.44 307526
10:26:59 test_ownership 1 5.43 19.44 307526
10:27:01 test_ownership 1 5.43 19.45 307526
10:27:03 test_ownership 1 5.43 19.45 307526
10:27:05 test_ownership 1 5.43 19.45 307526
10:27:07 test_ownership 1 5.43 19.45 307526
10:27:09 test_ownership 1 5.43 19.85 307526
10:27:11 test_ownership 1 5.43 19.50 307526
10:27:13 test_ownership 1 5.43 19.85 307526
10:27:15 test_ownership 1 5.43 19.56 307526
10:27:17 test_ownership 1 5.40 19.50 308059
10:27:19 test_ownership 1 0.01 25.23 308059
10:27:21 test_ownership 1 0.29 24.86 308060
10:27:23 test_checks 1 0.30 24.67 308078
10:27:25 test_checks 1 0.30 24.67 308078
10:27:27 test_checks 1 0.30 24.66 308078
10:27:29 test_checks 1 0.30 24.66 308078
10:27:31 test_checks 1 0.35 24.61 308078
10:27:33 test_checks 1 0.36 24.61 308078
10:27:35 test_checks 1 0.42 24.53 308078
10:27:37 test_checks 1 0.48 24.47 308078
10:27:39 test_checks 1 0.67 24.28 308078
10:27:41 test_checks 1 0.87 24.08 308078
10:27:43 test_checks 1 1.19 23.76 308078
10:27:45 test_checks 1 1.20 23.75 308078
10:27:47 test_checks 1 1.64 23.30 308078
10:27:49 test_checks 1 1.91 23.03 308078
10:27:51 test_checks 1 2.08 22.86 308078
10:27:53 test_checks 1 2.24 22.70 308078
10:27:55 test_checks 1 2.61 22.33 308078
10:27:57 test_checks 1 2.93 22.00 308078
10:27:59 test_checks 1 3.13 21.79 308078
10:28:01 test_checks 1 3.57 21.36 308078
10:28:03 test_checks 1 3.57 21.36 308078
10:28:05 test_checks 1 4.05 20.89 308078
10:28:07 test_checks 1 4.23 20.71 308078
10:28:09 test_checks 1 4.50 20.43 308078
10:28:11 test_checks 1 4.53 20.41 308078
10:28:13 test_checks 1 4.52 20.41 308078
10:28:15 test_checks 1 4.67 20.26 308078
10:28:17 test_checks 1 4.95 19.98 308078
10:28:19 test_checks 1 4.99 19.93 308078
10:28:21 test_checks 1 5.02 19.91 308078
10:28:23 test_checks 1 5.02 19.91 308078
10:28:25 test_checks 1 5.02 19.92 308078
10:28:27 test_checks 1 5.02 19.91 308078
10:28:29 test_checks 1 5.02 19.91 308078
10:28:31 test_checks 1 5.02 19.91 308078
10:28:33 test_checks 1 5.19 19.74 308078
10:28:35 test_checks 1 5.41 19.52 308078
10:28:37 test_checks 1 5.43 19.50 308078
10:28:39 test_checks 1 5.43 19.50 308078
10:28:41 test_checks 1 5.43 19.50 308078
10:28:43 test_checks 1 5.43 19.49 308078
10:28:45 test_checks 1 5.43 19.49 308078
10:28:47 test_checks 1 5.43 19.49 308161
10:28:49 test_checks 1 5.43 19.49 308161
10:28:51 test_checks 1 5.43 19.49 308161
10:28:53 test_checks 1 5.43 19.49 308161
10:28:55 test_checks 1 5.43 19.49 308161
10:28:57 test_checks 1 5.43 19.49 308161
10:28:59 test_checks 1 5.43 19.49 308161
10:29:01 test_checks 1 5.43 19.49 308161
10:29:03 test_checks 1 5.43 19.49 308161
10:29:05 test_checks 1 5.43 19.49 308161
10:29:07 test_checks 1 5.43 19.49 308161
10:29:09 test_checks 1 5.43 19.49 308161
10:29:11 test_checks 1 5.43 19.48 308161
10:29:13 test_checks 1 5.43 19.48 308161
10:29:15 test_checks 1 5.43 19.48 308161
10:29:17 test_checks 1 5.43 19.48 308161
10:29:19 test_checks 1 5.43 19.48 308161
10:29:21 test_checks 1 5.43 19.48 308161
10:29:23 test_checks 1 5.43 19.47 308161
10:29:25 test_checks 1 5.43 19.48 308161
10:29:27 test_checks 1 5.43 19.48 308161
10:29:29 test_checks 1 5.43 19.48 308275
10:29:31 test_checks 1 5.43 19.47 308275
10:29:33 test_checks 1 5.43 19.47 308275
10:29:35 test_checks 1 5.43 19.46 308275
10:29:37 test_checks 1 5.43 19.46 308275
10:29:39 test_checks 1 5.43 19.46 308275
10:29:41 test_checks 1 5.43 19.46 308275
10:29:43 test_checks 1 5.43 19.46 308275
10:29:45 test_checks 1 5.43 19.46 308275
10:29:47 test_checks 1 5.43 19.46 308275
10:29:49 test_checks 2 5.63 19.34 308275
10:29:51 test_checks 2 5.63 19.34 308275
10:29:53 test_checks 2 5.63 19.34 308275
10:29:56 test_checks 2 5.63 19.34 308275
10:29:58 test_checks 2 5.63 19.34 308275
10:30:00 test_checks 2 5.75 19.21 308275
10:30:02 test_checks 2 5.76 19.21 308275
10:30:04 test_checks 2 5.87 19.09 308275
10:30:06 test_checks 2 6.00 18.97 308275
10:30:08 test_checks 2 6.26 18.70 308275
10:30:10 test_checks 2 6.43 18.53 308275
10:30:12 test_checks 2 6.58 18.37 308275
10:30:14 test_checks 2 6.65 18.31 308275
10:30:16 test_checks 2 7.04 17.91 308275
10:30:18 test_checks 2 7.46 17.49 308275
10:30:20 test_checks 2 7.47 17.49 308275
10:30:22 test_checks 2 7.73 17.22 308275
10:30:24 test_checks 2 8.02 16.94 308275
10:30:26 test_checks 2 8.37 16.59 308275
10:30:28 test_checks 2 8.56 16.40 308275
10:30:30 test_checks 2 8.96 15.98 308275
10:30:32 test_checks 2 8.97 15.97 308275
10:30:34 test_checks 2 9.44 15.50 308275
10:30:36 test_checks 2 9.62 15.32 308275
10:30:38 test_checks 2 9.89 15.05 308275
10:30:40 test_checks 2 9.92 15.02 308275
10:30:42 test_checks 2 9.91 15.02 308275
10:30:44 test_checks 2 10.03 14.91 308275
10:30:46 test_checks 2 10.34 14.60 308275
10:30:48 test_checks 2 10.38 14.56 308275
10:30:50 test_checks 2 10.40 14.54 308275
10:30:52 test_checks 2 10.41 14.54 308275
10:30:54 test_checks 2 10.41 14.54 308275
10:30:56 test_checks 2 10.41 14.53 308275
10:30:58 test_checks 2 10.41 14.53 308275
10:31:00 test_checks 2 10.41 14.53 308275
10:31:02 test_checks 2 10.49 14.45 308275
10:31:04 test_checks 2 10.79 14.15 308275
10:31:06 test_checks 2 10.81 14.13 308275
10:31:08 test_checks 2 10.82 14.12 308275
10:31:10 test_checks 2 10.82 14.12 308275
10:31:12 test_checks 2 10.83 14.12 308275
10:31:14 test_checks 2 10.83 14.11 308275
10:31:16 test_checks 2 10.83 14.11 308275
10:31:18 test_checks 2 10.83 14.11 308275
10:31:20 test_checks 2 10.79 14.13 308275
10:31:22 test_checks 2 5.63 19.31 308275
10:31:24 test_checks 2 5.63 19.31 308275
10:31:26 test_checks 2 5.63 19.31 308275
10:31:28 test_checks 2 5.63 19.31 308275
10:31:30 test_checks 2 5.64 19.31 308275
10:31:32 test_checks 2 5.75 19.19 308275
10:31:34 test_checks 2 5.76 19.18 308275
10:31:36 test_checks 2 5.87 19.07 308275
10:31:38 test_checks 2 6.00 18.95 308275
10:31:40 test_checks 2 6.26 18.68 308275
10:31:42 test_checks 2 6.56 18.38 308275
10:31:44 test_checks 2 6.58 18.36 308275
10:31:46 test_checks 2 6.71 18.23 308275
10:31:48 test_checks 2 7.05 17.89 308275
10:31:50 test_checks 2 7.46 17.48 308275
10:31:52 test_checks 2 7.47 17.47 308275
10:31:54 test_checks 2 7.74 17.19 308275
10:31:56 test_checks 2 8.05 16.88 308275
10:31:58 test_checks 2 8.45 16.48 308275
10:32:00 test_checks 2 8.62 16.31 308275
10:32:02 test_checks 2 8.97 15.98 308275
10:32:04 test_checks 2 9.10 15.84 308275
10:32:06 test_checks 2 9.44 15.50 308275
10:32:08 test_checks 2 9.62 15.32 308275
10:32:10 test_checks 2 9.90 15.04 308275
10:32:12 test_checks 2 9.92 15.02 308275
10:32:14 test_checks 2 9.91 15.02 308275
10:32:16 test_checks 2 10.07 14.87 308275
10:32:18 test_checks 2 10.34 14.59 308275
10:32:20 test_checks 2 10.38 14.55 308275
10:32:22 test_checks 2 10.41 14.52 308275
10:32:24 test_checks 2 10.41 14.52 308275
10:32:26 test_checks 2 10.41 14.52 308275
10:32:28 test_checks 2 10.41 14.52 308275
10:32:30 test_checks 2 10.41 14.52 308275
10:32:32 test_checks 2 10.42 14.51 308275
10:32:34 test_checks 2 10.53 14.40 308275
10:32:36 test_checks 2 10.80 14.13 308275
10:32:38 test_checks 2 10.82 14.12 308275
10:32:40 test_checks 2 10.82 14.11 308275
10:32:42 test_checks 2 10.82 14.11 308275
10:32:44 test_checks 2 10.83 14.11 308275
10:32:46 test_checks 2 10.83 14.11 308275
10:32:48 test_checks 2 10.83 14.11 308275
10:32:50 test_checks 2 10.83 14.10 308275
10:32:52 test_checks 2 10.80 14.13 308275
10:32:54 test_checks 1 5.43 19.45 327268
10:32:56 test_checks 1 0.27 24.61 327269
10:32:58 test_goodwill 1 0.30 24.58 327289
10:33:00 test_goodwill 1 0.30 24.58 327289
10:33:02 test_goodwill 1 0.30 24.58 327289
10:33:04 test_goodwill 1 0.30 24.58 327289
10:33:06 test_goodwill 1 0.30 24.58 327289
10:33:08 test_goodwill 1 0.36 24.53 327289
10:33:10 test_goodwill 1 0.37 24.52 327289
10:33:12 test_goodwill 1 0.45 24.43 327289
10:33:14 test_goodwill 1 0.60 24.29 327289
10:33:16 test_goodwill 1 0.85 24.03 327289
10:33:18 test_goodwill 1 1.03 23.85 327289
10:33:20 test_goodwill 1 1.19 23.69 327289
10:33:22 test_goodwill 1 1.26 23.63 327289
10:33:24 test_goodwill 1 1.65 23.24 327289
10:33:26 test_goodwill 1 2.07 22.81 327289
10:33:28 test_goodwill 1 2.08 22.81 327289
10:33:30 test_goodwill 1 2.35 22.53 327289
10:33:32 test_goodwill 1 2.66 22.22 327289
10:33:34 test_goodwill 1 3.07 21.81 327289
10:33:36 test_goodwill 1 3.25 21.63 327289
10:33:38 test_goodwill 1 3.58 21.30 327289
10:33:40 test_goodwill 1 3.83 21.04 327289
10:33:42 test_goodwill 1 4.09 20.79 327289
10:33:44 test_goodwill 1 4.32 20.56 327289
10:33:46 test_goodwill 1 4.51 20.36 327289
10:33:48 test_goodwill 1 4.53 20.36 327289
10:33:50 test_goodwill 1 4.52 20.36 327289
10:33:52 test_goodwill 1 4.78 20.10 327289
10:33:54 test_goodwill 1 4.98 19.90 327289
10:33:56 test_goodwill 1 5.00 19.88 327289
10:33:58 test_goodwill 1 5.02 19.86 327289
10:34:00 test_goodwill 1 5.02 19.86 327289
10:34:02 test_goodwill 1 5.02 19.86 327289
10:34:04 test_goodwill 1 5.02 19.86 327289
10:34:06 test_goodwill 1 5.02 19.85 327289
10:34:08 test_goodwill 1 5.02 19.85 327289
10:34:10 test_goodwill 1 5.38 19.50 327289
10:34:12 test_goodwill 1 5.41 19.46 327289
10:34:14 test_goodwill 1 5.43 19.44 327289
10:34:16 test_goodwill 1 5.43 19.44 327289
10:34:18 test_goodwill 1 5.43 19.44 327289
10:34:20 test_goodwill 1 5.43 19.43 327289
10:34:22 test_goodwill 1 5.43 19.44 327289
10:34:24 test_goodwill 1 5.43 19.44 327351
10:34:26 test_goodwill 1 5.43 19.44 327351
10:34:28 test_goodwill 1 5.43 19.44 327351
10:34:30 test_goodwill 1 5.43 19.44 327351
10:34:32 test_goodwill 1 5.43 19.44 327351
10:34:34 test_goodwill 1 5.43 19.44 327351
10:34:36 test_goodwill 1 5.43 19.44 327351
10:34:38 test_goodwill 1 5.43 19.44 327351
10:34:40 test_goodwill 1 5.43 19.44 327351
10:34:42 test_goodwill 1 5.43 19.44 327351
10:34:44 test_goodwill 1 5.43 19.44 327351
10:34:46 test_goodwill 1 5.43 19.44 327351
10:34:48 test_goodwill 1 5.43 19.45 327351
10:34:50 test_goodwill 1 5.43 19.45 327351
10:34:52 test_goodwill 1 5.43 19.44 327351
10:34:54 test_goodwill 1 5.43 19.44 327351
10:34:56 test_goodwill 1 5.43 19.44 327446
10:34:58 test_goodwill 1 5.43 19.44 327446
10:35:00 test_goodwill 1 5.43 19.44 327446
10:35:02 test_goodwill 1 5.43 19.44 327446
10:35:04 test_goodwill 1 5.43 19.44 327446
10:35:06 test_goodwill 1 5.43 19.44 327446
10:35:08 test_goodwill 1 5.43 19.44 327446
10:35:10 test_goodwill 1 5.43 19.44 327446
10:35:12 test_goodwill 1 5.43 19.44 327446
10:35:14 test_goodwill 1 5.43 19.83 327446
10:35:16 test_goodwill 1 5.43 19.22 327446
10:35:18 test_goodwill 1 5.43 19.28 327446
10:35:20 test_goodwill 1 5.43 19.27 327446
10:35:22 test_goodwill 1 5.43 19.28 327446
10:35:24 test_goodwill 1 5.43 19.28 327446
10:35:26 test_goodwill 1 5.43 19.28 327446
10:35:28 test_goodwill 1 5.43 19.28 327558
10:35:30 test_goodwill 1 5.43 19.50 327558
10:35:32 test_goodwill 1 5.43 19.50 327558
10:35:34 test_goodwill 1 5.43 19.50 327558
10:35:36 test_goodwill 1 5.43 19.50 327558
10:35:38 test_goodwill 1 5.43 19.50 327558
10:35:40 test_goodwill 1 5.43 19.50 327558
10:35:42 test_goodwill 1 5.43 19.50 327558
10:35:44 test_goodwill 1 5.43 19.49 327558
10:35:46 test_goodwill 1 5.43 19.49 327558
10:35:48 test_goodwill 1 5.43 19.49 327558
10:35:50 test_goodwill 1 5.43 19.48 327558
10:35:52 test_goodwill 1 5.43 19.48 327558
10:35:54 test_goodwill 1 5.43 19.48 327558
10:35:56 test_goodwill 2 5.63 19.34 327558
10:35:58 test_goodwill 2 5.63 19.34 327558
10:36:00 test_goodwill 2 5.63 19.33 327558
10:36:02 test_goodwill 2 5.63 19.33 327558
10:36:04 test_goodwill 2 5.63 19.33 327558
10:36:06 test_goodwill 2 5.75 19.21 327558
10:36:08 test_goodwill 2 5.76 19.20 327558
10:36:10 test_goodwill 2 5.85 19.11 327558
10:36:12 test_goodwill 2 5.87 19.09 327558
10:36:14 test_goodwill 2 6.15 18.82 327558
10:36:16 test_goodwill 2 6.26 18.71 327558
10:36:18 test_goodwill 2 6.58 18.39 327558
10:36:20 test_goodwill 2 6.59 18.38 327558
10:36:22 test_goodwill 2 7.03 17.93 327558
10:36:24 test_goodwill 2 7.30 17.67 327558
10:36:26 test_goodwill 2 7.47 17.50 327558
10:36:28 test_goodwill 2 7.64 17.33 327558
10:36:30 test_goodwill 2 7.96 17.00 327558
10:36:32 test_goodwill 2 8.24 16.73 327558
10:36:34 test_goodwill 2 8.47 16.50 327558
10:36:36 test_goodwill 2 8.86 16.11 327558
10:36:38 test_goodwill 2 8.97 16.00 327558
10:36:40 test_goodwill 2 9.34 15.63 327558
10:36:42 test_goodwill 2 9.59 15.37 327558
10:36:44 test_goodwill 2 9.85 15.11 327558
10:36:46 test_goodwill 2 9.91 15.06 327558
10:36:48 test_goodwill 2 9.91 15.05 327558
10:36:50 test_goodwill 2 9.91 15.05 327558
10:36:52 test_goodwill 2 10.25 14.72 327558
10:36:54 test_goodwill 2 10.38 14.59 327558
10:36:56 test_goodwill 2 10.40 14.57 327558
10:36:58 test_goodwill 2 10.41 14.56 327558
10:37:00 test_goodwill 2 10.41 14.55 327558
10:37:02 test_goodwill 2 10.41 14.55 327558
10:37:04 test_goodwill 2 10.41 14.54 327558
10:37:06 test_goodwill 2 10.42 14.54 327558
10:37:08 test_goodwill 2 10.46 14.49 327558
10:37:10 test_goodwill 2 10.77 14.18 327558
10:37:12 test_goodwill 2 10.81 14.15 327558
10:37:14 test_goodwill 2 10.82 14.13 327558
10:37:16 test_goodwill 2 10.82 14.13 327558
10:37:18 test_goodwill 2 10.83 14.12 327558
10:37:20 test_goodwill 2 10.83 14.13 327558
10:37:22 test_goodwill 2 10.83 14.13 327558
10:37:24 test_goodwill 2 10.83 14.13 327558
10:37:26 test_goodwill 2 10.83 14.13 327558
10:37:28 test_goodwill 2 10.83 14.13 327558
10:37:30 test_goodwill 2 10.83 14.13 327558
10:37:32 test_goodwill 2 10.83 14.13 327558
10:37:34 test_goodwill 2 10.83 14.13 327558
10:37:36 test_goodwill 2 10.83 14.13 327558
10:37:38 test_goodwill 2 10.83 14.13 327558
10:37:40 test_goodwill 2 10.83 14.13 327558
10:37:42 test_goodwill 2 10.83 14.13 327558
10:37:44 test_goodwill 2 10.83 14.13 327558
10:37:46 test_goodwill 2 10.83 14.13 327558
10:37:48 test_goodwill 2 10.83 14.13 327558
10:37:50 test_goodwill 2 10.83 14.13 327558
10:37:52 test_goodwill 2 10.83 14.13 327558
10:37:54 test_goodwill 2 10.83 14.13 327558
10:37:56 test_goodwill 2 10.83 14.13 327558
10:37:58 test_goodwill 2 10.83 14.13 327558
10:38:00 test_goodwill 2 10.83 14.13 327558
10:38:02 test_goodwill 2 10.83 14.13 327558
10:38:04 test_goodwill 2 10.83 14.13 327558
10:38:06 test_goodwill 2 10.83 14.13 327558
10:38:08 test_goodwill 2 10.83 14.13 327558
10:38:10 test_goodwill 2 10.83 14.13 327558
10:38:12 test_goodwill 2 10.83 14.13 327558
10:38:14 test_goodwill 2 10.83 14.13 327558
10:38:16 test_goodwill 2 10.83 14.12 327558
10:38:18 test_goodwill 2 10.83 14.12 327558
10:38:20 test_goodwill 2 10.83 14.12 327558
10:38:22 test_goodwill 2 10.83 14.12 327558
10:38:24 test_goodwill 2 10.83 14.12 327558
10:38:26 test_goodwill 2 10.83 14.12 327558
10:38:28 test_goodwill 2 10.83 14.12 327558
10:38:30 test_goodwill 2 10.83 14.12 327558
10:38:32 test_goodwill 2 10.83 14.13 327558
10:38:34 test_goodwill 2 10.83 14.13 327558
10:38:36 test_goodwill 2 10.83 14.13 327558
10:38:38 test_goodwill 2 10.83 14.12 327558
10:38:40 test_goodwill 2 10.83 14.12 327558
10:38:42 test_goodwill 2 10.83 14.12 327558
10:38:44 test_goodwill 2 10.83 14.12 327558
10:38:46 test_goodwill 2 10.83 14.12 327558
10:38:48 test_goodwill 2 10.83 14.12 327558
10:38:50 test_goodwill 2 10.83 14.12 327558
10:38:52 test_goodwill 2 10.83 14.12 327558
10:38:54 test_goodwill 2 10.83 14.12 327558
10:38:56 test_goodwill 2 10.83 14.12 327558
10:38:58 test_goodwill 2 10.83 14.12 327558
10:39:00 test_goodwill 2 10.83 14.12 327558
10:39:02 test_goodwill 2 10.83 14.12 327558
10:39:04 test_goodwill 2 10.83 14.12 327558
10:39:06 test_goodwill 2 10.83 14.12 327558
10:39:08 test_goodwill 2 10.83 14.12 327558
10:39:10 test_goodwill 2 10.83 14.12 327558
10:39:12 test_goodwill 2 10.83 14.12 327558
10:39:14 test_goodwill 2 10.83 14.13 327558
10:39:16 test_goodwill 2 10.83 14.13 327558
10:39:18 test_goodwill 2 10.83 14.13 327558
10:39:20 test_goodwill 2 10.83 14.13 327558
10:39:22 test_goodwill 2 10.83 14.13 327558
10:39:24 test_goodwill 2 10.83 14.12 327558
10:39:26 test_goodwill 2 10.83 14.12 327558
10:39:28 test_goodwill 2 10.83 14.12 327558
10:39:30 test_goodwill 2 10.83 14.12 327558
10:39:32 test_goodwill 2 10.83 14.12 327558
10:39:34 test_goodwill 2 10.83 14.12 327558
10:39:36 test_goodwill 2 10.83 14.12 327558
10:39:38 test_goodwill 2 10.83 14.12 327558
10:39:40 test_goodwill 2 10.83 14.13 327558
10:39:42 test_goodwill 2 10.83 14.13 327558
10:39:44 test_goodwill 2 10.83 14.13 327558
10:39:46 test_goodwill 2 10.82 14.13 327558
10:39:48 test_goodwill 1 5.43 19.47 367984
10:39:50 test_goodwill 1 0.17 24.74 367985
10:39:52 test_goodwill 1 0.30 24.60 367985
10:39:54 test_territory 1 0.30 24.60 368006
10:39:56 test_territory 1 0.30 24.61 368006
10:39:58 test_territory 1 0.30 24.61 368006
10:40:00 test_territory 1 0.30 24.61 368006
10:40:02 test_territory 1 0.36 24.55 368006
10:40:04 test_territory 1 0.37 24.54 368006
10:40:06 test_territory 1 0.45 24.45 368006
10:40:08 test_territory 1 0.48 24.43 368006
10:40:10 test_territory 1 0.82 24.09 368006
10:40:12 test_territory 1 0.87 24.04 368006
10:40:14 test_territory 1 1.19 23.71 368006
10:40:16 test_territory 1 1.20 23.70 368006
10:40:18 test_territory 1 1.65 23.25 368006
10:40:20 test_territory 1 1.99 22.90 368006
10:40:22 test_territory 1 2.08 22.82 368006
10:40:24 test_territory 1 2.27 22.63 368006
10:40:26 test_territory 1 2.62 22.27 368006
10:40:28 test_territory 1 2.95 21.95 368006
10:40:30 test_territory 1 3.15 21.75 368006
10:40:32 test_territory 1 3.57 21.33 368006
10:40:34 test_territory 1 3.57 21.32 368006
10:40:36 test_territory 1 4.05 20.85 368006
10:40:38 test_territory 1 4.23 20.67 368006
10:40:40 test_territory 1 4.50 20.39 368006
10:40:42 test_territory 1 4.53 20.37 368006
10:40:44 test_territory 1 4.52 20.37 368006
10:40:46 test_territory 1 4.67 20.22 368006
10:40:48 test_territory 1 4.95 19.95 368006
10:40:50 test_territory 1 4.99 19.90 368006
10:40:52 test_territory 1 5.02 19.88 368006
10:40:54 test_territory 1 5.02 19.88 368006
10:40:56 test_territory 1 5.02 19.87 368006
10:40:58 test_territory 1 5.02 19.87 368006
10:41:00 test_territory 1 5.02 19.87 368006
10:41:02 test_territory 1 5.02 19.87 368006
10:41:04 test_territory 1 5.14 19.75 368006
10:41:06 test_territory 1 5.40 19.49 368006
10:41:08 test_territory 1 5.42 19.47 368006
10:41:10 test_territory 1 5.43 19.47 368006
10:41:12 test_territory 1 5.43 19.47 368006
10:41:14 test_territory 1 5.43 19.46 368006
10:41:16 test_territory 1 5.43 19.46 368006
10:41:18 test_territory 1 5.43 19.46 368006
10:41:20 test_territory 1 5.43 19.46 368006
10:41:22 test_territory 1 5.43 19.46 368006
10:41:24 test_territory 1 5.43 19.46 368006
10:41:26 test_territory 1 5.43 19.46 368006
10:41:28 test_territory 1 5.43 19.46 368006
10:41:30 test_territory 1 5.43 19.46 368006
10:41:32 test_territory 1 5.43 19.47 368006
10:41:34 test_territory 1 5.43 19.46 368006
10:41:36 test_territory 1 5.43 19.46 368006
10:41:38 test_territory 1 5.43 19.46 368006
10:41:40 test_territory 1 5.43 19.46 368006
10:41:42 test_territory 1 5.43 19.46 368006
10:41:44 test_territory 1 5.43 19.47 368006
10:41:46 test_territory 1 5.43 19.47 368006
10:41:48 test_territory 1 5.43 19.47 368006
10:41:50 test_territory 1 5.43 19.47 368006
10:41:52 test_territory 1 5.43 19.47 368006
10:41:54 test_territory 1 5.43 19.47 368006
10:41:56 test_territory 1 5.43 19.47 368006
10:41:58 test_territory 1 5.43 19.47 368006
10:42:00 test_territory 1 5.43 19.47 368006
10:42:02 test_territory 1 5.43 19.47 368006
10:42:04 test_territory 1 5.43 19.47 368006
10:42:06 test_territory 1 5.43 19.47 368006
10:42:08 test_territory 1 5.43 19.46 368006
10:42:10 test_territory 1 5.43 19.47 368006
10:42:12 test_territory 1 5.43 19.47 368006
10:42:14 test_territory 1 5.43 19.46 368006
10:42:16 test_territory 1 5.43 19.47 368006
10:42:18 test_territory 1 5.43 19.47 368006
10:42:20 test_territory 1 5.43 19.46 368006
10:42:22 test_territory 1 5.43 19.84 368006
10:42:24 test_territory 1 5.43 19.54 368006
10:42:26 test_territory 1 5.43 19.53 368006
10:42:28 test_territory 1 5.43 19.53 368006
10:42:30 test_territory 1 5.43 19.53 368006
10:42:32 test_territory 1 5.43 19.52 368006
10:42:34 test_territory 1 5.43 19.53 368006
10:42:36 test_territory 1 5.43 19.52 368006
10:42:38 test_territory 1 5.43 19.51 368006
10:42:40 test_territory 1 5.43 19.50 368006
10:42:42 test_territory 1 5.43 19.50 368006
10:42:44 test_territory 1 5.43 19.50 368006
10:42:46 test_territory 1 5.43 19.50 368006
10:42:48 test_territory 1 5.43 19.50 368006
10:42:50 test_territory 1 5.43 19.49 368006
10:42:52 test_territory 1 5.43 19.50 368006
10:42:54 test_territory 1 5.43 19.49 368006
10:42:56 test_territory 1 5.43 19.49 368006
10:42:58 test_territory 1 5.43 19.49 368006
10:43:00 test_territory 1 5.43 19.49 368006
10:43:02 test_territory 1 5.43 19.48 368006
10:43:04 test_territory 1 5.43 19.48 368006
10:43:06 test_territory 1 5.43 19.49 368006
10:43:08 test_territory 1 5.43 19.49 368006
10:43:10 test_territory 1 5.43 19.50 368006
10:43:12 test_territory 1 5.43 19.49 368006
10:43:14 test_territory 1 5.43 19.49 368006
10:43:16 test_territory 1 5.43 19.49 368006
10:43:18 test_territory 1 5.43 19.49 368006
10:43:20 test_territory 1 5.43 19.49 368006
10:43:22 test_territory 1 5.43 19.49 368006
10:43:24 test_territory 1 5.43 19.49 368006
10:43:26 test_territory 1 5.43 19.49 368006
10:43:28 test_territory 1 5.43 19.49 368006
10:43:30 test_territory 1 5.43 19.49 368006
10:43:32 test_territory 1 5.43 19.49 368006
10:43:34 test_territory 1 5.43 19.49 368006
10:43:36 test_territory 1 5.43 19.49 368006
10:43:38 test_territory 1 5.43 19.50 368047
10:43:40 test_territory 1 0.06 24.85 368047
10:43:42 test_territory 1 0.30 24.63 368048
10:43:44 test_orchestrator 1 0.30 24.63 368072
10:43:46 test_orchestrator 1 0.30 24.63 368072
10:43:48 test_orchestrator 1 0.30 24.63 368072
10:43:50 test_orchestrator 1 0.30 24.63 368072
10:43:52 test_orchestrator 1 0.36 24.58 368072
10:43:54 test_orchestrator 1 0.36 24.58 368072
10:43:56 test_orchestrator 1 0.44 24.49 368072
10:43:58 test_orchestrator 1 0.48 24.46 368072
10:44:00 test_orchestrator 1 0.72 24.21 368072
10:44:02 test_orchestrator 1 0.87 24.07 368072
10:44:04 test_orchestrator 1 1.19 23.47 368072
10:44:06 test_orchestrator 1 1.19 23.17 368072
10:44:08 test_orchestrator 1 1.32 23.04 368072
10:44:10 test_orchestrator 1 1.65 22.70 368072
10:44:12 test_orchestrator 1 1.91 23.02 368072
10:44:14 test_orchestrator 1 2.07 22.86 368072
10:44:16 test_orchestrator 1 2.24 22.69 368072
10:44:18 test_orchestrator 1 2.62 22.31 368072
10:44:20 test_orchestrator 1 2.93 22.00 368072
10:44:22 test_orchestrator 1 3.14 21.79 368072
10:44:24 test_orchestrator 1 3.57 21.36 368072
10:44:26 test_orchestrator 1 3.57 21.35 368072
10:44:28 test_orchestrator 1 4.04 20.88 368072
10:44:30 test_orchestrator 1 4.23 20.70 368072
10:44:32 test_orchestrator 1 4.50 20.42 368072
10:44:34 test_orchestrator 1 4.52 20.40 368072
10:44:36 test_orchestrator 1 4.52 20.41 368072
10:44:38 test_orchestrator 1 4.67 20.25 368072
10:44:40 test_orchestrator 1 4.95 19.98 368072
10:44:42 test_orchestrator 1 4.99 19.93 368072
10:44:44 test_orchestrator 1 5.01 19.91 368072
10:44:46 test_orchestrator 1 5.01 19.91 368072
10:44:48 test_orchestrator 1 5.02 19.90 368072
10:44:50 test_orchestrator 1 5.02 19.90 368072
10:44:52 test_orchestrator 1 5.02 19.90 368072
10:44:54 test_orchestrator 1 5.02 19.91 368072
10:44:56 test_orchestrator 1 5.28 19.65 368072
10:44:58 test_orchestrator 1 5.41 19.52 368072
10:45:00 test_orchestrator 1 5.42 19.50 368072
10:45:02 test_orchestrator 1 5.43 19.49 368072
10:45:04 test_orchestrator 1 5.43 19.49 368072
10:45:06 test_orchestrator 1 5.43 19.49 368072
10:45:08 test_orchestrator 1 5.43 19.49 368072
10:45:10 test_orchestrator 1 5.43 19.49 368072
10:45:12 test_orchestrator 1 5.43 19.49 368072
10:45:14 test_orchestrator 1 5.43 19.49 368072
10:45:16 test_orchestrator 1 5.43 19.49 368072
10:45:18 test_orchestrator 1 5.43 19.49 368072
10:45:20 test_orchestrator 1 5.43 19.49 368072
10:45:22 test_orchestrator 1 5.43 19.49 368072
10:45:24 test_orchestrator 1 5.43 19.49 368072
10:45:26 test_orchestrator 1 5.43 19.49 368072
10:45:28 test_orchestrator 1 5.43 19.49 368072
10:45:30 test_orchestrator 1 5.43 19.49 368072
10:45:32 test_orchestrator 1 5.44 19.48 368072
10:45:34 test_orchestrator 1 5.46 19.46 368072
10:45:36 test_orchestrator 1 5.47 19.45 368072
10:45:38 test_orchestrator 1 5.47 19.45 368072
10:45:40 test_orchestrator 1 5.47 19.45 368072
10:45:42 test_orchestrator 1 5.48 19.45 368072
10:45:44 test_orchestrator 1 5.48 19.45 368072
10:45:46 test_orchestrator 1 5.48 19.45 368072
10:45:48 test_orchestrator 1 5.48 19.44 368072
10:45:50 test_orchestrator 2 5.67 19.31 368166
10:45:52 test_orchestrator 2 5.67 19.31 368166
10:45:54 test_orchestrator 2 5.67 19.31 368166
10:45:56 test_orchestrator 2 5.67 19.31 368166
10:45:58 test_orchestrator 2 5.67 19.31 368166
10:46:00 test_orchestrator 2 5.77 19.20 368166
10:46:02 test_orchestrator 2 5.78 19.19 368166
10:46:04 test_orchestrator 2 5.89 19.08 368166
10:46:06 test_orchestrator 2 6.02 18.95 368166
10:46:08 test_orchestrator 2 6.29 18.69 368166
10:46:10 test_orchestrator 2 6.59 18.38 368166
10:46:12 test_orchestrator 2 6.61 18.36 368166
10:46:14 test_orchestrator 2 6.86 18.11 368166
10:46:16 test_orchestrator 2 7.19 17.78 368166
10:46:19 test_orchestrator 2 7.49 17.48 368166
10:46:21 test_orchestrator 2 7.49 17.48 368166
10:46:23 test_orchestrator 2 7.77 17.21 368166
10:46:25 test_orchestrator 2 8.11 16.86 368166
10:46:27 test_orchestrator 2 8.49 16.48 368166
10:46:29 test_orchestrator 2 8.66 16.30 368166
10:46:31 test_orchestrator 2 8.99 15.97 368166
10:46:33 test_orchestrator 2 9.19 15.78 368166
10:46:35 test_orchestrator 2 9.50 15.47 368166
10:46:37 test_orchestrator 2 9.64 15.32 368166
10:46:39 test_orchestrator 2 9.92 15.05 368166
10:46:41 test_orchestrator 2 9.94 15.02 368166
10:46:43 test_orchestrator 2 9.94 15.03 368166
10:46:45 test_orchestrator 2 10.12 14.85 368166
10:46:47 test_orchestrator 2 10.38 14.58 368166
10:46:49 test_orchestrator 2 10.41 14.55 368166
10:46:51 test_orchestrator 2 10.43 14.53 368166
10:46:53 test_orchestrator 2 10.43 14.53 368166
10:46:55 test_orchestrator 2 10.43 14.53 368166
10:46:57 test_orchestrator 2 10.43 14.53 368166
10:46:59 test_orchestrator 2 10.43 14.53 368166
10:47:01 test_orchestrator 2 10.44 14.53 368166
10:47:03 test_orchestrator 2 10.63 14.34 368166
10:47:05 test_orchestrator 2 10.82 14.15 368166
10:47:07 test_orchestrator 2 10.84 14.13 368166
10:47:09 test_orchestrator 2 10.84 14.12 368166
10:47:11 test_orchestrator 2 10.84 14.12 368166
10:47:13 test_orchestrator 2 10.85 14.12 368166
10:47:15 test_orchestrator 2 10.85 14.12 368166
10:47:17 test_orchestrator 2 10.85 14.12 368166
10:47:19 test_orchestrator 2 10.86 14.10 368166
10:47:21 test_orchestrator 2 10.89 14.08 368166
10:47:23 test_orchestrator 2 10.89 14.08 368166
10:47:25 test_orchestrator 2 10.89 14.07 368166
10:47:27 test_orchestrator 2 10.89 14.07 368166
10:47:29 test_orchestrator 2 10.89 14.07 368166
10:47:31 test_orchestrator 2 10.89 14.07 368166
10:47:33 test_orchestrator 2 10.89 14.07 368166
10:47:35 test_orchestrator 2 10.86 14.10 368166
10:47:37 test_orchestrator 2 5.67 19.30 368166
10:47:39 test_orchestrator 2 5.67 19.30 368166
10:47:41 test_orchestrator 2 5.67 19.30 368166
10:47:43 test_orchestrator 2 5.67 19.30 368166
10:47:45 test_orchestrator 2 5.67 18.77 368166
10:47:47 test_orchestrator 2 5.72 18.69 368166
10:47:49 test_orchestrator 2 5.77 18.63 368166
10:47:51 test_orchestrator 2 5.78 19.18 368166
10:47:53 test_orchestrator 2 5.87 19.10 368166
10:47:55 test_orchestrator 2 6.00 18.96 368166
10:47:57 test_orchestrator 2 6.27 18.69 368166
10:47:59 test_orchestrator 2 6.42 18.53 368166
10:48:01 test_orchestrator 2 6.61 18.35 368166
10:48:03 test_orchestrator 2 6.61 18.34 368166
10:48:05 test_orchestrator 2 7.06 17.89 368166
10:48:07 test_orchestrator 2 7.40 17.55 368166
10:48:09 test_orchestrator 2 7.49 17.47 368166
10:48:11 test_orchestrator 2 7.66 17.30 368166
10:48:13 test_orchestrator 2 8.04 16.92 368166
10:48:15 test_orchestrator 2 8.35 16.61 368166
10:48:17 test_orchestrator 2 8.49 16.46 368166
10:48:19 test_orchestrator 2 8.98 15.97 368166
10:48:21 test_orchestrator 2 8.99 15.96 368166
10:48:23 test_orchestrator 2 9.40 15.54 368166
10:48:25 test_orchestrator 2 9.64 15.32 368166
10:48:27 test_orchestrator 2 9.91 15.05 368166
10:48:29 test_orchestrator 2 9.93 15.03 368166
10:48:31 test_orchestrator 2 9.93 15.02 368166
10:48:33 test_orchestrator 2 9.93 15.02 368166
10:48:35 test_orchestrator 2 10.27 14.68 368166
10:48:37 test_orchestrator 2 10.40 14.55 368166
10:48:39 test_orchestrator 2 10.42 14.54 368166
10:48:41 test_orchestrator 2 10.43 14.52 368166
10:48:43 test_orchestrator 2 10.43 14.53 368166
10:48:45 test_orchestrator 2 10.43 14.52 368166
10:48:47 test_orchestrator 2 10.43 14.52 368166
10:48:49 test_orchestrator 2 10.44 14.52 368166
10:48:51 test_orchestrator 2 10.46 14.50 368166
10:48:53 test_orchestrator 2 10.79 14.16 368166
10:48:55 test_orchestrator 2 10.83 14.13 368166
10:48:57 test_orchestrator 2 10.84 14.11 368166
10:48:59 test_orchestrator 2 10.84 14.11 368166
10:49:01 test_orchestrator 2 10.85 14.10 368166
10:49:03 test_orchestrator 2 10.85 14.10 368166
10:49:05 test_orchestrator 2 10.85 14.11 368166
10:49:07 test_orchestrator 2 10.85 14.11 368166
10:49:09 test_orchestrator 2 10.87 14.09 368166
10:49:11 test_orchestrator 2 10.89 14.07 368166
10:49:13 test_orchestrator 2 10.89 14.07 368166
10:49:15 test_orchestrator 2 10.89 14.07 368166
10:49:17 test_orchestrator 2 10.89 14.07 368166
10:49:19 test_orchestrator 2 10.89 14.06 368166
10:49:21 test_orchestrator 2 10.89 14.06 368166
10:49:23 test_orchestrator 2 10.89 14.06 368166
10:49:25 test_orchestrator 2 10.86 14.09 368166
10:49:27 test_orchestrator 1 5.44 19.46 404236
10:49:29 test_orchestrator 1 0.16 24.74 404237
10:49:31 test_orchestrator 1 0.30 24.60 404237
10:49:33 test_fight_driver 1 0.30 24.60 404261
10:49:35 test_fight_driver 1 0.30 24.60 404261
10:49:37 test_fight_driver 1 0.30 24.60 404261
10:49:39 test_fight_driver 1 0.30 24.60 404261
10:49:41 test_fight_driver 1 0.35 24.55 404261
10:49:43 test_fight_driver 1 0.37 24.54 404261
10:49:45 test_fight_driver 1 0.45 24.46 404261
10:49:47 test_fight_driver 1 0.48 24.09 404261
10:49:49 test_fight_driver 1 0.67 23.77 404261
10:49:51 test_fight_driver 1 0.87 23.56 404261
10:49:53 test_fight_driver 1 1.04 23.39 404261
10:49:55 test_fight_driver 1 1.19 23.09 404261
10:49:57 test_fight_driver 1 1.19 23.08 404261
10:49:59 test_fight_driver 1 1.32 22.96 404261
10:50:01 test_fight_driver 1 1.65 22.63 404261
10:50:03 test_fight_driver 1 1.88 22.40 404261
10:50:05 test_fight_driver 1 2.07 22.22 404261
10:50:07 test_fight_driver 1 2.08 22.21 404261
10:50:09 test_fight_driver 1 2.17 22.12 404261
10:50:11 test_fight_driver 1 2.35 21.93 404261
10:50:13 test_fight_driver 1 2.62 21.66 404261
10:50:15 test_fight_driver 1 2.79 21.49 404261
10:50:17 test_fight_driver 1 3.07 21.20 404261
10:50:19 test_fight_driver 1 3.07 21.20 404261
10:50:21 test_fight_driver 1 3.36 20.92 404261
10:50:23 test_fight_driver 1 3.57 20.70 404261
10:50:25 test_fight_driver 1 3.57 20.71 404261
10:50:27 test_fight_driver 1 3.85 20.44 404261
10:50:29 test_fight_driver 1 4.08 20.21 404261
10:50:31 test_fight_driver 1 4.23 20.04 404261
10:50:33 test_fight_driver 1 4.39 19.82 404261
10:50:35 test_fight_driver 1 4.50 19.77 404261
10:50:37 test_fight_driver 1 4.52 19.75 404261
10:50:39 test_fight_driver 1 4.53 19.75 404261
10:50:41 test_fight_driver 1 4.52 20.14 404261
10:50:43 test_fight_driver 1 4.52 19.83 404261
10:50:45 test_fight_driver 1 4.67 19.67 404261
10:50:47 test_fight_driver 1 4.90 19.44 404261
10:50:49 test_fight_driver 1 4.98 19.36 404261
10:50:51 test_fight_driver 1 4.99 19.35 404261
10:50:53 test_fight_driver 1 5.00 19.35 404261
10:50:55 test_fight_driver 1 5.01 19.31 404261
10:50:57 test_fight_driver 1 5.02 19.32 404261
10:50:59 test_fight_driver 1 5.02 19.31 404261
10:51:01 test_fight_driver 1 5.02 19.36 404261
10:51:03 test_fight_driver 1 5.02 19.27 404261
10:51:05 test_fight_driver 1 5.02 19.27 404261
10:51:07 test_fight_driver 1 5.02 19.27 404261
10:51:09 test_fight_driver 1 5.02 19.28 404261
10:51:11 test_fight_driver 1 5.02 19.64 404261
10:51:13 test_fight_driver 1 5.02 19.64 404261
10:51:15 test_fight_driver 1 5.09 19.57 404261
10:51:17 test_fight_driver 1 5.39 19.27 404261
10:51:19 test_fight_driver 1 5.41 19.26 404261
10:51:21 test_fight_driver 1 5.42 19.24 404261
10:51:23 test_fight_driver 1 5.43 19.23 404261
10:51:25 test_fight_driver 1 5.43 19.24 404261
10:51:27 test_fight_driver 1 5.43 19.24 404261
10:51:29 test_fight_driver 1 5.43 19.23 404261
10:51:31 test_fight_driver 1 5.43 19.22 404261
10:51:33 test_fight_driver 1 5.43 19.22 404261
10:51:35 test_fight_driver 1 5.43 19.23 404261
10:51:37 test_fight_driver 1 5.43 19.23 404261
10:51:39 test_fight_driver 1 5.43 19.24 404261
10:51:41 test_fight_driver 1 5.43 19.23 404261
10:51:43 test_fight_driver 1 5.43 19.22 404261
10:51:45 test_fight_driver 1 5.43 19.22 404261
10:51:47 test_fight_driver 1 5.43 19.22 404261
10:51:49 test_fight_driver 1 5.43 19.22 404261
10:51:51 test_fight_driver 1 5.43 19.22 404261
10:51:53 test_fight_driver 1 5.43 19.23 404261
10:51:55 test_fight_driver 1 5.43 19.22 404261
10:51:57 test_fight_driver 1 5.43 19.22 404261
10:51:59 test_fight_driver 1 5.43 19.24 404261
10:52:01 test_fight_driver 1 5.43 19.23 404261
10:52:03 test_fight_driver 1 5.43 19.25 404261
10:52:05 test_fight_driver 1 5.43 19.23 404261
10:52:07 test_fight_driver 1 5.43 19.24 404261
10:52:09 test_fight_driver 1 5.43 19.24 404261
10:52:11 test_fight_driver 1 5.43 19.23 404261
10:52:13 test_fight_driver 1 5.43 19.23 404261
10:52:15 test_fight_driver 1 5.43 19.23 404261
10:52:17 test_fight_driver 1 5.43 19.24 404261
10:52:19 test_fight_driver 1 5.43 19.23 404261
10:52:21 test_fight_driver 1 5.43 19.23 404261
10:52:23 test_fight_driver 1 5.43 19.22 404261
10:52:25 test_fight_driver 1 5.43 19.23 404261
10:52:27 test_fight_driver 1 5.43 19.23 404356
10:52:29 test_fight_driver 1 5.43 19.22 404356
10:52:31 test_fight_driver 1 5.43 19.23 404356
10:52:33 test_fight_driver 1 5.43 19.23 404356
10:52:35 test_fight_driver 1 5.43 19.23 404356
10:52:37 test_fight_driver 1 5.43 19.22 404356
10:52:39 test_fight_driver 1 5.43 19.23 404356
10:52:41 test_fight_driver 1 5.43 19.23 404356
10:52:43 test_fight_driver 1 5.43 19.23 404356
10:52:45 test_fight_driver 1 5.43 19.22 404356
10:52:47 test_fight_driver 1 5.43 19.23 404356
10:52:49 test_fight_driver 1 5.43 19.23 404356
10:52:51 test_fight_driver 1 5.43 19.23 404356
10:52:53 test_fight_driver 1 5.40 19.26 404731
10:52:55 test_fight_driver 1 0.27 24.40 404732
10:52:57 test_fight_driver 1 0.27 24.39 404732
10:52:59 test_enemies 1 0.30 24.37 404751
10:53:01 test_enemies 1 0.30 24.37 404751
10:53:03 test_enemies 1 0.30 24.37 404751
10:53:05 test_enemies 1 0.30 24.37 404751
10:53:07 test_enemies 1 0.30 24.36 404751
10:53:09 test_enemies 1 0.30 24.37 404751
10:53:11 test_enemies 1 0.30 24.37 404751
10:53:13 test_enemies 1 0.30 24.36 404751
10:53:15 test_enemies 1 0.30 24.36 404751
10:53:17 test_enemies 1 0.30 24.37 404751
10:53:19 test_enemies 1 0.30 24.36 404751
10:53:21 test_enemies 1 0.47 24.19 404751
10:53:23 test_enemies 1 0.51 24.16 404751
10:53:25 test_enemies 1 0.71 23.95 404751
10:53:27 test_enemies 1 0.71 23.95 404751
10:53:29 test_enemies 1 0.85 23.81 404751
10:53:31 test_enemies 1 0.86 23.80 404751
10:53:33 test_enemies 1 0.98 23.68 404751
10:53:35 test_enemies 1 1.31 23.35 404751
10:53:37 test_enemies 1 1.50 23.17 404751
10:53:39 test_enemies 1 1.73 22.94 404751
10:53:41 test_enemies 1 1.74 22.92 404751
10:53:43 test_enemies 1 1.74 22.93 404751
10:53:45 test_enemies 1 2.10 22.56 404751
10:53:47 test_enemies 1 2.35 22.32 404751
10:53:49 test_enemies 1 2.51 22.15 404751
10:53:51 test_enemies 1 2.54 22.12 404751
10:53:53 test_enemies 1 2.89 21.77 404751
10:53:55 test_enemies 1 2.98 21.68 404751
10:53:57 test_enemies 1 3.11 21.55 404751
10:53:59 test_enemies 1 3.42 21.25 404751
10:54:01 test_enemies 1 3.51 21.15 404751
10:54:03 test_enemies 1 3.53 21.13 404751
10:54:05 test_enemies 1 3.54 21.11 404751
10:54:07 test_enemies 1 3.63 21.03 404751
10:54:09 test_enemies 1 3.61 21.05 404751
10:54:11 test_enemies 1 3.68 20.98 404751
10:54:13 test_enemies 1 4.00 20.66 404751
10:54:15 test_enemies 1 4.04 20.61 404751
10:54:17 test_enemies 1 4.23 20.42 404751
10:54:19 test_enemies 1 4.29 20.37 404751
10:54:21 test_enemies 1 4.30 20.35 404751
10:54:23 test_enemies 1 4.30 20.35 404751
10:54:25 test_enemies 1 4.30 20.35 404751
10:54:27 test_enemies 1 4.30 20.36 404751
10:54:29 test_enemies 1 4.30 20.36 404751
10:54:31 test_enemies 1 4.30 20.36 404751
10:54:33 test_enemies 1 4.30 20.38 404751
10:54:35 test_enemies 1 4.30 20.37 404751
10:54:37 test_enemies 1 4.30 20.35 404751
10:54:39 test_enemies 1 4.30 20.36 404751
10:54:41 test_enemies 1 4.32 20.33 404751
10:54:43 test_enemies 1 4.33 20.33 404751
10:54:45 test_enemies 1 4.41 20.25 404751
10:54:47 test_enemies 1 4.55 20.10 404751
10:54:49 test_enemies 1 4.55 20.11 404751
10:54:51 test_enemies 1 4.78 19.88 404751
10:54:53 test_enemies 1 4.86 19.79 404751
10:54:55 test_enemies 1 5.00 19.66 404751
10:54:57 test_enemies 1 5.04 19.61 404751
10:54:59 test_enemies 1 5.31 19.35 404751
10:55:01 test_enemies 1 5.32 19.33 404751
10:55:03 test_enemies 1 5.54 19.11 404751
10:55:05 test_enemies 1 5.84 18.81 404751
10:55:07 test_enemies 1 6.09 18.56 404751
10:55:09 test_enemies 1 6.19 18.47 404751
10:55:11 test_enemies 1 6.19 18.47 404751
10:55:13 test_enemies 1 6.23 18.44 404751
10:55:15 test_enemies 1 6.29 18.36 404751
10:55:17 test_enemies 1 6.54 18.12 404751
10:55:19 test_enemies 1 6.55 18.11 404751
10:55:21 test_enemies 1 6.71 17.94 404751
10:55:23 test_enemies 1 6.77 17.88 404751
10:55:25 test_enemies 1 7.03 17.62 404751
10:55:27 test_enemies 1 7.04 17.62 404751
10:55:29 test_enemies 1 7.22 17.44 404751
10:55:31 test_enemies 1 7.23 17.42 404751
10:55:33 test_enemies 1 7.25 17.41 404751
10:55:35 test_enemies 1 7.24 17.41 404751
10:55:37 test_enemies 1 7.24 17.41 404751
10:55:39 test_enemies 1 7.24 17.41 404751
10:55:41 test_enemies 1 7.25 17.41 404751
10:55:43 test_enemies 1 7.24 17.41 404751
10:55:45 test_enemies 1 7.57 17.08 404751
10:55:47 test_enemies 1 7.68 16.96 404751
10:55:49 test_enemies 1 7.87 16.78 404751
10:55:51 test_enemies 1 7.86 16.79 404751
10:55:53 test_enemies 1 7.87 16.79 404751
10:55:55 test_enemies 1 7.88 16.78 404751
10:55:57 test_enemies 1 7.89 16.77 404751
10:55:59 test_enemies 1 7.88 16.77 404751
10:56:01 test_enemies 1 7.88 16.77 404751
10:56:03 test_enemies 1 7.89 16.77 404751
10:56:05 test_enemies 1 7.88 16.77 404751
10:56:07 test_enemies 1 8.17 16.47 404751
10:56:09 test_enemies 1 8.33 16.32 404751
10:56:12 test_enemies 1 8.51 16.15 404751
10:56:14 test_enemies 1 8.68 15.97 404751
10:56:16 test_enemies 1 8.79 15.85 404751
10:56:18 test_enemies 1 8.80 15.84 404751
10:56:20 test_enemies 1 8.81 15.84 404751
10:56:22 test_enemies 1 8.81 15.86 404841
10:56:24 test_enemies 1 8.81 15.84 404841
10:56:26 test_enemies 1 8.81 15.84 404841
10:56:28 test_enemies 1 8.81 15.84 404841
10:56:30 test_enemies 1 8.81 15.84 404841
10:56:32 test_enemies 1 8.89 15.75 404841
10:56:34 test_enemies 1 8.91 15.73 404841
10:56:36 test_enemies 1 8.92 15.73 404841
10:56:38 test_enemies 1 8.90 15.75 404841
10:56:40 test_enemies 1 8.91 15.74 404841
10:56:42 test_enemies 1 8.92 15.73 404841
10:56:44 test_enemies 1 8.91 15.74 404841
10:56:46 test_enemies 1 8.91 15.74 404841
10:56:48 test_enemies 1 8.92 15.73 404841
10:56:50 test_enemies 1 8.91 15.73 404841
10:56:52 test_enemies 1 8.91 15.73 404841
10:56:54 test_enemies 1 8.92 15.71 404841
10:56:56 test_enemies 1 8.91 15.73 404931
10:56:58 test_enemies 1 8.93 15.70 404931
10:57:00 test_enemies 1 8.94 15.69 404931
10:57:02 test_enemies 1 8.96 15.68 404931
10:57:04 test_enemies 1 8.96 15.67 404931
10:57:06 test_enemies 1 8.96 15.67 404931
10:57:08 test_enemies 1 8.96 15.67 404931
10:57:10 test_enemies 1 8.96 15.68 404931
10:57:12 test_enemies 1 8.96 15.67 404931
10:57:14 test_enemies 1 8.96 15.68 404931
10:57:16 test_enemies 1 8.96 15.67 404931
10:57:18 test_enemies 1 8.96 15.68 404931
10:57:20 test_enemies 1 8.96 15.67 404931
10:57:22 test_enemies 1 8.96 15.69 404931
10:57:24 test_enemies 1 8.96 15.67 404931
10:57:26 test_enemies 1 8.96 15.68 404931
10:57:28 test_enemies 1 9.00 15.64 405024
10:57:30 test_enemies 1 9.31 15.32 405024
10:57:32 test_enemies 1 9.33 15.30 405024
10:57:34 test_enemies 1 9.35 15.29 405024
10:57:36 test_enemies 1 9.36 15.27 405024
10:57:38 test_enemies 1 9.36 15.26 405024
10:57:40 test_enemies 1 9.36 15.27 405024
10:57:42 test_enemies 1 9.36 15.27 405024
10:57:44 test_enemies 1 9.36 15.26 405024
10:57:46 test_enemies 1 9.36 15.27 405024
10:57:48 test_enemies 1 9.36 15.27 405024
10:57:50 test_enemies 1 9.36 15.27 405024
10:57:52 test_enemies 1 9.36 15.27 405024
10:57:54 test_enemies 1 9.36 15.27 405024
10:57:56 test_enemies 1 9.36 15.27 405024
10:57:58 test_enemies 1 9.36 15.27 405024
10:58:00 test_enemies 1 9.36 15.26 405024
10:58:02 test_enemies 1 9.49 15.13 405024
10:58:04 test_enemies 1 9.56 15.06 405024
10:58:06 test_enemies 1 9.56 15.07 405115
10:58:08 test_enemies 1 9.56 15.06 405115
10:58:10 test_enemies 1 9.56 15.06 405115
10:58:12 test_enemies 1 9.56 15.06 405115
10:58:14 test_enemies 1 9.57 15.05 405115
10:58:16 test_enemies 1 9.58 15.04 405115
10:58:18 test_enemies 1 9.58 15.05 405115
10:58:20 test_enemies 1 9.58 15.04 405115
10:58:22 test_enemies 1 9.58 15.04 405115
10:58:24 test_enemies 1 9.58 15.04 405115
10:58:26 test_enemies 1 9.58 15.04 405115
10:58:28 test_enemies 1 9.58 15.05 405115
10:58:30 test_enemies 1 9.58 15.04 405115
10:58:32 test_enemies 1 9.58 15.04 405115
10:58:34 test_enemies 1 9.58 15.04 405115
10:58:36 test_enemies 1 9.58 15.04 405115
10:58:38 test_enemies 1 9.58 15.04 405115
10:58:40 test_enemies 1 9.58 15.04 405115
10:58:42 test_enemies 1 9.58 15.04 405205
10:58:44 test_enemies 1 9.58 15.04 405205
10:58:46 test_enemies 1 9.58 15.05 405205
10:58:48 test_enemies 1 9.58 15.04 405205
10:58:50 test_enemies 1 9.58 15.04 405205
10:58:52 test_enemies 1 9.58 15.03 405205
10:58:54 test_enemies 1 9.58 15.03 405205
10:58:56 test_enemies 1 9.58 15.03 405205
10:58:58 test_enemies 1 9.58 15.03 405205
10:59:00 test_enemies 1 9.58 15.04 405205
10:59:02 test_enemies 1 9.58 15.04 405205
10:59:04 test_enemies 1 9.58 15.03 405205
10:59:06 test_enemies 1 9.59 15.03 405205
10:59:08 test_enemies 1 9.59 15.02 405205
10:59:10 test_enemies 1 9.59 15.02 405205
10:59:12 test_enemies 1 9.59 15.03 405295
10:59:14 test_enemies 1 9.59 15.02 405295
10:59:16 test_enemies 1 9.59 15.03 405295
10:59:18 test_enemies 1 9.59 15.03 405295
10:59:20 test_enemies 1 9.66 14.95 405295
10:59:22 test_enemies 1 9.76 14.85 405295
10:59:24 test_enemies 1 9.78 14.84 405295
10:59:26 test_enemies 1 9.78 14.83 405295
10:59:28 test_enemies 1 9.78 14.83 405295
10:59:30 test_enemies 1 9.78 14.83 405295
10:59:32 test_enemies 1 9.78 14.82 405295
10:59:34 test_enemies 1 9.78 14.82 405295
10:59:36 test_enemies 1 9.78 14.82 405295
10:59:38 test_enemies 1 9.78 14.82 405295
10:59:40 test_enemies 1 9.78 14.82 405295
10:59:42 test_enemies 1 9.78 14.82 405295
10:59:44 test_enemies 1 9.81 14.78 405386
10:59:46 test_enemies 1 9.99 14.60 405386
10:59:48 test_enemies 1 10.01 14.58 405386
10:59:50 test_enemies 1 10.01 14.60 405386
10:59:52 test_enemies 1 10.01 14.58 405386
10:59:54 test_enemies 1 10.01 14.59 405386
10:59:56 test_enemies 1 10.01 14.59 405386
10:59:58 test_enemies 1 10.01 14.59 405386
11:00:00 test_enemies 1 10.01 14.59 405386
11:00:02 test_enemies 1 10.01 14.58 405386
11:00:04 test_enemies 1 10.01 14.59 405386
11:00:06 test_enemies 1 10.01 14.58 405386
11:00:08 test_enemies 1 10.01 14.59 405386
11:00:10 test_enemies 1 10.01 14.59 405386
11:00:12 test_enemies 1 10.01 14.59 405386
11:00:14 test_enemies 1 10.01 14.59 405386
11:00:16 test_enemies 1 10.01 14.60 405386
11:00:18 test_enemies 1 10.01 14.58 405386
11:00:20 test_enemies 1 10.02 14.59 405386
11:00:22 test_enemies 1 10.01 14.58 405386
11:00:24 test_enemies 1 10.01 14.58 405477
11:00:26 test_enemies 1 10.02 14.58 405477
11:00:28 test_enemies 1 10.02 14.59 405477
11:00:30 test_enemies 1 10.02 14.58 405477
11:00:32 test_enemies 1 10.07 14.52 405477
11:00:34 test_enemies 1 10.08 14.51 405477
11:00:36 test_enemies 1 10.08 14.50 405477
11:00:38 test_enemies 1 10.08 14.51 405477
11:00:40 test_enemies 1 10.08 14.51 405477
11:00:42 test_enemies 1 10.08 14.51 405477
11:00:44 test_enemies 1 10.08 14.51 405477
11:00:46 test_enemies 1 10.08 14.51 405477
11:00:48 test_enemies 1 10.08 14.51 405477
11:00:50 test_enemies 1 10.08 14.51 405477
11:00:52 test_enemies 1 10.08 14.51 405477
11:00:54 test_enemies 1 10.08 14.51 405477
11:00:56 test_enemies 1 10.08 14.50 405477
11:00:58 test_enemies 1 10.08 14.50 405477
11:01:00 test_enemies 1 10.16 14.43 405477
11:01:02 test_enemies 1 10.17 14.43 405477
11:01:04 test_enemies 1 10.18 14.41 405477
11:01:06 test_enemies 1 10.19 14.41 405477
11:01:08 test_enemies 1 10.21 14.39 405477
11:01:10 test_enemies 1 10.18 14.41 405477
11:01:12 test_enemies 1 10.18 14.40 405477
11:01:14 test_enemies 1 10.19 14.40 405477
11:01:16 test_enemies 1 10.20 14.40 405477
11:01:18 test_enemies 1 10.19 14.41 405477
11:01:20 test_enemies 1 10.19 14.41 405477
11:01:22 test_enemies 1 10.19 14.40 405477
11:01:24 test_enemies 1 10.20 14.41 405477
11:01:26 test_enemies 1 10.20 14.40 405477
11:01:28 test_enemies 1 10.20 14.41 405477
11:01:30 test_enemies 1 10.20 14.40 405477
11:01:32 test_enemies 1 10.20 14.39 405477
11:01:34 test_enemies 1 10.20 14.39 405477
11:01:36 test_enemies 1 10.20 14.39 405477
11:01:38 test_enemies 1 10.20 14.40 405477
11:01:40 test_enemies 1 10.20 14.40 405477
11:01:42 test_enemies 1 10.20 14.39 405477
11:01:44 test_enemies 1 10.20 14.39 405477
11:01:46 test_enemies 1 10.20 14.40 405477
11:01:48 test_enemies 1 10.20 14.39 405477
11:01:50 test_enemies 1 10.19 14.40 405477
11:01:52 test_enemies 1 10.19 14.40 405477
11:01:54 test_enemies 1 10.19 14.39 405477
11:01:56 test_enemies 1 10.20 14.39 405477
11:01:58 test_enemies 1 10.30 14.29 405477
11:02:00 test_enemies 1 10.43 14.16 405477
11:02:02 test_enemies 1 10.45 14.14 405477
11:02:04 test_enemies 1 10.46 14.13 405477
11:02:06 test_enemies 1 10.46 14.13 405477
11:02:08 test_enemies 1 10.74 13.85 405477
11:02:10 test_enemies 1 10.75 13.84 405477
11:02:12 test_enemies 1 10.76 13.83 405477
11:02:14 test_enemies 1 10.77 13.82 405477
11:02:16 test_enemies 1 10.76 13.83 405477
11:02:18 test_enemies 1 10.76 13.84 405477
11:02:20 test_enemies 1 10.76 13.83 405477
11:02:22 test_enemies 1 10.76 13.83 405477
11:02:24 test_enemies 1 10.76 13.82 405477
11:02:26 test_enemies 1 10.76 13.82 405477
11:02:28 test_enemies 1 10.76 13.84 405477
11:02:30 test_enemies 1 10.76 13.82 405477
11:02:32 test_enemies 1 10.76 13.83 405477
11:02:34 test_enemies 1 10.76 13.82 405477
11:02:36 test_enemies 1 10.76 13.83 405477
11:02:38 test_enemies 1 10.76 13.82 405477
11:02:40 test_enemies 1 10.76 13.82 405477
11:02:42 test_enemies 1 10.76 13.83 405477
11:02:44 test_enemies 1 10.76 13.83 405477
11:02:46 test_enemies 1 10.76 13.82 405477
11:02:48 test_enemies 1 10.76 13.84 405477
11:02:50 test_enemies 1 10.76 13.83 405477
11:02:52 test_enemies 1 10.76 13.83 405477
11:02:54 test_enemies 1 10.76 13.83 405477
11:02:56 test_enemies 1 10.76 13.83 405477
11:02:58 test_enemies 1 10.76 13.84 405477
11:03:00 test_enemies 1 10.76 13.83 405477
11:03:02 test_enemies 1 10.76 13.83 405477
11:03:04 test_enemies 1 10.76 13.82 405477
11:03:06 test_enemies 1 10.76 13.83 405477
11:03:08 test_enemies 1 10.76 13.83 405477
11:03:10 test_enemies 1 10.76 13.83 405477
11:03:12 test_enemies 1 10.76 13.83 405477
11:03:14 test_enemies 1 10.76 13.83 405477
11:03:16 test_enemies 1 10.76 13.83 405477
11:03:18 test_enemies 1 10.76 13.83 405477
11:03:20 test_enemies 1 10.76 13.83 405477
11:03:22 test_enemies 1 10.76 13.83 405477
11:03:24 test_enemies 1 10.76 13.83 405477
11:03:26 test_enemies 1 10.76 13.83 405477
11:03:28 test_enemies 1 10.76 13.83 405477
11:03:30 test_enemies 1 10.76 13.82 405477
11:03:32 test_enemies 1 10.76 13.82 405477
11:03:34 test_enemies 1 10.76 13.82 405477
11:03:36 test_enemies 1 10.76 13.83 405477
11:03:38 test_enemies 1 10.76 13.83 405477
11:03:40 test_enemies 1 10.76 13.84 405477
11:03:42 test_enemies 1 10.76 13.82 405477
11:03:44 test_enemies 1 10.76 13.82 405477
11:03:46 test_enemies 1 10.76 13.83 405477
11:03:48 test_enemies 1 10.98 13.60 405477
11:03:50 test_enemies 1 11.11 13.48 405477
11:03:52 test_enemies 1 11.20 13.38 405477
11:03:54 test_enemies 1 11.21 13.38 405477
11:03:56 test_enemies 1 11.22 13.37 405477
11:03:58 test_enemies 1 11.23 13.36 405477
11:04:00 test_enemies 1 11.23 13.36 405477
11:04:02 test_enemies 1 11.23 13.36 405477
11:04:04 test_enemies 1 11.23 13.36 405477
11:04:06 test_enemies 1 11.24 13.35 405477
11:04:08 test_enemies 1 11.24 13.34 405477
11:04:10 test_enemies 1 11.24 13.34 405477
11:04:12 test_enemies 1 11.24 13.35 405477
11:04:14 test_enemies 1 11.24 13.34 405477
11:04:17 test_enemies 1 11.24 13.34 405477
11:04:19 test_enemies 1 11.24 13.34 405477
11:04:21 test_enemies 1 11.24 13.34 405477
11:04:23 test_enemies 1 11.24 13.34 405477
11:04:25 test_enemies 1 11.24 13.35 405477
11:04:27 test_enemies 1 11.24 13.34 405477
11:04:29 test_enemies 1 11.24 13.34 405477
11:04:31 test_enemies 1 11.24 13.34 405477
11:04:33 test_enemies 1 11.24 13.34 405477
11:04:35 test_enemies 1 11.24 13.34 405477
11:04:37 test_enemies 1 11.24 13.34 405477
11:04:39 test_enemies 1 11.25 13.34 405477
11:04:41 test_enemies 1 11.25 13.34 405570
11:04:43 test_enemies 1 11.25 13.34 405570
11:04:45 test_enemies 1 11.25 13.34 405570
11:04:47 test_enemies 1 11.25 13.33 405570
11:04:49 test_enemies 1 11.25 13.34 405570
11:04:51 test_enemies 1 11.25 13.34 405570
11:04:53 test_enemies 1 11.25 13.33 405570
11:04:55 test_enemies 1 11.25 13.34 405570
11:04:57 test_enemies 1 11.25 13.33 405570
11:04:59 test_enemies 1 11.25 13.34 405570
11:05:01 test_enemies 1 11.25 13.34 405570
11:05:03 test_enemies 1 11.25 13.34 405570
11:05:05 test_enemies 1 11.25 13.34 405570
11:05:07 test_enemies 1 11.25 13.34 405570
11:05:09 test_enemies 1 11.25 13.33 405570
11:05:11 test_enemies 1 11.25 13.34 405570
11:05:13 test_enemies 1 11.25 13.34 405570
11:05:15 test_enemies 1 11.28 13.31 405570
11:05:17 test_enemies 1 11.34 13.25 405570
11:05:19 test_enemies 1 11.59 12.99 405655
11:05:21 test_enemies 1 11.59 13.00 405655
11:05:23 test_enemies 1 11.66 12.93 405655
11:05:25 test_enemies 1 11.80 12.79 405655
11:05:27 test_enemies 1 12.10 12.48 405655
11:05:29 test_enemies 1 12.20 12.39 405655
11:05:31 test_enemies 1 12.31 12.28 405655
11:05:33 test_enemies 1 12.67 11.91 405655
11:05:35 test_enemies 1 12.84 11.74 405655
11:05:37 test_enemies 1 12.86 11.73 405655
11:05:39 test_enemies 1 12.85 11.73 405655
11:05:41 test_enemies 1 12.85 11.73 405655
11:05:43 test_enemies 1 12.85 11.73 405655
11:05:45 test_enemies 1 12.85 11.74 405655
11:05:47 test_enemies 1 12.85 11.73 405655
11:05:49 test_enemies 1 12.85 11.73 405655
11:05:51 test_enemies 1 12.85 11.73 405655
11:05:53 test_enemies 1 12.85 11.73 405655
11:05:55 test_enemies 1 12.85 11.74 405655
11:05:57 test_enemies 1 12.85 11.73 405655
11:05:59 test_enemies 1 12.98 11.61 405655
11:06:01 test_enemies 1 13.08 11.50 405655
11:06:03 test_enemies 1 13.09 11.50 405655
11:06:05 test_enemies 1 13.10 11.49 405655
11:06:07 test_enemies 1 13.10 11.49 405655
11:06:09 test_enemies 1 13.10 11.49 405655
11:06:11 test_enemies 1 13.10 11.50 405655
11:06:13 test_enemies 1 13.10 11.48 405655
11:06:15 test_enemies 1 13.10 11.49 405734
11:06:17 test_enemies 1 13.10 11.48 405734
11:06:19 test_enemies 1 13.10 11.48 405734
11:06:21 test_enemies 1 13.10 11.49 405734
11:06:23 test_enemies 1 13.10 11.48 405734
11:06:25 test_enemies 1 13.10 11.48 405734
11:06:27 test_enemies 1 13.10 11.48 405734
11:06:29 test_enemies 1 13.10 11.48 405734
11:06:31 test_enemies 1 13.10 11.47 405734
11:06:33 test_enemies 1 13.10 11.48 405734
11:06:35 test_enemies 1 13.10 11.47 405734
11:06:37 test_enemies 1 13.10 11.48 405734
11:06:39 test_enemies 1 13.10 11.48 405734
11:06:41 test_enemies 1 13.10 11.47 405734
11:06:43 test_enemies 1 13.10 11.47 405734
11:06:45 test_enemies 1 13.10 11.48 405734
11:06:47 test_enemies 1 13.10 11.48 405734
11:06:49 test_enemies 1 13.10 11.48 405734
11:06:51 test_enemies 1 13.10 11.48 405734
11:06:53 test_enemies 1 13.10 11.48 405734
11:06:55 test_enemies 1 13.10 11.48 405734
11:06:57 test_enemies 1 13.10 11.48 405734
11:06:59 test_enemies 1 13.10 11.48 405734
11:07:01 test_enemies 1 13.10 11.48 405734
11:07:03 test_enemies 1 13.10 11.48 405734
11:07:05 test_enemies 1 13.14 11.45 405734
11:07:07 test_enemies 1 13.19 11.39 405734
11:07:09 test_enemies 1 13.17 11.41 405821
11:07:11 test_enemies 1 13.17 11.41 405821
11:07:13 test_enemies 1 13.17 11.41 405821
11:07:15 test_enemies 1 13.17 11.42 405821
11:07:17 test_enemies 1 13.17 11.41 405821
11:07:19 test_enemies 1 13.17 11.41 405821
11:07:21 test_enemies 1 13.17 11.40 405821
11:07:23 test_enemies 1 13.17 11.42 405821
11:07:25 test_enemies 1 13.17 11.41 405821
11:07:27 test_enemies 1 13.17 11.41 405821
11:07:29 test_enemies 1 13.17 11.41 405821
11:07:31 test_enemies 1 13.17 11.41 405821
11:07:33 test_enemies 1 13.17 11.41 405821
11:07:35 test_enemies 1 13.17 11.42 405821
11:07:37 test_enemies 1 13.17 11.41 405821
11:07:39 test_enemies 1 13.11 11.48 405821
11:07:41 test_enemies 1 13.11 11.48 405821
11:07:43 test_enemies 1 13.11 11.48 405908
11:07:45 test_enemies 1 13.11 11.48 405908
11:07:47 test_enemies 1 13.11 11.48 405908
11:07:49 test_enemies 1 13.11 11.47 405908
11:07:51 test_enemies 1 13.11 11.47 405908
11:07:53 test_enemies 1 13.11 11.48 405908
11:07:55 test_enemies 1 13.11 11.49 405908
11:07:57 test_enemies 1 13.11 11.48 405908
11:07:59 test_enemies 1 13.11 11.48 405908
11:08:01 test_enemies 1 13.11 11.47 405908
11:08:03 test_enemies 1 13.11 11.48 405908
11:08:05 test_enemies 1 13.11 11.48 405908
11:08:07 test_enemies 1 13.11 11.48 405908
11:08:09 test_enemies 1 13.11 11.48 405908
11:08:11 test_enemies 1 13.11 11.48 405908
11:08:13 test_enemies 1 13.18 11.41 405908
11:08:15 test_enemies 1 13.18 11.40 405986
11:08:17 test_enemies 1 13.18 11.41 405986
11:08:19 test_enemies 1 13.11 11.48 405986
11:08:21 test_enemies 1 13.11 11.48 405986
11:08:23 test_enemies 1 13.11 11.47 405986
11:08:25 test_enemies 1 13.11 11.47 405986
11:08:27 test_enemies 1 13.11 11.47 405986
11:08:29 test_enemies 1 13.11 11.47 405986
11:08:31 test_enemies 1 13.11 11.47 405986
11:08:33 test_enemies 1 13.11 11.46 405986
11:08:35 test_enemies 1 13.11 11.47 405986
11:08:37 test_enemies 1 13.11 11.48 405986
11:08:39 test_enemies 1 13.11 11.49 405986
11:08:41 test_enemies 1 13.11 11.47 405986
11:08:43 test_enemies 1 13.11 11.47 405986
11:08:45 test_enemies 1 13.11 11.46 405986
11:08:47 test_enemies 1 13.11 11.48 405986
11:08:49 test_enemies 1 13.11 11.47 405986
11:08:51 test_enemies 1 13.11 11.48 405986
11:08:53 test_enemies 1 13.11 11.47 405986
11:08:55 test_enemies 1 13.11 11.47 405986
11:08:57 test_enemies 1 13.11 11.47 406068
11:08:59 test_enemies 1 13.11 11.47 406068
11:09:01 test_enemies 1 13.11 11.47 406068
11:09:03 test_enemies 1 13.11 11.47 406068
11:09:05 test_enemies 1 13.11 11.47 406068
11:09:07 test_enemies 1 13.11 11.47 406068
11:09:09 test_enemies 1 13.11 11.47 406068
11:09:11 test_enemies 1 13.11 11.47 406068
11:09:13 test_enemies 1 13.11 11.47 406068
11:09:15 test_enemies 1 13.11 11.47 406068
11:09:17 test_enemies 1 13.20 11.39 406068
11:09:19 test_enemies 1 13.18 11.42 406068
11:09:21 test_enemies 1 13.18 11.41 406068
11:09:23 test_enemies 1 13.18 11.41 406068
11:09:25 test_enemies 1 13.18 11.41 406068
11:09:27 test_enemies 1 13.18 11.41 406068
11:09:29 test_enemies 1 13.18 11.40 406068
11:09:31 test_enemies 1 13.18 11.41 406068
11:09:33 test_enemies 1 13.18 11.41 406068
11:09:35 test_enemies 1 13.18 11.40 406068
11:09:37 test_enemies 1 13.18 11.40 406068
11:09:39 test_enemies 1 13.18 11.40 406068
11:09:41 test_enemies 1 13.18 11.41 406068
11:09:43 test_enemies 1 13.18 11.40 406068
11:09:45 test_enemies 1 13.18 11.40 406068
11:09:47 test_enemies 1 13.18 11.39 406068
11:09:49 test_enemies 1 13.18 11.41 406068
11:09:51 test_enemies 1 13.18 11.39 406068
11:09:53 test_enemies 1 13.12 11.47 406159
11:09:55 test_enemies 1 13.12 11.47 406159
11:09:57 test_enemies 1 13.12 11.47 406159
11:09:59 test_enemies 1 13.12 11.47 406159
11:10:01 test_enemies 1 13.12 11.47 406159
11:10:03 test_enemies 1 13.12 11.47 406159
11:10:05 test_enemies 1 13.12 11.47 406159
11:10:07 test_enemies 1 13.12 11.47 406159
11:10:09 test_enemies 1 13.12 11.47 406159
11:10:11 test_enemies 1 13.17 11.41 406159
11:10:13 test_enemies 1 13.18 11.40 406159
11:10:15 test_enemies 1 13.18 11.40 406159
11:10:17 test_enemies 1 13.18 11.40 406159
11:10:19 test_enemies 1 13.18 11.40 406159
11:10:21 test_enemies 1 13.18 11.40 406159
11:10:23 test_enemies 1 13.18 11.40 406159
11:10:25 test_enemies 1 13.18 11.41 406159
11:10:27 test_enemies 1 13.18 11.40 406159
11:10:29 test_enemies 1 13.18 11.40 406159
11:10:31 test_enemies 1 13.18 11.41 406159
11:10:33 test_enemies 1 13.18 11.41 406159
11:10:35 test_enemies 1 13.18 11.41 406159
11:10:37 test_enemies 1 13.18 11.41 406159
11:10:39 test_enemies 1 13.18 11.40 406159
11:10:41 test_enemies 1 13.18 11.40 406159
11:10:43 test_enemies 1 13.18 11.40 406159
11:10:45 test_enemies 1 13.18 11.40 406159
11:10:47 test_enemies 1 13.18 11.40 406259
11:10:49 test_enemies 1 13.18 11.40 406259
11:10:51 test_enemies 1 13.18 11.40 406259
11:10:53 test_enemies 1 13.18 11.40 406259
11:10:55 test_enemies 1 13.11 11.46 406259
11:10:57 test_enemies 1 13.11 11.46 406259
11:10:59 test_enemies 1 13.11 11.46 406259
11:11:01 test_enemies 1 13.11 11.46 406259
11:11:03 test_enemies 1 13.11 11.47 406259
11:11:05 test_enemies 1 13.11 11.47 406259
11:11:07 test_enemies 1 13.11 11.47 406259
11:11:09 test_enemies 1 13.11 11.47 406259
11:11:11 test_enemies 1 13.11 11.47 406259
11:11:13 test_enemies 1 13.11 11.47 406259
11:11:15 test_enemies 1 13.11 11.47 406259
11:11:17 test_enemies 1 13.20 11.38 406259
11:11:19 test_enemies 1 13.07 11.50 406379
11:11:21 test_enemies 1 13.07 11.50 406379
11:11:23 test_enemies 1 13.07 11.51 406379
11:11:25 test_enemies 1 13.07 11.51 406379
11:11:27 test_enemies 1 0.27 24.33 406380
11:11:29 test_enemies 1 0.27 24.33 406380
11:11:31 test_turn_seam 1 0.30 24.30 406401
11:11:33 test_turn_seam 1 0.30 24.29 406401
11:11:35 test_turn_seam 1 0.30 24.29 406401
11:11:37 test_turn_seam 1 0.30 24.30 406401
11:11:39 test_turn_seam 1 0.30 24.30 406401
11:11:41 test_turn_seam 1 0.30 24.30 406401
11:11:43 test_turn_seam 1 0.30 24.30 406401
11:11:45 test_turn_seam 1 0.35 24.25 406401
11:11:47 test_turn_seam 1 0.36 24.24 406401
11:11:49 test_turn_seam 1 0.37 24.24 406401
11:11:51 test_turn_seam 1 0.45 24.16 406401
11:11:53 test_turn_seam 1 0.48 24.13 406401
11:11:55 test_turn_seam 1 0.60 24.00 406401
11:11:57 test_turn_seam 1 0.71 23.89 406401
11:11:59 test_turn_seam 1 0.87 23.73 406401
11:12:01 test_turn_seam 1 1.04 23.57 406401
11:12:03 test_turn_seam 1 1.19 23.41 406401
11:12:05 test_turn_seam 1 1.19 23.41 406401
11:12:07 test_turn_seam 1 1.20 23.40 406401
11:12:09 test_turn_seam 1 1.59 23.01 406401
11:12:11 test_turn_seam 1 1.72 22.88 406401
11:12:13 test_turn_seam 1 2.00 22.59 406401
11:12:15 test_turn_seam 1 2.08 22.52 406401
11:12:17 test_turn_seam 1 2.08 22.52 406401
11:12:20 test_turn_seam 1 2.27 22.32 406401
11:12:22 test_turn_seam 1 2.54 22.05 406401
11:12:24 test_turn_seam 1 2.68 21.91 406401
11:12:26 test_turn_seam 1 2.93 21.66 406401
11:12:28 test_turn_seam 1 3.08 21.51 406401
11:12:30 test_turn_seam 1 3.25 21.34 406401
11:12:32 test_turn_seam 1 3.57 21.02 406401
11:12:34 test_turn_seam 1 3.57 21.02 406401
11:12:36 test_turn_seam 1 3.72 20.87 406401
11:12:38 test_turn_seam 1 3.99 20.61 406401
11:12:40 test_turn_seam 1 4.12 20.47 406401
11:12:42 test_turn_seam 1 4.23 20.36 406401
11:12:44 test_turn_seam 1 4.50 20.09 406401
11:12:46 test_turn_seam 1 4.51 20.08 406401
11:12:48 test_turn_seam 1 4.53 20.07 406401
11:12:50 test_turn_seam 1 4.52 20.07 406401
11:12:52 test_turn_seam 1 4.52 20.07 406401
11:12:54 test_turn_seam 1 4.67 19.92 406401
11:12:56 test_turn_seam 1 4.93 19.67 406401
11:12:58 test_turn_seam 1 4.98 19.61 406401
11:13:00 test_turn_seam 1 4.99 19.61 406401
11:13:02 test_turn_seam 1 5.01 19.59 406401
11:13:04 test_turn_seam 1 5.02 19.58 406401
11:13:06 test_turn_seam 1 5.02 19.58 406401
11:13:08 test_turn_seam 1 5.02 19.58 406401
11:13:10 test_turn_seam 1 5.02 19.58 406401
11:13:12 test_turn_seam 1 5.02 19.58 406401
11:13:14 test_turn_seam 1 5.02 19.58 406401
11:13:16 test_turn_seam 1 5.02 19.58 406401
11:13:18 test_turn_seam 1 5.02 19.58 406401
11:13:20 test_turn_seam 1 5.02 19.58 406401
11:13:22 test_turn_seam 1 5.19 19.41 406401
11:13:24 test_turn_seam 1 5.40 19.20 406401
11:13:26 test_turn_seam 1 5.41 19.19 406401
11:13:28 test_turn_seam 1 5.42 19.18 406401
11:13:30 test_turn_seam 1 5.43 19.17 406401
11:13:32 test_turn_seam 1 5.43 19.17 406401
11:13:34 test_turn_seam 1 5.43 19.17 406401
11:13:36 test_turn_seam 1 5.43 19.17 406401
11:13:38 test_turn_seam 1 5.43 19.17 406401
11:13:40 test_turn_seam 1 5.43 19.17 406401
11:13:42 test_turn_seam 1 5.43 19.17 406401
11:13:44 test_turn_seam 1 5.43 19.17 406401
11:13:46 test_turn_seam 1 5.43 19.17 406401
11:13:48 test_turn_seam 1 5.43 19.17 406401
11:13:50 test_turn_seam 1 5.43 19.17 406401
11:13:52 test_turn_seam 1 5.43 19.17 406401
11:13:54 test_turn_seam 1 5.43 19.17 406401
11:13:56 test_turn_seam 1 5.43 19.17 406401
11:13:58 test_turn_seam 1 5.43 19.17 406401
11:14:00 test_turn_seam 1 5.43 19.17 406401
11:14:02 test_turn_seam 1 5.43 19.17 406401
11:14:04 test_turn_seam 1 5.43 19.16 406401
11:14:06 test_turn_seam 1 5.43 19.16 406401
11:14:08 test_turn_seam 1 5.43 19.16 406401
11:14:10 test_turn_seam 1 5.43 19.16 406401
11:14:12 test_turn_seam 1 5.43 19.16 406401
11:14:14 test_turn_seam 1 5.43 19.16 406401
11:14:16 test_turn_seam 1 5.43 19.16 406401
11:14:18 test_turn_seam 1 5.43 19.16 406401
11:14:20 test_turn_seam 1 5.43 19.17 406401
11:14:22 test_turn_seam 2 5.62 19.04 406509
11:14:24 test_turn_seam 2 5.62 19.04 406509
11:14:26 test_turn_seam 2 5.62 19.04 406509
11:14:28 test_turn_seam 2 5.62 19.04 406509
11:14:30 test_turn_seam 2 5.62 19.03 406509
11:14:32 test_turn_seam 2 5.62 19.04 406509
11:14:34 test_turn_seam 2 5.62 19.03 406509
11:14:36 test_turn_seam 2 5.75 18.91 406509
11:14:38 test_turn_seam 2 5.75 18.91 406509
11:14:40 test_turn_seam 2 5.76 18.90 406509
11:14:42 test_turn_seam 2 5.85 18.81 406509
11:14:44 test_turn_seam 2 5.87 18.79 406509
11:14:46 test_turn_seam 2 6.00 18.66 406509
11:14:48 test_turn_seam 2 6.24 18.42 406509
11:14:50 test_turn_seam 2 6.27 18.39 406509
11:14:52 test_turn_seam 2 6.56 18.09 406509
11:14:54 test_turn_seam 2 6.59 18.07 406509
11:14:56 test_turn_seam 2 6.59 18.07 406509
11:14:58 test_turn_seam 2 6.71 17.94 406509
11:15:00 test_turn_seam 2 7.04 17.61 406509
11:15:02 test_turn_seam 2 7.28 17.38 406509
11:15:04 test_turn_seam 2 7.46 17.19 406509
11:15:06 test_turn_seam 2 7.47 17.19 406509
11:15:08 test_turn_seam 2 7.59 17.06 406509
11:15:10 test_turn_seam 2 7.75 16.91 406509
11:15:12 test_turn_seam 2 8.02 16.64 406509
11:15:14 test_turn_seam 2 8.24 16.42 406509
11:15:16 test_turn_seam 2 8.47 16.19 406509
11:15:18 test_turn_seam 2 8.55 16.10 406509
11:15:20 test_turn_seam 2 8.82 15.84 406509
11:15:22 test_turn_seam 2 8.97 15.68 406509
11:15:24 test_turn_seam 2 8.97 15.68 406509
11:15:26 test_turn_seam 2 9.28 15.38 406509
11:15:28 test_turn_seam 2 9.47 15.18 406509
11:15:30 test_turn_seam 2 9.62 15.03 406509
11:15:32 test_turn_seam 2 9.79 14.87 406509
11:15:34 test_turn_seam 2 9.90 14.76 406509
11:15:36 test_turn_seam 2 9.91 14.74 406509
11:15:38 test_turn_seam 2 9.92 14.73 406509
11:15:40 test_turn_seam 2 9.92 14.74 406509
11:15:42 test_turn_seam 2 9.92 14.74 406509
11:15:44 test_turn_seam 2 10.14 14.51 406509
11:15:46 test_turn_seam 2 10.34 14.31 406509
11:15:48 test_turn_seam 2 10.38 14.28 406509
11:15:50 test_turn_seam 2 10.39 14.26 406509
11:15:52 test_turn_seam 2 10.41 14.25 406509
11:15:54 test_turn_seam 2 10.41 14.24 406509
11:15:56 test_turn_seam 2 10.41 14.25 406509
11:15:58 test_turn_seam 2 10.41 14.25 406509
11:16:00 test_turn_seam 2 10.41 14.24 406509
11:16:02 test_turn_seam 2 10.41 14.24 406509
11:16:04 test_turn_seam 2 10.41 14.24 406509
11:16:06 test_turn_seam 2 10.42 14.24 406509
11:16:08 test_turn_seam 2 10.42 14.24 406509
11:16:10 test_turn_seam 2 10.46 14.19 406509
11:16:12 test_turn_seam 2 10.77 13.89 406509
11:16:14 test_turn_seam 2 10.80 13.86 406509
11:16:16 test_turn_seam 2 10.81 13.85 406509
11:16:18 test_turn_seam 2 10.82 13.83 406509
11:16:20 test_turn_seam 2 10.82 13.83 406509
11:16:22 test_turn_seam 2 10.82 13.83 406509
11:16:24 test_turn_seam 2 10.82 13.83 406509
11:16:26 test_turn_seam 2 10.83 13.82 406509
11:16:28 test_turn_seam 2 10.83 13.82 406509
11:16:30 test_turn_seam 2 10.83 13.82 406509
11:16:32 test_turn_seam 2 10.83 13.82 406509
11:16:34 test_turn_seam 2 10.83 13.81 406509
11:16:36 test_turn_seam 2 10.83 13.81 406509
11:16:38 test_turn_seam 2 10.83 13.82 406509
11:16:40 test_turn_seam 2 10.83 13.83 406509
11:16:42 test_turn_seam 2 10.83 13.83 406509
11:16:44 test_turn_seam 2 10.83 13.83 406509
11:16:46 test_turn_seam 2 10.83 13.83 406509
11:16:48 test_turn_seam 2 10.83 13.82 406509
11:16:50 test_turn_seam 2 10.83 13.84 406509
11:16:52 test_turn_seam 2 10.83 13.82 406509
11:16:54 test_turn_seam 2 10.83 13.82 406509
11:16:56 test_turn_seam 2 10.83 13.82 406509
11:16:58 test_turn_seam 2 10.83 13.83 406509
11:17:00 test_turn_seam 2 5.61 19.06 406509
11:17:02 test_turn_seam 2 5.62 19.04 406509
11:17:04 test_turn_seam 2 5.62 19.04 406509
11:17:06 test_turn_seam 2 5.62 19.04 406509
11:17:08 test_turn_seam 2 5.62 19.04 406509
11:17:10 test_turn_seam 2 5.62 19.04 406509
11:17:12 test_turn_seam 2 5.62 19.04 406509
11:17:14 test_turn_seam 2 5.64 19.02 406509
11:17:16 test_turn_seam 2 5.75 18.91 406509
11:17:18 test_turn_seam 2 5.75 18.91 406509
11:17:20 test_turn_seam 2 5.76 18.90 406509
11:17:22 test_turn_seam 2 5.85 18.82 406509
11:17:24 test_turn_seam 2 5.87 18.79 406509
11:17:26 test_turn_seam 2 6.00 18.67 406509
11:17:28 test_turn_seam 2 6.23 18.43 406509
11:17:30 test_turn_seam 2 6.26 18.40 406509
11:17:32 test_turn_seam 2 6.56 18.10 406509
11:17:34 test_turn_seam 2 6.59 18.08 406509
11:17:36 test_turn_seam 2 6.59 18.08 406509
11:17:38 test_turn_seam 2 6.78 17.88 406509
11:17:40 test_turn_seam 2 7.04 17.62 406509
11:17:42 test_turn_seam 2 7.30 17.36 406509
11:17:44 test_turn_seam 2 7.46 17.20 406509
11:17:46 test_turn_seam 2 7.47 17.19 406509
11:17:48 test_turn_seam 2 7.59 17.07 406509
11:17:50 test_turn_seam 2 7.74 16.92 406509
11:17:52 test_turn_seam 2 8.02 16.64 406509
11:17:54 test_turn_seam 2 8.21 16.45 406509
11:17:56 test_turn_seam 2 8.45 16.21 406509
11:17:58 test_turn_seam 2 8.47 16.19 406509
11:18:00 test_turn_seam 2 8.75 15.90 406509
11:18:02 test_turn_seam 2 8.97 15.69 406509
11:18:04 test_turn_seam 2 8.97 15.69 406509
11:18:06 test_turn_seam 2 9.23 15.42 406509
11:18:08 test_turn_seam 2 9.44 15.22 406509
11:18:10 test_turn_seam 2 9.62 15.03 406509
11:18:12 test_turn_seam 2 9.79 14.88 406509
11:18:14 test_turn_seam 2 9.90 14.76 406509
11:18:16 test_turn_seam 2 9.91 14.74 406509
11:18:18 test_turn_seam 2 9.92 14.74 406509
11:18:20 test_turn_seam 2 9.92 14.74 406509
11:18:22 test_turn_seam 2 9.92 14.74 406509
11:18:24 test_turn_seam 2 10.15 14.51 406509
11:18:26 test_turn_seam 2 10.34 14.31 406509
11:18:28 test_turn_seam 2 10.38 14.28 406509
11:18:30 test_turn_seam 2 10.39 14.26 406509
11:18:32 test_turn_seam 2 10.41 14.26 406509
11:18:34 test_turn_seam 2 10.41 14.25 406509
11:18:36 test_turn_seam 2 10.41 14.24 406509
11:18:38 test_turn_seam 2 10.41 14.24 406509
11:18:40 test_turn_seam 2 10.41 14.24 406509
11:18:42 test_turn_seam 2 10.41 14.24 406509
11:18:44 test_turn_seam 2 10.41 14.24 406509
11:18:46 test_turn_seam 2 10.42 14.24 406509
11:18:48 test_turn_seam 2 10.42 14.24 406509
11:18:50 test_turn_seam 2 10.46 14.19 406509
11:18:52 test_turn_seam 2 10.77 13.88 406509
11:18:54 test_turn_seam 2 10.80 13.85 406509
11:18:56 test_turn_seam 2 10.81 13.84 406509
11:18:58 test_turn_seam 2 10.82 13.83 406509
11:19:00 test_turn_seam 2 10.82 13.83 406509
11:19:02 test_turn_seam 2 10.82 13.83 406509
11:19:04 test_turn_seam 2 10.83 13.83 406509
11:19:06 test_turn_seam 2 10.83 13.82 406509
11:19:08 test_turn_seam 2 10.83 13.82 406509
11:19:10 test_turn_seam 2 10.83 13.82 406509
11:19:12 test_turn_seam 2 10.83 13.83 406509
11:19:14 test_turn_seam 2 10.83 13.83 406509
11:19:16 test_turn_seam 2 10.83 13.83 406509
11:19:18 test_turn_seam 2 10.83 13.83 406509
11:19:20 test_turn_seam 2 10.83 13.83 406509
11:19:22 test_turn_seam 2 10.83 13.83 406509
11:19:24 test_turn_seam 2 10.83 13.82 406509
11:19:26 test_turn_seam 2 10.83 13.83 406509
11:19:28 test_turn_seam 2 10.83 13.82 406509
11:19:30 test_turn_seam 2 10.83 13.83 406509
11:19:32 test_turn_seam 2 10.83 13.82 406509
11:19:34 test_turn_seam 2 10.83 13.82 406509
11:19:36 test_turn_seam 2 10.83 13.83 406509
11:19:38 test_turn_seam 2 10.79 13.86 406509
11:19:40 test_turn_seam 1 5.40 19.20 406613
11:19:42 test_turn_seam 1 0.00 22.02 406613
11:19:44 test_turn_seam 1 0.27 24.35 406614
11:19:46 test_turn_seam 1 0.27 24.35 406614
11:19:48 test_strike_record 1 0.30 24.31 406639
11:19:50 test_strike_record 1 0.30 24.31 406639
11:19:52 test_strike_record 1 0.30 24.32 406639
11:19:54 test_strike_record 1 0.30 24.31 406639
11:19:56 test_strike_record 1 0.30 24.31 406639
11:19:58 test_strike_record 1 0.30 24.31 406639
11:20:00 test_strike_record 1 0.30 24.31 406639
11:20:02 test_strike_record 1 0.36 24.26 406639
11:20:04 test_strike_record 1 0.36 24.26 406639
11:20:06 test_strike_record 1 0.36 24.25 406639
11:20:08 test_strike_record 1 0.45 24.16 406639
11:20:10 test_strike_record 1 0.48 24.14 406639
11:20:12 test_strike_record 1 0.60 24.01 406639
11:20:14 test_strike_record 1 0.72 23.88 406639
11:20:16 test_strike_record 1 0.87 23.75 406639
11:20:18 test_strike_record 1 1.03 23.58 406639
11:20:20 test_strike_record 1 1.19 23.42 406639
11:20:22 test_strike_record 1 1.19 23.42 406639
11:20:24 test_strike_record 1 1.20 23.41 406639
11:20:26 test_strike_record 1 1.63 22.98 406639
11:20:28 test_strike_record 1 1.77 22.84 406639
11:20:31 test_strike_record 1 2.01 22.59 406639
11:20:33 test_strike_record 1 2.07 22.53 406639
11:20:35 test_strike_record 1 2.07 22.53 406639
11:20:37 test_strike_record 1 2.27 22.34 406639
11:20:39 test_strike_record 1 2.54 22.06 406639
11:20:41 test_strike_record 1 2.68 21.92 406639
11:20:43 test_strike_record 1 2.93 21.67 406639
11:20:45 test_strike_record 1 3.07 21.53 406639
11:20:47 test_strike_record 1 3.25 21.35 406639
11:20:49 test_strike_record 1 3.57 21.04 406639
11:20:51 test_strike_record 1 3.57 21.03 406639
11:20:53 test_strike_record 1 3.73 20.87 406639
11:20:55 test_strike_record 1 3.99 20.61 406639
11:20:57 test_strike_record 1 4.12 20.49 406639
11:20:59 test_strike_record 1 4.23 20.38 406639
11:21:01 test_strike_record 1 4.50 20.11 406639
11:21:03 test_strike_record 1 4.51 20.09 406639
11:21:05 test_strike_record 1 4.53 20.08 406639
11:21:07 test_strike_record 1 4.52 20.07 406639
11:21:09 test_strike_record 1 4.52 20.08 406639
11:21:11 test_strike_record 1 4.64 19.96 406639
11:21:13 test_strike_record 1 4.85 19.74 406639
11:21:15 test_strike_record 1 4.98 19.62 406639
11:21:17 test_strike_record 1 4.99 19.61 406639
11:21:19 test_strike_record 1 5.00 19.60 406639
11:21:21 test_strike_record 1 5.01 19.59 406639
11:21:23 test_strike_record 1 5.01 19.59 406639
11:21:25 test_strike_record 1 5.01 19.58 406639
11:21:27 test_strike_record 1 5.01 19.58 406639
11:21:29 test_strike_record 1 5.02 19.58 406639
11:21:31 test_strike_record 1 5.02 19.58 406639
11:21:33 test_strike_record 1 5.02 19.58 406639
11:21:35 test_strike_record 1 5.02 19.57 406639
11:21:37 test_strike_record 1 5.02 19.58 406639
11:21:39 test_strike_record 1 5.07 19.53 406639
11:21:41 test_strike_record 1 5.38 19.23 406639
11:21:43 test_strike_record 1 5.41 19.19 406639
11:21:45 test_strike_record 1 5.42 19.18 406639
11:21:47 test_strike_record 1 5.43 19.17 406639
11:21:49 test_strike_record 1 5.43 19.17 406639
11:21:51 test_strike_record 1 5.43 19.17 406639
11:21:53 test_strike_record 1 5.43 19.17 406639
11:21:55 test_strike_record 1 5.43 19.17 406639
11:21:57 test_strike_record 1 5.43 19.17 406639
11:21:59 test_strike_record 1 5.43 19.17 406639
11:22:01 test_strike_record 1 5.43 19.17 406639
11:22:03 test_strike_record 1 5.43 19.17 406639
11:22:05 test_strike_record 1 5.43 19.16 406639
11:22:07 test_strike_record 1 5.43 19.16 406639
11:22:09 test_strike_record 1 5.43 19.17 406639
11:22:11 test_strike_record 1 5.43 19.17 406639
11:22:13 test_strike_record 1 5.43 19.16 406639
11:22:15 test_strike_record 1 5.43 19.17 406639
11:22:17 test_strike_record 1 5.43 19.16 406639
11:22:19 test_strike_record 1 5.43 19.16 406639
11:22:21 test_strike_record 1 5.43 19.16 406639
11:22:23 test_strike_record 1 5.43 19.16 406639
11:22:25 test_strike_record 1 5.43 19.17 406639
11:22:27 test_strike_record 1 5.43 19.17 406639
11:22:29 test_strike_record 1 5.43 19.16 406639
11:22:31 test_strike_record 1 5.43 19.17 406639
11:22:33 test_strike_record 1 5.43 19.17 406639
11:22:35 test_strike_record 1 5.43 19.17 406639
11:22:37 test_strike_record 1 5.43 19.17 406639
11:22:39 test_strike_record 1 5.43 19.16 406639
11:22:41 test_strike_record 1 5.43 19.17 406639
11:22:43 test_strike_record 1 5.43 19.17 406639
11:22:45 test_strike_record 1 5.43 19.17 406639
11:22:47 test_strike_record 1 5.43 19.17 406639
11:22:49 test_strike_record 1 5.43 19.17 406639
11:22:51 test_strike_record 1 5.43 19.16 406639
11:22:53 test_strike_record 1 5.43 19.16 406639
11:22:55 test_strike_record 1 5.43 19.17 406639
11:22:57 test_strike_record 1 5.43 19.16 406729
11:22:59 test_strike_record 1 5.43 19.17 406729
11:23:01 test_strike_record 1 5.43 19.16 406729
11:23:03 test_strike_record 1 5.43 19.16 406729
11:23:05 test_strike_record 1 5.42 19.17 406771
11:23:07 test_strike_record 0 0.00 24.54 406771
11:23:09 test_strike_record 1 0.27 24.34 406772
11:23:11 test_strike_record 1 0.30 24.30 406772
11:23:13 test_attack_clips 1 0.30 24.30 406796
11:23:15 test_attack_clips 1 0.30 24.31 406796
11:23:17 test_attack_clips 1 0.30 24.30 406796
11:23:19 test_attack_clips 1 0.30 24.30 406796
11:23:21 test_attack_clips 1 0.30 24.30 406796
11:23:23 test_attack_clips 1 0.30 24.31 406796
11:23:25 test_attack_clips 1 0.30 24.30 406796
11:23:27 test_attack_clips 1 0.36 24.25 406796
11:23:29 test_attack_clips 1 0.36 24.25 406796
11:23:31 test_attack_clips 1 0.36 24.24 406796
11:23:33 test_attack_clips 1 0.45 24.16 406796
11:23:35 test_attack_clips 1 0.48 24.13 406796
11:23:37 test_attack_clips 1 0.60 24.01 406796
11:23:39 test_attack_clips 1 0.82 23.79 406796
11:23:41 test_attack_clips 1 0.87 23.74 406796
11:23:43 test_attack_clips 1 1.13 23.48 406796
11:23:45 test_attack_clips 1 1.19 23.42 406796
11:23:47 test_attack_clips 1 1.19 23.42 406796
11:23:49 test_attack_clips 1 1.26 23.35 406796
11:23:51 test_attack_clips 1 1.64 22.96 406796
11:23:53 test_attack_clips 1 1.80 22.81 406796
11:23:55 test_attack_clips 1 2.07 22.54 406796
11:23:57 test_attack_clips 1 2.07 22.53 406796
11:23:59 test_attack_clips 1 2.09 22.51 406796
11:24:01 test_attack_clips 1 2.35 22.25 406796
11:24:03 test_attack_clips 1 2.60 22.00 406796
11:24:05 test_attack_clips 1 2.74 21.86 406796
11:24:07 test_attack_clips 1 2.98 21.62 406796
11:24:09 test_attack_clips 1 3.07 21.53 406796
11:24:11 test_attack_clips 1 3.29 21.31 406796
11:24:13 test_attack_clips 1 3.57 21.03 406796
11:24:15 test_attack_clips 1 3.57 21.03 406796
11:24:17 test_attack_clips 1 3.84 20.76 406796
11:24:19 test_attack_clips 1 4.04 20.55 406796
11:24:21 test_attack_clips 1 4.20 20.39 406796
11:24:23 test_attack_clips 1 4.24 20.35 406796
11:24:25 test_attack_clips 1 4.50 20.10 406796
11:24:27 test_attack_clips 1 4.51 20.08 406796
11:24:29 test_attack_clips 1 4.52 20.08 406796
11:24:31 test_attack_clips 1 4.52 20.08 406796
11:24:33 test_attack_clips 1 4.52 20.08 406796
11:24:35 test_attack_clips 1 4.67 19.93 406796
11:24:37 test_attack_clips 1 4.93 19.67 406796
11:24:39 test_attack_clips 1 4.98 19.61 406796
11:24:41 test_attack_clips 1 4.99 19.60 406796
11:24:43 test_attack_clips 1 5.00 19.59 406796
11:24:45 test_attack_clips 1 5.01 19.58 406796
11:24:47 test_attack_clips 1 5.01 19.58 406796
11:24:49 test_attack_clips 1 5.01 19.58 406796
11:24:51 test_attack_clips 1 5.02 19.58 406796
11:24:53 test_attack_clips 1 5.02 19.58 406796
11:24:55 test_attack_clips 1 5.02 19.58 406796
11:24:57 test_attack_clips 1 5.02 19.57 406796
11:24:59 test_attack_clips 1 5.02 19.57 406796
11:25:01 test_attack_clips 1 5.02 19.57 406796
11:25:03 test_attack_clips 1 5.14 19.45 406796
11:25:05 test_attack_clips 1 5.40 19.19 406796
11:25:07 test_attack_clips 1 5.41 19.19 406796
11:25:09 test_attack_clips 1 5.42 19.18 406796
11:25:11 test_attack_clips 1 5.43 19.17 406796
11:25:13 test_attack_clips 1 5.43 19.16 406796
11:25:15 test_attack_clips 1 5.43 19.17 406796
11:25:17 test_attack_clips 1 5.43 19.16 406796
11:25:19 test_attack_clips 1 5.43 19.16 406796
11:25:21 test_attack_clips 1 5.43 19.16 406796
11:25:23 test_attack_clips 1 5.43 19.16 406796
11:25:25 test_attack_clips 1 5.43 19.16 406796
11:25:27 test_attack_clips 1 5.43 19.16 406796
11:25:29 test_attack_clips 1 5.42 19.17 406839
11:25:31 test_attack_clips 0 0.00 24.54 406839
11:25:33 test_attack_clips 1 0.27 24.33 406840
11:25:35 test_weapon_patterns 1 0.30 24.29 406867
11:25:37 test_weapon_patterns 1 0.30 24.30 406867
11:25:39 test_weapon_patterns 1 0.30 24.30 406867
11:25:41 test_weapon_patterns 1 0.30 24.30 406867
11:25:43 test_weapon_patterns 1 0.30 24.29 406867
11:25:45 test_weapon_patterns 1 0.30 24.30 406867
11:25:47 test_weapon_patterns 1 0.30 24.30 406867
11:25:49 test_weapon_patterns 1 0.30 24.30 406867
11:25:51 test_weapon_patterns 1 0.36 24.25 406867
11:25:53 test_weapon_patterns 1 0.36 24.24 406867
11:25:55 test_weapon_patterns 1 0.36 24.24 406867
11:25:57 test_weapon_patterns 1 0.45 24.16 406867
11:25:59 test_weapon_patterns 1 0.48 24.13 406867
11:26:01 test_weapon_patterns 1 0.60 24.01 406867
11:26:03 test_weapon_patterns 1 0.85 23.75 406867
11:26:05 test_weapon_patterns 1 0.87 23.74 406867
11:26:07 test_weapon_patterns 1 1.18 23.43 406867
11:26:09 test_weapon_patterns 1 1.19 23.41 406867
11:26:11 test_weapon_patterns 1 1.19 23.42 406867
11:26:13 test_weapon_patterns 1 1.32 23.29 406867
11:26:15 test_weapon_patterns 1 1.65 22.96 406867
11:26:17 test_weapon_patterns 1 1.80 22.81 406867
11:26:19 test_weapon_patterns 1 2.07 22.54 406867
11:26:21 test_weapon_patterns 1 2.07 22.53 406867
11:26:23 test_weapon_patterns 1 2.07 22.53 406867
11:26:25 test_weapon_patterns 1 2.33 22.28 406867
11:26:27 test_weapon_patterns 1 2.54 22.06 406867
11:26:29 test_weapon_patterns 1 2.73 21.87 406867
11:26:31 test_weapon_patterns 1 2.93 21.67 406867
11:26:33 test_weapon_patterns 1 3.07 21.53 406867
11:26:35 test_weapon_patterns 1 3.25 21.35 406867
11:26:37 test_weapon_patterns 1 3.57 21.04 406867
11:26:39 test_weapon_patterns 1 3.57 21.02 406867
11:26:41 test_weapon_patterns 1 3.72 20.87 406867
11:26:43 test_weapon_patterns 1 3.99 20.61 406867
11:26:45 test_weapon_patterns 1 4.12 20.48 406867
11:26:47 test_weapon_patterns 1 4.23 20.37 406867
11:26:49 test_weapon_patterns 1 4.49 20.10 406867
11:26:51 test_weapon_patterns 1 4.51 20.09 406867
11:26:53 test_weapon_patterns 1 4.52 20.07 406867
11:26:55 test_weapon_patterns 1 4.52 20.08 406867
11:26:57 test_weapon_patterns 1 4.52 20.08 406867
11:26:59 test_weapon_patterns 1 4.66 19.93 406867
11:27:01 test_weapon_patterns 1 4.88 19.71 406867
11:27:03 test_weapon_patterns 1 4.98 19.61 406867
11:27:05 test_weapon_patterns 1 4.99 19.60 406867
11:27:07 test_weapon_patterns 1 5.00 19.59 406867
11:27:09 test_weapon_patterns 1 5.01 19.58 406867
11:27:11 test_weapon_patterns 1 5.01 19.58 406867
11:27:13 test_weapon_patterns 1 5.01 19.58 406867
11:27:15 test_weapon_patterns 1 5.01 19.58 406867
11:27:17 test_weapon_patterns 1 5.02 19.58 406867
11:27:19 test_weapon_patterns 1 5.02 19.58 406867
11:27:21 test_weapon_patterns 1 5.02 19.58 406867
11:27:23 test_weapon_patterns 1 5.02 19.57 406867
11:27:25 test_weapon_patterns 1 5.02 19.57 406867
11:27:27 test_weapon_patterns 1 5.07 19.53 406867
11:27:29 test_weapon_patterns 1 5.38 19.22 406867
11:27:31 test_weapon_patterns 1 5.40 19.19 406867
11:27:33 test_weapon_patterns 1 5.42 19.18 406867
11:27:35 test_weapon_patterns 1 5.43 19.16 406867
11:27:37 test_weapon_patterns 1 5.43 19.16 406867
11:27:39 test_weapon_patterns 1 5.43 19.17 406867
11:27:41 test_weapon_patterns 1 5.43 19.16 406867
11:27:43 test_weapon_patterns 1 5.43 19.16 406867
11:27:45 test_weapon_patterns 1 5.43 19.16 406867
11:27:47 test_weapon_patterns 1 5.43 19.16 406867
11:27:49 test_weapon_patterns 1 5.43 19.16 406867
11:27:51 test_weapon_patterns 1 5.43 19.16 406867
11:27:53 test_weapon_patterns 1 5.41 19.18 406911
11:27:55 test_weapon_patterns 0 0.00 24.54 406911
11:27:57 test_weapon_patterns 1 0.28 24.33 406912
11:27:59 test_flights 1 0.31 24.29 406931
11:28:01 test_flights 1 0.31 24.30 406931
11:28:03 test_flights 1 0.31 24.29 406931
11:28:05 test_flights 1 0.31 24.29 406931
11:28:07 test_flights 1 0.31 24.30 406931
11:28:09 test_flights 1 0.31 24.29 406931
11:28:11 test_flights 1 0.31 24.30 406931
11:28:13 test_flights 1 0.36 24.25 406931
11:28:15 test_flights 1 0.36 24.25 406931
11:28:17 test_flights 1 0.37 24.24 406931
11:28:19 test_flights 1 0.43 24.18 406931
11:28:21 test_flights 1 0.48 24.12 406931
11:28:23 test_flights 1 0.58 24.02 406931
11:28:25 test_flights 1 0.68 23.93 406931
11:28:27 test_flights 1 0.87 23.73 406931
11:28:29 test_flights 1 0.87 23.73 406931
11:28:31 test_flights 1 1.20 23.41 406931
11:28:33 test_flights 1 1.20 23.40 406931
11:28:35 test_flights 1 1.21 23.40 406931
11:28:38 test_flights 1 1.53 23.07 406931
11:28:40 test_flights 1 1.68 22.92 406931
11:28:42 test_flights 1 2.00 22.61 406931
11:28:44 test_flights 1 2.08 22.52 406931
11:28:46 test_flights 1 2.08 22.52 406931
11:28:48 test_flights 1 2.25 22.35 406931
11:28:50 test_flights 1 2.51 22.09 406931
11:28:52 test_flights 1 2.68 21.92 406931
11:28:54 test_flights 1 2.92 21.68 406931
11:28:56 test_flights 1 3.08 21.52 406931
11:28:58 test_flights 1 3.23 21.37 406931
11:29:00 test_flights 1 3.57 21.03 406931
11:29:02 test_flights 1 3.58 21.02 406931
11:29:04 test_flights 1 3.63 20.96 406931
11:29:06 test_flights 1 3.99 20.61 406931
11:29:08 test_flights 1 4.12 20.48 406931
11:29:10 test_flights 1 4.23 20.36 406931
11:29:12 test_flights 1 4.50 20.09 406931
11:29:14 test_flights 1 4.52 20.08 406931
11:29:16 test_flights 1 4.53 20.06 406931
11:29:18 test_flights 1 4.53 20.07 406931
11:29:20 test_flights 1 4.53 20.07 406931
11:29:22 test_flights 1 4.68 19.91 406931
11:29:24 test_flights 1 4.93 19.66 406931
11:29:26 test_flights 1 4.98 19.61 406931
11:29:28 test_flights 1 4.99 19.60 406931
11:29:30 test_flights 1 5.01 19.58 406931
11:29:32 test_flights 1 5.02 19.57 406931
11:29:34 test_flights 1 5.02 19.57 406931
11:29:36 test_flights 1 5.02 19.57 406931
11:29:38 test_flights 1 5.02 19.58 406931
11:29:40 test_flights 1 5.02 19.57 406931
11:29:42 test_flights 1 5.02 19.57 406931
11:29:44 test_flights 1 5.02 19.58 406931
11:29:46 test_flights 1 5.03 19.57 406931
11:29:48 test_flights 1 5.03 19.57 406931
11:29:50 test_flights 1 5.13 19.46 406931
11:29:52 test_flights 1 5.41 19.18 406931
11:29:54 test_flights 1 5.41 19.18 406931
11:29:56 test_flights 1 5.43 19.17 406931
11:29:58 test_flights 1 5.43 19.16 406931
11:30:00 test_flights 1 5.43 19.16 406931
11:30:02 test_flights 1 5.43 19.16 406931
11:30:04 test_flights 1 5.44 19.15 406931
11:30:06 test_flights 1 5.44 19.15 406931
11:30:08 test_flights 1 5.44 19.15 406931
11:30:10 test_flights 1 5.44 19.15 406931
11:30:12 test_flights 1 5.44 19.15 407008
11:30:14 test_flights 1 5.44 19.16 407008
11:30:16 test_flights 1 5.44 19.16 407008
11:30:18 test_flights 1 5.44 19.16 407008
11:30:20 test_flights 1 5.65 18.94 407008
11:30:22 test_flights 1 5.67 18.92 407008
11:30:24 test_flights 1 5.68 18.91 407008
11:30:26 test_flights 1 5.68 18.91 407008
11:30:28 test_flights 1 5.78 18.81 407008
11:30:30 test_flights 1 5.76 18.83 407008
11:30:32 test_flights 1 5.76 18.83 407008
11:30:34 test_flights 1 5.76 18.84 407008
11:30:36 test_flights 2 5.99 18.66 407008
11:30:38 test_flights 2 5.99 18.66 407008
11:30:40 test_flights 2 5.99 18.67 407008
11:30:42 test_flights 2 5.99 18.66 407008
11:30:44 test_flights 2 5.99 18.66 407008
11:30:46 test_flights 2 5.99 18.66 407008
11:30:48 test_flights 2 5.99 18.67 407008
11:30:50 test_flights 2 6.00 18.66 407008
11:30:52 test_flights 2 6.00 18.66 407008
11:30:54 test_flights 2 6.01 18.65 407008
11:30:56 test_flights 2 6.06 18.60 407008
11:30:58 test_flights 2 6.08 18.57 407008
11:31:00 test_flights 2 6.17 18.48 407008
11:31:02 test_flights 2 6.25 18.41 407008
11:31:04 test_flights 2 6.44 18.21 407008
11:31:06 test_flights 2 6.58 18.07 407008
11:31:08 test_flights 2 6.58 18.07 407008
11:31:10 test_flights 2 6.60 18.06 407008
11:31:12 test_flights 2 6.87 17.79 407008
11:31:14 test_flights 2 7.05 17.61 407008
11:31:16 test_flights 2 7.31 17.35 407008
11:31:18 test_flights 2 7.47 17.19 407008
11:31:20 test_flights 2 7.47 17.19 407008
11:31:22 test_flights 2 7.55 17.11 407008
11:31:24 test_flights 2 7.94 16.72 407008
11:31:26 test_flights 2 8.10 16.56 407008
11:31:28 test_flights 2 8.27 16.39 407008
11:31:30 test_flights 2 8.42 16.24 407008
11:31:32 test_flights 2 8.69 15.96 407008
11:31:34 test_flights 2 8.81 15.84 407008
11:31:36 test_flights 2 8.96 15.69 407008
11:31:38 test_flights 2 9.29 15.37 407008
11:31:40 test_flights 2 9.31 15.35 407008
11:31:42 test_flights 2 9.57 15.08 407008
11:31:44 test_flights 2 9.77 14.88 407008
11:31:46 test_flights 2 9.96 14.69 407008
11:31:48 test_flights 2 10.08 14.57 407008
11:31:50 test_flights 2 10.23 14.42 407008
11:31:52 test_flights 2 10.25 14.40 407008
11:31:54 test_flights 2 10.25 14.39 407008
11:31:56 test_flights 2 10.32 14.33 407008
11:31:58 test_flights 2 10.52 14.13 407008
11:32:00 test_flights 2 10.57 14.08 407008
11:32:02 test_flights 2 10.68 13.96 407008
11:32:04 test_flights 2 10.71 13.93 407008
11:32:06 test_flights 2 10.73 13.92 407008
11:32:08 test_flights 2 10.74 13.90 407008
11:32:10 test_flights 2 10.74 13.90 407008
11:32:12 test_flights 2 10.74 13.90 407008
11:32:14 test_flights 2 10.74 13.90 407008
11:32:16 test_flights 2 10.75 13.91 407008
11:32:18 test_flights 2 10.75 13.91 407008
11:32:20 test_flights 2 10.75 13.91 407008
11:32:22 test_flights 2 10.75 13.90 407008
11:32:24 test_flights 2 10.75 13.91 407008
11:32:26 test_flights 2 10.75 13.89 407008
11:32:28 test_flights 2 10.75 13.90 407008
11:32:30 test_flights 2 10.75 13.89 407008
11:32:32 test_flights 2 10.75 13.89 407008
11:32:34 test_flights 2 10.96 13.68 407008
11:32:36 test_flights 2 10.98 13.66 407008
11:32:38 test_flights 2 10.99 13.65 407008
11:32:40 test_flights 2 10.99 13.65 407008
11:32:42 test_flights 2 11.09 13.55 407008
11:32:44 test_flights 2 11.07 13.57 407008
11:32:46 test_flights 2 11.07 13.57 407008
11:32:48 test_flights 2 11.35 13.29 407008
11:32:50 test_flights 2 11.38 13.26 407008
11:32:52 test_flights 2 11.40 13.25 407008
11:32:54 test_flights 2 11.40 13.24 407008
11:32:56 test_flights 2 11.40 13.24 407008
11:32:58 test_flights 2 11.40 13.24 407008
11:33:00 test_flights 2 11.41 13.23 407008
11:33:02 test_flights 2 11.41 13.23 407008
11:33:04 test_flights 2 11.45 13.19 407008
11:33:06 test_flights 2 11.64 13.00 407008
11:33:08 test_flights 2 11.66 12.98 407008
11:33:10 test_flights 2 11.67 12.97 407008
11:33:12 test_flights 2 11.67 12.97 407008
11:33:14 test_flights 2 11.67 12.96 407008
11:33:16 test_flights 2 11.68 12.97 407008
11:33:18 test_flights 2 11.68 12.98 407008
11:33:20 test_flights 2 11.68 12.97 407008
11:33:22 test_flights 2 11.68 12.96 407008
11:33:24 test_flights 2 11.68 12.95 407008
11:33:26 test_flights 2 11.68 12.95 407008
11:33:28 test_flights 2 11.68 12.96 407008
11:33:30 test_flights 2 11.68 12.96 407008
11:33:32 test_flights 2 11.68 12.96 407008
11:33:34 test_flights 2 11.68 12.95 407008
11:33:36 test_flights 2 11.68 12.96 407008
11:33:38 test_flights 2 11.68 12.96 407008
11:33:40 test_flights 2 11.68 12.96 407008
11:33:42 test_flights 2 11.68 12.96 407008
11:33:44 test_flights 2 11.68 12.96 407008
11:33:46 test_flights 2 11.68 12.96 407008
11:33:48 test_flights 2 11.68 12.97 407008
11:33:50 test_flights 2 11.68 12.96 407008
11:33:52 test_flights 2 11.69 12.95 407008
11:33:54 test_flights 2 11.70 12.94 407008
11:33:56 test_flights 2 11.71 12.93 407008
11:33:58 test_flights 2 11.71 12.93 407008
11:34:00 test_flights 2 11.71 12.94 407008
11:34:02 test_flights 2 11.71 12.93 407008
11:34:04 test_flights 2 11.71 12.93 407008
11:34:06 test_flights 2 11.71 12.94 407008
11:34:08 test_flights 2 11.71 12.94 407008
11:34:10 test_flights 2 11.71 12.93 407008
11:34:12 test_flights 2 11.71 12.93 407008
11:34:14 test_flights 2 11.71 12.93 407008
11:34:16 test_flights 2 11.71 12.93 407008
11:34:18 test_flights 2 11.71 12.93 407008
11:34:20 test_flights 2 11.71 12.93 407008
11:34:22 test_flights 2 11.71 12.93 407008
11:34:24 test_flights 2 11.71 12.94 407008
11:34:26 test_flights 2 11.71 12.93 407008
11:34:28 test_flights 2 11.71 12.93 407008
11:34:30 test_flights 2 11.71 12.93 407008
11:34:32 test_flights 2 11.71 12.93 407008
11:34:34 test_flights 2 11.71 12.93 407008
11:34:36 test_flights 2 11.72 12.92 407008
11:34:38 test_flights 2 11.72 12.93 407008
11:34:40 test_flights 2 11.72 12.92 407008
11:34:42 test_flights 2 11.72 12.91 407008
11:34:44 test_flights 2 11.72 12.92 407008
11:34:46 test_flights 2 11.83 12.81 407008
11:34:48 test_flights 2 11.95 12.69 407008
11:34:50 test_flights 2 11.97 12.67 407008
11:34:52 test_flights 2 11.97 12.67 407008
11:34:54 test_flights 2 12.14 12.50 407008
11:34:56 test_flights 2 12.26 12.39 407008
11:34:58 test_flights 2 12.27 12.37 407008
11:35:00 test_flights 2 12.28 12.36 407008
11:35:02 test_flights 2 12.27 12.36 407008
11:35:04 test_flights 2 12.27 12.36 407008
11:35:06 test_flights 2 12.27 12.36 407008
11:35:08 test_flights 2 12.28 12.36 407008
11:35:10 test_flights 2 12.28 12.36 407008
11:35:12 test_flights 2 12.28 12.35 407008
11:35:14 test_flights 2 12.28 12.35 407008
11:35:16 test_flights 2 12.28 12.36 407008
11:35:18 test_flights 2 12.28 12.36 407008
11:35:20 test_flights 2 12.28 12.35 407008
11:35:22 test_flights 2 12.28 12.35 407008
11:35:24 test_flights 2 12.28 12.35 407008
11:35:26 test_flights 2 12.28 12.35 407008
11:35:28 test_flights 2 12.28 12.36 407008
11:35:30 test_flights 2 12.28 12.36 407008
11:35:32 test_flights 2 12.28 12.36 407008
11:35:34 test_flights 2 12.28 12.35 407008
11:35:36 test_flights 2 12.28 12.36 407008
11:35:38 test_flights 2 12.28 12.36 407008
11:35:40 test_flights 2 12.28 12.36 407008
11:35:42 test_flights 2 12.39 12.26 407008
11:35:44 test_flights 2 12.62 12.02 407008
11:35:46 test_flights 2 12.77 11.87 407008
11:35:48 test_flights 2 12.78 11.86 407008
11:35:50 test_flights 2 12.79 11.85 407008
11:35:52 test_flights 2 12.80 11.84 407008
11:35:54 test_flights 2 12.80 11.84 407008
11:35:56 test_flights 2 12.80 11.84 407008
11:35:58 test_flights 2 12.80 11.84 407008
11:36:00 test_flights 2 12.80 11.84 407008
11:36:02 test_flights 2 12.80 11.84 407008
11:36:04 test_flights 2 12.80 11.84 407008
11:36:06 test_flights 2 12.80 11.83 407008
11:36:08 test_flights 2 12.80 11.84 407008
11:36:10 test_flights 2 12.80 11.84 407008
11:36:12 test_flights 2 12.80 11.83 407008
11:36:14 test_flights 2 12.80 11.83 407008
11:36:16 test_flights 2 12.80 11.83 407008
11:36:18 test_flights 2 12.80 11.83 407008
11:36:20 test_flights 2 12.80 11.84 407008
11:36:23 test_flights 2 12.80 11.84 407008
11:36:25 test_flights 2 12.80 11.84 407008
11:36:27 test_flights 2 12.81 11.83 407008
11:36:29 test_flights 2 12.81 11.83 407008
11:36:31 test_flights 2 12.81 11.83 407008
11:36:33 test_flights 2 12.81 11.83 407008
11:36:35 test_flights 2 12.81 11.82 407008
11:36:37 test_flights 2 12.81 11.81 407008
11:36:39 test_flights 2 12.81 11.82 407008
11:36:41 test_flights 2 12.81 11.82 407008
11:36:43 test_flights 2 12.81 11.83 407008
11:36:45 test_flights 2 12.81 11.83 407008
11:36:47 test_flights 2 12.81 11.83 407008
11:36:49 test_flights 2 12.95 11.68 407008
11:36:51 test_flights 2 12.96 11.68 407008
11:36:53 test_flights 2 12.98 11.66 407008
11:36:55 test_flights 2 12.98 11.65 407008
11:36:57 test_flights 2 13.00 11.63 407008
11:36:59 test_flights 2 12.99 11.65 407008
11:37:01 test_flights 2 12.99 11.65 407008
11:37:03 test_flights 2 12.99 11.64 407008
11:37:05 test_flights 2 12.99 11.65 407008
11:37:07 test_flights 2 12.99 11.65 407008
11:37:09 test_flights 2 12.99 11.65 407008
11:37:11 test_flights 2 12.99 11.64 407008
11:37:13 test_flights 2 13.02 11.62 407008
11:37:15 test_flights 2 13.04 11.59 407008
11:37:17 test_flights 2 13.04 11.59 407008
11:37:19 test_flights 2 13.04 11.59 407008
11:37:21 test_flights 2 13.04 11.58 407008
11:37:23 test_flights 2 13.04 11.59 407008
11:37:25 test_flights 2 13.04 11.59 407008
11:37:27 test_flights 2 13.04 11.58 407008
11:37:29 test_flights 2 13.04 11.58 407008
11:37:31 test_flights 2 13.04 11.58 407008
11:37:33 test_flights 2 13.04 11.58 407008
11:37:35 test_flights 2 13.04 11.58 407008
11:37:37 test_flights 2 13.04 11.59 407008
11:37:39 test_flights 2 13.04 11.59 407008
11:37:41 test_flights 2 13.04 11.59 407008
11:37:43 test_flights 2 13.04 11.59 407008
11:37:45 test_flights 2 13.04 11.59 407008
11:37:47 test_flights 2 13.04 11.59 407008
11:37:49 test_flights 2 13.04 11.59 407008
11:37:51 test_flights 2 13.04 11.58 407008
11:37:53 test_flights 2 13.04 11.59 407008
11:37:55 test_flights 2 13.04 11.59 407008
11:37:57 test_flights 2 13.04 11.59 407008
11:37:59 test_flights 2 13.04 11.59 407008
11:38:01 test_flights 2 13.04 11.59 407008
11:38:03 test_flights 2 13.04 11.59 407008
11:38:05 test_flights 2 13.04 11.58 407008
11:38:07 test_flights 2 13.04 11.58 407008
11:38:09 test_flights 2 13.04 11.59 407008
11:38:11 test_flights 2 13.04 11.59 407008
11:38:13 test_flights 2 13.04 11.58 407008
11:38:15 test_flights 2 13.04 11.59 407008
11:38:17 test_flights 2 13.04 11.59 407008
11:38:19 test_flights 2 13.04 11.59 407008
11:38:21 test_flights 2 13.04 11.59 407008
11:38:23 test_flights 2 13.04 11.58 407008
11:38:25 test_flights 2 13.04 11.58 407008
11:38:27 test_flights 2 13.04 11.59 407008
11:38:29 test_flights 2 13.04 11.58 407008
11:38:31 test_flights 2 13.04 11.58 407008
11:38:33 test_flights 2 13.04 11.58 407008
11:38:35 test_flights 2 13.04 11.58 407008
11:38:37 test_flights 2 13.04 11.59 407008
11:38:39 test_flights 2 13.04 11.59 407008
11:38:41 test_flights 2 13.04 11.59 407008
11:38:43 test_flights 2 13.04 11.58 407008
11:38:45 test_flights 2 13.04 11.58 407008
11:38:47 test_flights 2 13.04 11.59 407008
11:38:49 test_flights 2 13.04 11.59 407008
11:38:51 test_flights 2 13.04 11.58 407008
11:38:53 test_flights 2 13.04 11.58 407008
11:38:55 test_flights 2 13.04 11.59 407008
11:38:57 test_flights 2 13.04 11.58 407008
11:38:59 test_flights 2 13.04 11.58 407008
11:39:01 test_flights 2 13.04 11.59 407008
11:39:03 test_flights 2 13.04 11.59 407008
11:39:05 test_flights 2 13.04 11.59 407008
11:39:07 test_flights 2 13.04 11.59 407008
11:39:09 test_flights 2 13.04 11.58 407008
11:39:11 test_flights 2 13.04 11.58 407008
11:39:13 test_flights 2 13.04 11.58 407008
11:39:15 test_flights 2 13.04 11.59 407008
11:39:17 test_flights 2 13.04 11.59 407008
11:39:19 test_flights 2 13.04 11.59 407008
11:39:21 test_flights 2 13.04 11.58 407008
11:39:23 test_flights 2 13.04 11.58 407008
11:39:25 test_flights 2 13.04 11.58 407008
11:39:27 test_flights 2 13.04 11.58 407008
11:39:29 test_flights 2 13.04 11.58 407008
11:39:31 test_flights 2 13.04 11.58 407008
11:39:33 test_flights 2 13.04 11.58 407008
11:39:35 test_flights 2 13.04 11.58 407008
11:39:37 test_flights 2 13.04 11.58 407008
11:39:39 test_flights 2 13.04 11.59 407008
11:39:41 test_flights 2 13.04 11.59 407008
11:39:43 test_flights 2 13.04 11.59 407008
11:39:45 test_flights 2 13.04 11.59 407008
11:39:47 test_flights 2 13.04 11.59 407008
11:39:49 test_flights 2 13.04 11.58 407008
11:39:51 test_flights 2 13.04 11.58 407008
11:39:53 test_flights 2 13.04 11.58 407008
11:39:55 test_flights 2 13.04 11.58 407008
11:39:57 test_flights 2 13.04 11.58 407008
11:39:59 test_flights 2 13.04 11.58 407008
11:40:01 test_flights 2 13.11 11.52 407008
11:40:03 test_flights 2 13.13 11.50 407008
11:40:05 test_flights 2 13.14 11.49 407008
11:40:07 test_flights 2 13.14 11.49 407008
11:40:09 test_flights 2 13.14 11.49 407008
11:40:11 test_flights 2 13.14 11.49 407008
11:40:13 test_flights 2 13.14 11.49 407008
11:40:15 test_flights 2 13.15 11.48 407008
11:40:17 test_flights 2 13.15 11.48 407008
11:40:19 test_flights 2 13.15 11.48 407008
11:40:21 test_flights 2 13.15 11.48 407008
11:40:23 test_flights 2 13.15 11.48 407008
11:40:25 test_flights 2 13.15 11.48 407008
11:40:27 test_flights 2 13.15 11.48 407008
11:40:29 test_flights 2 13.15 11.48 407008
11:40:31 test_flights 2 13.15 11.48 407008
11:40:33 test_flights 2 13.15 11.48 407008
11:40:35 test_flights 2 13.15 11.49 407008
11:40:37 test_flights 2 13.15 11.48 407008
11:40:39 test_flights 2 13.15 11.48 407008
11:40:41 test_flights 2 13.16 11.47 407008
11:40:43 test_flights 2 13.16 11.47 407008
11:40:45 test_flights 2 13.16 11.47 407008
11:40:47 test_flights 2 13.17 11.46 407008
11:40:49 test_flights 2 13.17 11.46 407008
11:40:51 test_flights 2 13.17 11.46 407008
11:40:53 test_flights 2 13.17 11.46 407008
11:40:55 test_flights 2 13.17 11.47 407008
11:40:57 test_flights 2 13.17 11.47 407008
11:40:59 test_flights 2 13.17 11.47 407008
11:41:01 test_flights 2 13.17 11.47 407008
11:41:03 test_flights 2 13.17 11.47 407008
11:41:05 test_flights 2 13.17 11.47 407008
11:41:07 test_flights 2 13.17 11.47 407008
11:41:09 test_flights 2 13.17 11.47 407008
11:41:11 test_flights 2 13.17 11.47 407008
11:41:13 test_flights 2 13.17 11.47 407008
11:41:15 test_flights 2 13.17 11.47 407008
11:41:17 test_flights 2 13.17 11.47 407008
11:41:19 test_flights 2 13.17 11.47 407008
11:41:21 test_flights 2 13.17 11.46 407008
11:41:23 test_flights 2 13.17 11.46 407008
11:41:25 test_flights 2 13.17 11.46 407008
11:41:27 test_flights 2 13.17 11.46 407008
11:41:29 test_flights 2 13.17 11.46 407008
11:41:31 test_flights 2 13.18 11.46 407008
11:41:33 test_flights 2 13.18 11.46 407008
11:41:35 test_flights 2 13.18 11.45 407008
11:41:37 test_flights 2 13.18 11.45 407008
11:41:39 test_flights 2 13.18 11.45 407008
11:41:41 test_flights 2 13.18 11.45 407008
11:41:43 test_flights 2 13.18 11.45 407008
11:41:45 test_flights 2 13.19 11.44 407008
11:41:47 test_flights 2 13.19 11.44 407008
11:41:49 test_flights 2 13.19 11.44 407008
11:41:51 test_flights 2 13.19 11.44 407008
11:41:53 test_flights 2 13.19 11.45 407008
11:41:55 test_flights 2 13.19 11.44 407008
11:41:57 test_flights 2 13.19 11.44 407008
11:41:59 test_flights 2 13.19 11.45 407008
11:42:01 test_flights 2 13.19 11.44 407008
11:42:03 test_flights 2 13.19 11.45 407008
11:42:05 test_flights 2 13.19 11.45 407008
11:42:07 test_flights 2 13.19 11.45 407008
11:42:09 test_flights 2 13.19 11.45 407008
11:42:11 test_flights 2 13.19 11.45 407008
11:42:13 test_flights 2 13.20 11.44 407008
11:42:15 test_flights 2 13.20 11.44 407008
11:42:17 test_flights 2 13.20 11.44 407008
11:42:19 test_flights 2 13.20 11.44 407008
11:42:21 test_flights 2 13.20 11.44 407008
11:42:23 test_flights 2 13.20 11.44 407008
11:42:25 test_flights 2 13.20 11.44 407008
11:42:27 test_flights 2 13.20 11.44 407008
11:42:29 test_flights 2 13.20 11.44 407008
11:42:31 test_flights 2 13.20 11.44 407008
11:42:33 test_flights 2 13.20 11.44 407008
11:42:35 test_flights 2 13.20 11.44 407008
11:42:37 test_flights 2 13.20 11.44 407008
11:42:39 test_flights 2 13.20 11.44 407008
11:42:41 test_flights 2 13.20 11.44 407008
11:42:43 test_flights 2 13.20 11.44 407008
11:42:45 test_flights 2 13.19 11.44 407008
11:42:47 test_flights 2 13.15 11.49 407008
11:42:49 test_flights 1 5.76 18.81 407125
11:42:51 test_flights 1 5.64 18.94 407169
11:42:53 test_flights 0 0.00 24.53 407169
11:42:55 test_flights 1 0.27 24.32 407170
11:42:57 test_held_items 1 0.30 24.29 407192
11:42:59 test_held_items 1 0.30 24.29 407192
11:43:01 test_held_items 1 0.30 24.29 407192
11:43:03 test_held_items 1 0.30 24.29 407192
11:43:05 test_held_items 1 0.30 24.29 407192
11:43:07 test_held_items 1 0.30 24.29 407192
11:43:09 test_held_items 1 0.30 24.29 407192
11:43:11 test_held_items 1 0.30 24.29 407192
11:43:13 test_held_items 1 0.30 24.28 407192
11:43:15 test_held_items 1 0.30 24.28 407192
11:43:17 test_held_items 1 0.33 24.27 407192
11:43:19 test_held_items 1 0.35 24.24 407192
11:43:21 test_held_items 1 0.44 24.15 407192
11:43:23 test_held_items 1 0.52 24.07 407192
11:43:25 test_held_items 1 0.71 23.88 407192
11:43:27 test_held_items 1 0.86 23.73 407192
11:43:29 test_held_items 1 0.86 23.73 407192
11:43:31 test_held_items 1 0.87 23.72 407192
11:43:33 test_held_items 1 1.16 23.42 407192
11:43:35 test_held_items 1 1.32 23.27 407192
11:43:37 test_held_items 1 1.61 22.97 407192
11:43:39 test_held_items 1 1.74 22.85 407192
11:43:41 test_held_items 1 1.74 22.85 407192
11:43:43 test_held_items 1 1.91 22.68 407192
11:43:45 test_held_items 1 2.30 22.29 407192
11:43:47 test_held_items 1 2.44 22.15 407192
11:43:49 test_held_items 1 2.55 22.05 407192
11:43:51 test_held_items 1 2.72 21.87 407192
11:43:53 test_held_items 1 2.99 21.60 407192
11:43:55 test_held_items 1 3.08 21.51 407192
11:43:57 test_held_items 1 3.35 21.24 407192
11:43:59 test_held_items 1 3.57 21.02 407192
11:44:01 test_held_items 1 3.71 20.88 407192
11:44:03 test_held_items 1 3.99 20.61 407192
11:44:06 test_held_items 1 4.12 20.47 407192
11:44:08 test_held_items 1 4.23 20.36 407192
11:44:10 test_held_items 1 4.49 20.09 407192
11:44:12 test_held_items 1 4.51 20.08 407192
11:44:14 test_held_items 1 4.52 20.07 407192
11:44:16 test_held_items 1 4.52 20.07 407192
11:44:18 test_held_items 1 4.70 19.88 407192
11:44:20 test_held_items 1 4.83 19.76 407192
11:44:22 test_held_items 1 4.85 19.74 407192
11:44:24 test_held_items 1 4.98 19.61 407192
11:44:26 test_held_items 1 4.99 19.59 407192
11:44:28 test_held_items 1 5.01 19.58 407192
11:44:30 test_held_items 1 5.01 19.58 407192
11:44:32 test_held_items 1 5.01 19.57 407192
11:44:34 test_held_items 1 5.01 19.58 407192
11:44:36 test_held_items 1 5.02 19.57 407192
11:44:38 test_held_items 1 5.02 19.57 407192
11:44:40 test_held_items 1 5.02 19.57 407192
11:44:42 test_held_items 1 5.02 19.57 407192
11:44:44 test_held_items 1 5.02 19.57 407192
11:44:46 test_held_items 1 5.02 19.57 407192
11:44:48 test_held_items 1 5.02 19.57 407192
11:44:50 test_held_items 1 5.02 19.56 407192
11:44:52 test_held_items 1 5.02 19.56 407192
11:44:54 test_held_items 1 5.22 19.38 407192
11:44:56 test_held_items 1 5.25 19.33 407192
11:44:58 test_held_items 1 5.25 19.33 407192
11:45:00 test_held_items 1 5.26 19.32 407192
11:45:02 test_held_items 1 5.31 19.27 407192
11:45:04 test_held_items 1 5.34 19.24 407192
11:45:06 test_held_items 1 5.34 19.24 407192
11:45:08 test_held_items 1 5.61 18.97 407192
11:45:10 test_held_items 1 5.65 18.94 407192
11:45:12 test_held_items 1 5.66 18.93 407192
11:45:14 test_held_items 1 5.67 18.92 407192
11:45:16 test_held_items 1 5.67 18.91 407192
11:45:18 test_held_items 1 5.67 18.91 407192
11:45:20 test_held_items 1 5.67 18.91 407192
11:45:22 test_held_items 1 5.68 18.90 407192
11:45:24 test_held_items 1 5.68 18.91 407192
11:45:26 test_held_items 1 5.68 18.91 407192
11:45:28 test_held_items 1 5.68 18.91 407192
11:45:30 test_held_items 1 5.68 18.91 407192
11:45:32 test_held_items 1 5.73 18.85 407192
11:45:34 test_held_items 1 5.73 18.85 407192
11:45:36 test_held_items 1 5.73 18.85 407192
11:45:38 test_held_items 1 5.73 18.85 407192
11:45:40 test_held_items 1 5.73 18.85 407192
11:45:42 test_held_items 1 5.73 18.85 407192
11:45:44 test_held_items 1 5.73 18.85 407192
11:45:46 test_held_items 1 5.68 18.91 407234
11:45:48 test_held_items 1 5.68 18.91 407234
11:45:50 test_held_items 1 0.12 24.47 407235
11:45:52 test_held_items 1 0.27 24.32 407235
11:45:54 test_player_input 1 0.30 24.29 407259
11:45:56 test_player_input 1 0.30 24.29 407259
11:45:58 test_player_input 1 0.30 24.29 407259
11:46:00 test_player_input 1 0.30 24.29 407259
11:46:02 test_player_input 1 0.30 24.29 407259
11:46:04 test_player_input 1 0.30 24.29 407259
11:46:06 test_player_input 1 0.30 24.29 407259
11:46:08 test_player_input 1 0.30 24.29 407259
11:46:10 test_player_input 1 0.30 24.30 407259
11:46:12 test_player_input 1 0.30 24.30 407259
11:46:14 test_player_input 1 0.35 24.25 407259
11:46:16 test_player_input 1 0.44 24.16 407259
11:46:18 test_player_input 1 0.51 24.09 407259
11:46:20 test_player_input 1 0.71 23.89 407259
11:46:22 test_player_input 1 0.71 23.89 407259
11:46:24 test_player_input 1 0.86 23.74 407259
11:46:26 test_player_input 1 0.86 23.74 407259
11:46:28 test_player_input 1 0.99 23.61 407259
11:46:30 test_player_input 1 1.32 23.28 407259
11:46:32 test_player_input 1 1.55 23.05 407259
11:46:34 test_player_input 1 1.74 22.86 407259
11:46:36 test_player_input 1 1.74 22.85 407259
11:46:38 test_player_input 1 1.74 22.84 407259
11:46:40 test_player_input 1 2.11 22.49 407259
11:46:42 test_player_input 1 2.35 22.25 407259
11:46:44 test_player_input 1 2.49 22.10 407259
11:46:46 test_player_input 1 2.58 22.01 407259
11:46:48 test_player_input 1 2.84 21.76 407259
11:46:50 test_player_input 1 3.08 21.51 407259
11:46:52 test_player_input 1 3.08 21.52 407259
11:46:54 test_player_input 1 3.36 21.23 407259
11:46:56 test_player_input 1 3.58 21.02 407259
11:46:58 test_player_input 1 3.84 20.75 407259
11:47:00 test_player_input 1 4.04 20.54 407259
11:47:02 test_player_input 1 4.22 20.37 407259
11:47:04 test_player_input 1 4.35 20.23 407259
11:47:06 test_player_input 1 4.50 20.09 407259
11:47:08 test_player_input 1 4.51 20.07 407259
11:47:10 test_player_input 1 4.52 20.06 407259
11:47:12 test_player_input 1 4.53 20.06 407259
11:47:14 test_player_input 1 4.78 19.81 407259
11:47:16 test_player_input 1 4.84 19.75 407259
11:47:18 test_player_input 1 4.86 19.73 407259
11:47:20 test_player_input 1 4.98 19.60 407259
11:47:22 test_player_input 1 5.00 19.59 407259
11:47:24 test_player_input 1 5.01 19.58 407259
11:47:26 test_player_input 1 5.01 19.57 407259
11:47:28 test_player_input 1 5.01 19.58 407259
11:47:30 test_player_input 1 5.01 19.57 407259
11:47:32 test_player_input 1 5.02 19.57 407259
11:47:34 test_player_input 1 5.02 19.57 407259
11:47:36 test_player_input 1 5.02 19.57 407259
11:47:38 test_player_input 1 5.02 19.57 407259
11:47:40 test_player_input 1 5.02 19.57 407259
11:47:42 test_player_input 1 5.02 19.56 407259
11:47:44 test_player_input 1 5.02 19.56 407259
11:47:46 test_player_input 1 5.02 19.56 407259
11:47:48 test_player_input 1 5.02 19.56 407259
11:47:51 test_player_input 1 5.23 19.35 407259
11:47:53 test_player_input 1 5.25 19.33 407259
11:47:55 test_player_input 1 5.25 19.33 407259
11:47:57 test_player_input 1 5.26 19.32 407259
11:47:59 test_player_input 1 5.32 19.26 407259
11:48:01 test_player_input 1 5.34 19.25 407344
11:48:03 test_player_input 1 5.25 19.33 407344
11:48:05 test_player_input 1 5.25 19.33 407344
11:48:07 test_player_input 1 5.25 19.33 407344
11:48:09 test_player_input 1 5.25 19.33 407344
11:48:11 test_player_input 1 5.25 19.33 407344
11:48:13 test_player_input 1 5.25 19.33 407344
11:48:15 test_player_input 1 5.25 19.33 407344
11:48:17 test_player_input 1 5.25 19.33 407344
11:48:19 test_player_input 1 5.25 19.34 407344
11:48:21 test_player_input 1 5.25 19.33 407344
11:48:23 test_player_input 1 5.25 19.33 407344
11:48:25 test_player_input 1 5.25 19.33 407344
11:48:27 test_player_input 1 5.25 19.34 407344
11:48:29 test_player_input 1 5.25 19.34 407344
11:48:31 test_player_input 1 5.25 19.34 407344
11:48:33 test_player_input 1 5.25 19.33 407344
11:48:35 test_player_input 1 5.26 19.33 407344
11:48:37 test_player_input 1 5.37 19.21 407344
11:48:39 test_player_input 1 5.65 18.93 407344
11:48:41 test_player_input 1 5.66 18.93 407344
11:48:43 test_player_input 1 5.68 18.91 407344
11:48:45 test_player_input 1 5.68 18.90 407344
11:48:47 test_player_input 1 5.68 18.90 407344
11:48:49 test_player_input 1 5.68 18.90 407344
11:48:51 test_player_input 1 5.69 18.90 407344
11:48:53 test_player_input 1 5.69 18.90 407429
11:48:55 test_player_input 1 5.69 18.90 407429
11:48:57 test_player_input 1 5.69 18.90 407429
11:48:59 test_player_input 1 5.69 18.90 407429
11:49:01 test_player_input 1 5.69 18.90 407429
11:49:03 test_player_input 1 5.69 18.90 407429
11:49:05 test_player_input 1 5.69 18.90 407429
11:49:07 test_player_input 1 5.69 18.91 407429
11:49:09 test_player_input 0 0.00 24.53 408038
11:49:11 test_player_input 1 0.27 24.33 408039
11:49:13 test_player_input 1 0.30 24.29 408039
11:49:15 test_player_actions 1 0.30 24.29 408065
11:49:17 test_player_actions 1 0.30 24.29 408065
11:49:19 test_player_actions 1 0.30 24.29 408065
11:49:21 test_player_actions 1 0.30 24.29 408065
11:49:23 test_player_actions 1 0.30 24.30 408065
11:49:25 test_player_actions 1 0.30 24.29 408065
11:49:27 test_player_actions 1 0.30 24.29 408065
11:49:29 test_player_actions 1 0.30 24.29 408065
11:49:31 test_player_actions 1 0.30 24.29 408065
11:49:33 test_player_actions 1 0.30 24.29 408065
11:49:35 test_player_actions 1 0.35 24.24 408065
11:49:37 test_player_actions 1 0.44 24.15 408065
11:49:39 test_player_actions 1 0.51 24.08 408065
11:49:41 test_player_actions 1 0.71 23.88 408065
11:49:43 test_player_actions 1 0.85 23.75 408065
11:49:45 test_player_actions 1 0.86 23.74 408065
11:49:47 test_player_actions 1 0.86 23.73 408065
11:49:49 test_player_actions 1 1.08 23.51 408065
11:49:51 test_player_actions 1 1.32 23.28 408065
11:49:53 test_player_actions 1 1.58 23.02 408065
11:49:55 test_player_actions 1 1.74 22.86 408065
11:49:57 test_player_actions 1 1.74 22.85 408065
11:49:59 test_player_actions 1 1.74 22.86 408065
11:50:01 test_player_actions 1 2.14 22.46 408065
11:50:03 test_player_actions 1 2.35 22.25 408065
11:50:05 test_player_actions 1 2.54 22.06 408065
11:50:07 test_player_actions 1 2.60 21.99 408065
11:50:09 test_player_actions 1 2.91 21.68 408065
11:50:11 test_player_actions 1 3.08 21.51 408065
11:50:13 test_player_actions 1 3.19 21.40 408065
11:50:15 test_player_actions 1 3.56 21.03 408065
11:50:17 test_player_actions 1 3.58 21.01 408065
11:50:19 test_player_actions 1 3.84 20.75 408065
11:50:21 test_player_actions 1 4.04 20.55 408065
11:50:23 test_player_actions 1 4.23 20.36 408065
11:50:25 test_player_actions 1 4.36 20.22 408065
11:50:27 test_player_actions 1 4.50 20.09 408065
11:50:29 test_player_actions 1 4.51 20.07 408065
11:50:31 test_player_actions 1 4.52 20.06 408065
11:50:33 test_player_actions 1 4.53 20.06 408065
11:50:35 test_player_actions 1 4.78 19.80 408065
11:50:37 test_player_actions 1 4.84 19.74 408065
11:50:39 test_player_actions 1 4.86 19.73 408065
11:50:41 test_player_actions 1 4.98 19.60 408065
11:50:43 test_player_actions 1 5.00 19.59 408065
11:50:45 test_player_actions 1 5.01 19.58 408065
11:50:47 test_player_actions 1 5.01 19.57 408065
11:50:49 test_player_actions 1 5.01 19.58 408065
11:50:51 test_player_actions 1 5.01 19.58 408065
11:50:53 test_player_actions 1 5.02 19.57 408065
11:50:55 test_player_actions 1 5.02 19.57 408065
11:50:57 test_player_actions 1 5.02 19.57 408065
11:50:59 test_player_actions 1 5.02 19.57 408065
11:51:01 test_player_actions 1 5.02 19.57 408065
11:51:03 test_player_actions 1 5.02 19.57 408065
11:51:05 test_player_actions 1 5.02 19.56 408065
11:51:07 test_player_actions 1 5.02 19.57 408065
11:51:09 test_player_actions 1 5.02 19.57 408065
11:51:11 test_player_actions 1 5.22 19.37 408065
11:51:13 test_player_actions 1 5.25 19.33 408065
11:51:15 test_player_actions 1 5.25 19.33 408065
11:51:17 test_player_actions 1 5.26 19.32 408065
11:51:19 test_player_actions 1 5.31 19.27 408065
11:51:21 test_player_actions 1 5.34 19.25 408065
11:51:23 test_player_actions 1 5.34 19.25 408065
11:51:25 test_player_actions 1 5.53 19.06 408065
11:51:27 test_player_actions 1 5.65 18.94 408065
11:51:29 test_player_actions 1 5.66 18.93 408065
11:51:31 test_player_actions 1 5.67 18.92 408065
11:51:33 test_player_actions 1 5.67 18.91 408065
11:51:35 test_player_actions 1 5.67 18.91 408065
11:51:37 test_player_actions 1 5.67 18.91 408065
11:51:39 test_player_actions 1 5.68 18.89 408065
11:51:41 test_player_actions 1 5.68 18.91 408065
11:51:43 test_player_actions 1 5.68 18.91 408065
11:51:45 test_player_actions 1 5.68 18.91 408065
11:51:47 test_player_actions 1 5.68 18.91 408065
11:51:49 test_player_actions 1 5.68 18.91 408065
11:51:51 test_player_actions 1 5.68 18.91 408065
11:51:53 test_player_actions 1 5.68 18.91 408065
11:51:55 test_player_actions 1 5.68 18.90 408065
11:51:57 test_player_actions 1 5.68 18.90 408065
11:51:59 test_player_actions 1 5.68 18.90 408065
11:52:01 test_player_actions 1 5.68 18.90 408065
11:52:03 test_player_actions 1 5.68 18.90 408065
11:52:05 test_player_actions 1 5.68 18.91 408065
11:52:07 test_player_actions 1 5.68 18.90 408065
11:52:09 test_player_actions 1 5.68 18.90 408065
11:52:11 test_player_actions 1 5.68 18.90 408065
11:52:13 test_player_actions 1 5.68 18.90 408065
11:52:15 test_player_actions 1 5.68 18.90 408065
11:52:17 test_player_actions 1 5.68 18.90 408065
11:52:19 test_player_actions 1 5.68 18.90 408065
11:52:21 test_player_actions 1 5.68 18.90 408065
11:52:23 test_player_actions 1 5.68 18.90 408065
11:52:25 test_player_actions 1 5.68 18.90 408065
11:52:27 test_player_actions 1 5.68 18.90 408065
11:52:29 test_player_actions 1 5.68 18.90 408065
11:52:31 test_player_actions 1 5.68 18.90 408065
11:52:33 test_player_actions 1 5.68 18.90 408065
11:52:35 test_player_actions 1 5.68 18.90 408065
11:52:37 test_player_actions 1 5.68 18.90 408065
11:52:39 test_player_actions 1 5.68 18.90 408065
11:52:41 test_player_actions 1 5.68 18.90 408065
11:52:43 test_player_actions 1 5.68 18.90 408065
11:52:45 test_player_actions 1 5.68 18.90 408065
11:52:47 test_player_actions 1 5.68 18.90 408065
11:52:49 test_player_actions 1 5.68 18.90 408157
11:52:51 test_player_actions 1 5.68 18.90 408157
11:52:53 test_player_actions 1 5.68 18.90 408157
11:52:55 test_player_actions 1 5.68 18.90 408157
11:52:57 test_player_actions 1 5.68 18.90 408157
11:52:59 test_player_actions 1 5.68 18.90 408157
11:53:01 test_player_actions 1 5.68 18.90 408157
11:53:03 test_player_actions 1 5.68 18.90 408157
11:53:05 test_player_actions 1 5.68 18.90 408157
11:53:07 test_player_actions 0 0.00 24.53 408765
11:53:09 test_player_actions 1 0.27 24.32 408766
11:53:11 test_player_actions 1 0.30 24.29 408766
11:53:13 test_bargain 1 0.30 24.29 408785
11:53:15 test_bargain 1 0.30 24.29 408785
11:53:17 test_bargain 1 0.30 24.28 408785
11:53:19 test_bargain 1 0.30 24.29 408785
11:53:21 test_bargain 1 0.30 24.28 408785
11:53:23 test_bargain 1 0.30 24.29 408785
11:53:25 test_bargain 1 0.30 24.29 408785
11:53:27 test_bargain 1 0.30 24.28 408785
11:53:29 test_bargain 1 0.30 24.29 408785
11:53:31 test_bargain 1 0.33 24.26 408785
11:53:33 test_bargain 1 0.35 24.23 408785
11:53:35 test_bargain 1 0.44 24.15 408785
11:53:37 test_bargain 1 0.57 24.02 408785
11:53:39 test_bargain 1 0.71 23.88 408785
11:53:41 test_bargain 1 0.86 23.73 408785
11:53:43 test_bargain 1 0.86 23.73 408785
11:53:45 test_bargain 1 0.87 23.72 408785
11:53:47 test_bargain 1 1.19 23.40 408785
11:53:49 test_bargain 1 1.33 23.27 408785
11:53:51 test_bargain 1 1.61 22.98 408785
11:53:53 test_bargain 1 1.74 22.85 408785
11:53:55 test_bargain 1 1.74 22.85 408785
11:53:57 test_bargain 1 1.88 22.71 408785
11:53:59 test_bargain 1 2.29 22.29 408785
11:54:01 test_bargain 1 2.42 22.16 408785
11:54:03 test_bargain 1 2.54 22.06 408785
11:54:05 test_bargain 1 2.69 21.89 408785
11:54:07 test_bargain 1 2.98 21.60 408785
11:54:09 test_bargain 1 3.08 21.51 408785
11:54:11 test_bargain 1 3.25 21.34 408785
11:54:13 test_bargain 1 3.57 21.01 408785
11:54:15 test_bargain 1 3.58 21.01 408785
11:54:17 test_bargain 1 3.94 20.64 408785
11:54:19 test_bargain 1 4.09 20.49 408785
11:54:21 test_bargain 1 4.23 20.36 408785
11:54:23 test_bargain 1 4.42 20.16 408785
11:54:25 test_bargain 1 4.51 20.08 408785
11:54:27 test_bargain 1 4.52 20.06 408785
11:54:29 test_bargain 1 4.52 20.06 408785
11:54:31 test_bargain 1 4.64 19.94 408785
11:54:33 test_bargain 1 4.80 19.78 408785
11:54:35 test_bargain 1 4.84 19.74 408785
11:54:37 test_bargain 1 4.98 19.60 408785
11:54:39 test_bargain 1 4.99 19.60 408785
11:54:41 test_bargain 1 5.00 19.58 408785
11:54:43 test_bargain 1 5.01 19.56 408785
11:54:45 test_bargain 1 5.01 19.57 408785
11:54:47 test_bargain 1 5.01 19.57 408785
11:54:49 test_bargain 1 5.01 19.57 408785
11:54:51 test_bargain 1 5.02 19.56 408785
11:54:53 test_bargain 1 5.02 19.56 408785
11:54:55 test_bargain 1 5.02 19.56 408785
11:54:57 test_bargain 1 5.02 19.57 408785
11:54:59 test_bargain 1 5.02 19.57 408785
11:55:01 test_bargain 1 5.02 19.56 408785
11:55:03 test_bargain 1 5.02 19.56 408785
11:55:05 test_bargain 1 5.02 19.56 408785
11:55:07 test_bargain 1 5.02 19.56 408785
11:55:09 test_bargain 1 5.23 19.35 408785
11:55:11 test_bargain 1 5.25 19.33 408785
11:55:13 test_bargain 1 5.26 19.32 408785
11:55:15 test_bargain 1 5.26 19.32 408785
11:55:17 test_bargain 1 5.34 19.24 408785
11:55:19 test_bargain 1 5.34 19.24 408785
11:55:21 test_bargain 1 5.34 19.19 408785
11:55:23 test_bargain 1 5.62 18.68 408785
11:55:25 test_bargain 1 5.65 18.67 408785
11:55:27 test_bargain 1 5.66 18.70 408785
11:55:29 test_bargain 1 5.67 18.69 408785
11:55:31 test_bargain 1 5.67 18.68 408785
11:55:33 test_bargain 1 5.67 18.68 408785
11:55:35 test_bargain 1 5.67 18.68 408785
11:55:37 test_bargain 1 5.68 18.91 408785
11:55:39 test_bargain 1 5.68 18.91 408785
11:55:41 test_bargain 1 5.68 18.91 408785
11:55:43 test_bargain 1 5.68 18.91 408785
11:55:45 test_bargain 1 5.68 18.91 408785
11:55:47 test_bargain 1 5.68 18.91 408785
11:55:50 test_bargain 1 5.68 18.91 408785
11:55:52 test_bargain 1 5.68 18.91 408785
11:55:54 test_bargain 1 5.68 18.91 408785
11:55:56 test_bargain 1 5.68 18.91 408785
11:55:58 test_bargain 1 5.68 18.91 408785
11:56:00 test_bargain 1 5.68 18.91 408785
11:56:02 test_bargain 1 5.68 18.90 408785
11:56:04 test_bargain 1 5.68 18.91 408785
11:56:06 test_bargain 1 5.68 18.90 408785
11:56:08 test_bargain 1 5.68 18.90 408785
11:56:10 test_bargain 1 5.68 18.90 408785
11:56:12 test_bargain 1 5.68 18.90 408785
11:56:14 test_bargain 1 5.68 18.90 408785
11:56:16 test_bargain 1 5.68 18.90 408785
11:56:18 test_bargain 1 5.68 18.90 408785
11:56:20 test_bargain 1 5.68 18.90 408785
11:56:22 test_bargain 1 5.68 18.90 408785
11:56:24 test_bargain 1 5.68 18.90 408785
11:56:26 test_bargain 1 5.68 18.90 408785
11:56:28 test_bargain 1 5.68 18.90 408785
11:56:30 test_bargain 1 5.68 18.90 408785
11:56:32 test_bargain 1 5.68 18.90 408785
11:56:34 test_bargain 1 5.68 18.90 408785
11:56:36 test_bargain 1 5.68 18.90 408785
11:56:38 test_bargain 1 5.68 18.90 408785
