
RUN   test_walk_motion
  ..  walk motion       54 s, 48 checks, 4.16 GiB: the world is looking through somebody
PASS  walk motion      77.8 s, 93 checks

RUN   test_scenario
  ..  scenario          57 s, 2 checks, 4.17 GiB: and all of them are in one scene
  ..  scenario         123 s, 19 checks, 5.08 GiB: the same list is read both ways
  ..  scenario         161 s, 39 checks, 5.08 GiB: the world falls into a fight, at tick 59
  ..  scenario         198 s, 61 checks, 5.08 GiB: an attack occupies 6 ticks
  ..  scenario         375 s, 68 checks, 5.08 GiB: ./run_scenario.sh exits 0
  ..  scenario         405 s, 138 checks, 5.08 GiB: the encounter-island scenario could not be set out
PASS  scenario        429.0 s, 160 checks

RUN   test_agent
  ..  agent             53 s, 10 checks, 4.16 GiB: a person's decision function takes two arguments
  ..  agent            110 s, 90 checks, 5.08 GiB: the run gave the cast too few turns to measure: 100
  ..  agent            189 s, 1162 checks, 5.08 GiB: the cast table does not say which character a model drives
  ..  agent            227 s, 1377 checks, 5.08 GiB: the run staged 6 characters, too few to make the claim
  ..  agent            266 s, 1428 checks, 5.08 GiB: Rook was asked 91 times, which is not 22 calls + 5 held + 64 polled
  ..  agent            304 s, 1449 checks, 5.08 GiB: the transcript has no volume table
  ..  agent            520 s, 1499 checks, 5.08 GiB: ./run_agent.sh exits 0
FAIL  agent           520.1 s, 1503 checks, 2 failed
        - the run ran out of recorded replies: Rook: this reply was recorded for another question: the prompt put here fingerprints 14d727a7b68c1b15 and the recorded one 9d5a635231604277 | Pell: this reply was recorded for another question: the prompt put here fingerprints 3d25f43e7023b541 and the recorded one 063d38c5d1ad7948
      expected: []
      actual:   ["Rook: this reply was recorded for another question: the prompt put here fingerprints 14d727a7b68c1b15 and the recorded one 9d5a635231604277", "Pell: this reply was recorded for another question: the prompt put here fingerprints 3d25f43e7023b541 and the recorded one 063d38c5d1ad7948"]
        - the checked-in transcript is not what the command prints
      expected: Godot Engine v4.7.2.stable.official.ed1daf0bf - https://godotengine.org

model cast run seed=1234 ticks=160 where=(84.5, 294.0)
  cast       5 of the 6 characters decide through a model; Wren is driven by a person's choices written down in advance
  channel    replay -- the shipped run replays the recorded exchange, so it needs no key, no network and no model, and two processes print the same bytes
  recording  recorded 2026-09-11 from z-ai/glm-5.3-flash at https://openrouter.ai/api/v1/chat/completions, 116 replies
  prompt     every action of the one list, the observation packet,
             and what this character remembers -- every lesson it has kept
             and the last few lines of its own log, with the three tools
             that look further back, keep a new lesson and close a goal;
             no rule about distance, reach, cost, damage or possibility;
             and what this character is after, as several structured goals
             off its own sheet -- wanted states of the world, in the order
             they press, with no step, no giver and no reward. Only Pell
             was set out after anything; the rest are told, in one line,
             that they are after nothing in particular.
    Wren   #1 driven by a person Wren level=2 status=2 hp=32/32 [str 5 con 4 cha 3 dex 4 wis 3 int 2]
    Rook   #2 driven by a model  Rook level=2 status=2 hp=32/32 [str 5 con 4 cha 3 dex 4 wis 3 int 2]
    Bram   #3 driven by a model  Bram level=3 status=3 hp=38/38 [str 5 con 4 cha 3 dex 4 wis 3 int 2]
    Sable  #4 driven by a model  Sable level=3 status=3 hp=38/38 [str 5 con 4 cha 3 dex 4 wis 3 int 2]
    Odo    #5 driven by a model  Odo level=1 status=1 hp=26/26 [str 5 con 4 cha 3 dex 4 wis 3 int 2]
    Pell   #7 driven by a model  Pell level=2 status=2 hp=32/32 [str 5 con 4 cha 3 dex 4 wis 3 int 2]
    tick 0 actors=6 objects=1 offers=0
      #1 commander band=1 at (78.500, 19.760, 290.000) hp=32/32 walking
        carries money=30 carried=[] worn=[]
      #2 commander band=1 at (86.500, 16.000, 290.000) hp=32/32 walking
        carries money=8 carried=[common armour chestplate L2 P=8 mov=4 def=4 eff=0 dex [] silk cloak] worn=[]
      #3 commander band=3 at (96.500, 16.000, 255.000) hp=38/38 walking
        carries money=0 carried=[common armour boots L2 P=8 mov=4 def=4 eff=0 dex [] common boots | common weapon hand L3 P=12 mov=0 def=0 eff=12 str [sword:12] common sword] worn=[boots=common armour boots L2 P=8 mov=4 def=4 eff=0 dex [] common boots hand=common weapon hand L3 P=12 mov=0 def=0 eff=12 str [sword:12] common sword]
      #4 commander band=4 at (108.500, 16.000, 255.000) hp=38/38 walking
        carries money=0 carried=[common armour boots L2 P=8 mov=4 def=4 eff=0 dex [] common boots | common weapon hand L3 P=12 mov=0 def=0 eff=12 str [spear:12] common spear] worn=[boots=common armour boots L2 P=8 mov=4 def=4 eff=0 dex [] common boots hand=common weapon hand L3 P=12 mov=0 def=0 eff=12 str [spear:12] common spear]
      #5 commander band=5 at (80.500, 16.000, 346.000) hp=26/26 walking
        carries money=0 carried=[] worn=[]
      #7 commander band=1 at (88.500, 15.700, 296.000) hp=32/32 walking
        carries money=9 carried=[] worn=[]
      #6 pile at (93.500, 16.000, 290.000) open [1 carried, 0 equipped, 0 money]

t=  1  Wren   began say(text=good morning target=2), 5 ticks
t=  1  Rook   has not decided yet, and waits in the world
t=  1  Bram   has not decided yet, and waits in the world
t=  1  Sable  has not decided yet, and waits in the world
t=  1  Odo    has not decided yet, and waits in the world
t=  1  Pell   has not decided yet, and waits in the world
t=  4  Rook   began examine(target=6), 4 ticks
t=  4  Bram   began say(text=Hail, traveler! target=4), 5 ticks
t=  4  Sable  began go_to(target=3), 11 ticks
t=  4  Odo    began go_to(offset=(6.000, 0.000)), 7 ticks
t=  4  Pell   began go_to(target=2), 5 ticks
t=  6  Wren   finished say(text=good morning target=2) -> say ok shout=false heard_by=1 check=1 context=persuade:#2
t=  6  Wren   began go_to(target=6), 14 ticks
t=  6  Rook   interrupted (spoken to), abandoned examine(target=6) 2/4t
t=  6  Rook   began examine(target=6), 4 ticks
t=  8  --     Bram and somebody of another band have met
    snap-in around #3 at (96.500, 16.000, 255.000) radius=24.0 span=30.0 storey=0 joined=2
    snap-in board c3a49c9fb8063614 cells=441 standable=373 holes=28 closed=40 line=29 cliffs=14
    snap-in #3 (96.500, 255.000) -> cell (32,85) centre (97.500, 256.500) moved 1.803 rings=0
    snap-in #4 (104.900, 255.000) -> cell (34,85) centre (103.500, 256.500) moved 2.052 rings=0
    board c3a49c9fb8063614 cells=441 standable=373 holes=28 cliffs=14
    dice seed=569865975 swing=92..108
    commanders 2
      #1 commander owner=1 level=3 hp=38/38 def=0 power=0
      #2 commander owner=2 level=3 hp=38/38 def=0 power=0
    round 1 turn #1 at (32,85) facing=north hp=38/38 def=0 sword + boots(4/4)
t=  9  Bram   finished say(text=Hail, traveler! target=4) -> say ok shout=false heard_by=1 check=2 context=persuade:#4
t=  9  Bram   has not decided yet, and waits in the world
t=  9  Sable  thought again at 5/11t, wanted the same thing
t=  9  Odo    thought again at 5/7t, wanted the same thing
t=  9  Pell   finished go_to(target=2) -> go_to ok at=(87.077, 291.731) walked=4.5 steps=5
t=  9  Pell   has not decided yet, and waits in the world
t=  9  Sable  interrupted (combat began), abandoned go_to(target=3) 5/11t
      face #1 east
    round 1 turn #2 at (34,85) facing=north hp=38/38 def=0 spear + boots(4/4)
t= 10  Rook   finished examine(target=6) -> examine ok id=6 name=pile kind=pile shut=false holds=1 money=0 distance=7.0
t= 10  Rook   has not decided yet, and waits in the world
t= 10  Sable  began go_to(target=3), 4 ticks
      face #2 west
    round 2 turn #1 at (32,85) facing=east hp=38/38 def=0 sword + boots(4/4)
t= 11  Wren   thought again at 5/14t, wanted the same thing
t= 11  Odo    finished go_to(offset=(6.000, 0.000)) -> go_to refused: the way to the position is blocked
t= 11  Odo    has not decided yet, and waits in the world
      face #1 east
    round 2 turn #2 at (34,85) facing=west hp=38/38 def=0 spear + boots(4/4)
t= 12  Pell   began say(text=good morning target=1), 5 ticks
      face #2 west
    round 3 turn #1 at (32,85) facing=east hp=38/38 def=0 sword + boots(4/4)
t= 13  Rook   began say(text="What brings you this way?" target=4), 5 ticks
t= 13  Bram   began go_to(target=6), 20 ticks
      face #1 east
    round 3 turn #2 at (34,85) facing=west hp=38/38 def=0 spear + boots(4/4)
t= 14  Sable  finished go_to(target=3) -> go_to refused: the board decides where a fighter goes
t= 14  Sable  has not decided yet, and waits in the world
t= 14  Odo    began examine(target=x), 4 ticks
      face #2 west
    round 4 turn #1 at (32,85) facing=east hp=38/38 def=0 sword + boots(4/4)
      face #1 east
    round 4 turn #2 at (34,85) facing=west hp=38/38 def=0 spear + boots(4/4)
t= 16  Wren   thought again at 10/14t, wanted the same thing
      face #2 west
    round 5 turn #1 at (32,85) facing=east hp=38/38 def=0 sword + boots(4/4)
t= 17  Pell   finished say(text=good morning target=1) -> say ok shout=false heard_by=1 check=3 context=persuade:#1
t= 17  Pell   has not decided yet, and waits in the world
t= 17  Wren   interrupted (spoken to), abandoned go_to(target=6) 11/14t
t= 17  Wren   began go_to(target=6), 3 ticks
      face #1 east
    round 5 turn #2 at (34,85) facing=west hp=38/38 def=0 spear + boots(4/4)
t= 18  Rook   finished say(text="What brings you this way?" target=4) -> say refused: Sable is out of earshot (37.57 > 20.00)
t= 18  Rook   has not decided yet, and waits in the world
t= 18  Bram   thought again at 5/20t, wanted the same thing
t= 18  Sable  began say(text=Hail, Bram! What brings you out here? target=3), 5 ticks
t= 18  Odo    finished examine(target=x) -> examine refused: Odo carries no x
t= 18  Odo    has not decided yet, and waits in the world
      face #2 west
    round 6 turn #1 at (32,85) facing=east hp=38/38 def=0 sword + boots(4/4)
      face #1 east
    round 6 turn #2 at (34,85) facing=west hp=38/38 def=0 spear + boots(4/4)
t= 20  Wren   finished go_to(target=6) -> go_to ok at=(91.100, 290.000) walked=2.7 steps=3
t= 20  Wren   began pick_up(item=brass lantern), 3 ticks
t= 20  Pell   began pick_up(item=brass lantern target=6), 3 ticks
      face #2 west
    round 7 turn #1 at (32,85) facing=east hp=38/38 def=0 sword + boots(4/4)
t= 21  Rook   began say(text="a fine morning for exploring" target=1), 5 ticks
t= 21  Odo    began go_to(offset=(3.000, 0.000)), 3 ticks
      face #1 east
    round 7 turn #2 at (34,85) facing=west hp=38/38 def=0 spear + boots(4/4)
      face #2 west
    round 8 turn #1 at (32,85) facing=east hp=38/38 def=0 sword + boots(4/4)
t= 23  Wren   finished pick_up(item=brass lantern) -> pick_up ok item=brass lantern from=6
t= 23  Wren   began go_to(target=2), 3 ticks
t= 23  Bram   thought again at 10/20t, wanted the same thing
t= 23  Sable  finished say(text=Hail, Bram! What brings you out here? target=3) -> say ok shout=false heard_by=1 check=4 context=persuade:#3
t= 23  Pell   finished pick_up(item=brass lantern target=6) -> pick_up refused: there is nothing with id 6
t= 23  Pell   has not decided yet, and waits in the world
t= 23  Bram   interrupted (spoken to), abandoned go_to(target=6) 10/20t
t= 23  Bram   began go_to(target=6), 20 ticks
      face #1 east
    round 8 turn #2 at (34,85) facing=west hp=38/38 def=0 spear + boots(4/4)
t= 24  Sable  has not decided yet, and waits in the world
t= 24  Odo    finished go_to(offset=(3.000, 0.000)) -> go_to refused: the way to the position is blocked
t= 24  Odo    has not decided yet, and waits in the world
      face #2 west
    round 9 turn #1 at (32,85) facing=east hp=38/38 def=0 sword + boots(4/4)
      face #1 east
    round 9 turn #2 at (34,85) facing=west hp=38/38 def=0 spear + boots(4/4)
t= 26  Wren   finished go_to(target=2) -> go_to ok at=(88.400, 290.000) walked=2.7 steps=3
t= 26  Wren   began trade_propose(target=2 give=[] give_money=12 want=[silk cloak] want_money=0), 4 ticks
t= 26  Rook   finished say(text="a fine morning for exploring" target=1) -> say ok shout=false heard_by=1 check=5 context=persuade:#1
t= 26  Rook   has not decided yet, and waits in the world
t= 26  Pell   began say(text="Fine day for a walk, isn't it?" target=4), 5 ticks
t= 26  Wren   interrupted (spoken to), abandoned trade_propose(target=2 give=[] give_money=12 want=[silk cloak] want_money=0) 0/4t
t= 26  Wren   began trade_propose(target=2 give=[] give_money=12 want=[silk cloak] want_money=0), 4 ticks
      face #2 west
    round 10 turn #1 at (32,85) facing=east hp=38/38 def=0 sword + boots(4/4)
t= 27  Odo    began go_to(offset=(3.000, 0.000)), 3 ticks
      face #1 east
    round 10 turn #2 at (34,85) facing=west hp=38/38 def=0 spear + boots(4/4)
t= 28  Bram   thought again at 5/20t, wanted the same thing
t= 28  Sable  began go_to(target=6), 20 ticks
      face #2 west
    round 11 turn #1 at (32,85) facing=east hp=38/38 def=0 sword + boots(4/4)
t= 29  Rook   began say(text="a fine morning for exploring" target=1), 5 ticks
      face #1 east
    round 11 turn #2 at (34,85) facing=west hp=38/38 def=0 spear + boots(4/4)
t= 30  Wren   finished trade_propose(target=2 give=[] give_money=12 want=[silk cloak] want_money=0) -> trade_propose ok to=2 give=0 give_money=12 want=1 want_money=0
t= 30  Wren   began wait(ticks=8), 8 ticks
t= 30  Odo    finished go_to(offset=(3.000, 0.000)) -> go_to refused: the way to the position is blocked
t= 30  Odo    has not decided yet, and waits in the world
      face #2 west
    round 12 turn #1 at (32,85) facing=east hp=38/38 def=0 sword + boots(4/4)
t= 31  Pell   finished say(text="Fine day for a walk, isn't it?" target=4) -> say refused: Sable is out of earshot (38.87 > 20.00)
t= 31  Pell   has not decided yet, and waits in the world
      face #1 east
    round 12 turn #2 at (34,85) facing=west hp=38/38 def=0 spear + boots(4/4)
      face #2 west
    round 13 turn #1 at (32,85) facing=east hp=38/38 def=0 sword + boots(4/4)
t= 33  Bram   thought again at 10/20t, wanted the same thing
t= 33  Sable  thought again at 5/20t, wanted the same thing
t= 33  Odo    began say(text="Just wandering, seeing what the land holds. Care to travel together?" target=3), 5 ticks
      face #1 east
    round 13 turn #2 at (34,85) facing=west hp=38/38 def=0 spear + boots(4/4)
t= 34  Rook   finished say(text="a fine morning for exploring" target=1) -> say ok shout=false heard_by=1 check=6 context=persuade:#1
t= 34  Rook   has not decided yet, and waits in the world
t= 34  Pell   began go_to(offset=(3.000, 0.000)), 3 ticks
t= 34  Wren   interrupted (spoken to), abandoned wait(ticks=8) 4/8t
t= 34  Wren   began wait(ticks=8), 8 ticks
      face #2 west
    round 14 turn #1 at (32,85) facing=east hp=38/38 def=0 sword + boots(4/4)
      face #1 east
    round 14 turn #2 at (34,85) facing=west hp=38/38 def=0 spear + boots(4/4)
      face #2 west
    round 15 turn #1 at (32,85) facing=east hp=38/38 def=0 sword + boots(4/4)
t= 37  Rook   began say(text="Aye, it is. Safe travels, friend." target=4), 5 ticks
t= 37  Pell   finished go_to(offset=(3.000, 0.000)) -> go_to ok at=(89.777, 291.731) walked=2.7 steps=3
t= 37  Pell   has not decided yet, and waits in the world
      face #1 east
    round 15 turn #2 at (34,85) facing=west hp=38/38 def=0 spear + boots(4/4)
t= 38  Bram   thought again at 15/20t, wanted the same thing
t= 38  Sable  thought again at 10/20t, wanted the same thing
t= 38  Odo    finished say(text="Just wandering, seeing what the land holds. Care to travel together?" target=3) -> say refused: Bram is out of earshot (90.64 > 20.00)
t= 38  Odo    has not decided yet, and waits in the world
      face #2 west
    round 16 turn #1 at (32,85) facing=east hp=38/38 def=0 sword + boots(4/4)
t= 39  Wren   thought again at 5/8t, wanted the same thing
      face #1 east
    round 16 turn #2 at (34,85) facing=west hp=38/38 def=0 spear + boots(4/4)
t= 40  Pell   began trade_accept(target=1), 3 ticks
      face #2 west
    round 17 turn #1 at (32,85) facing=east hp=38/38 def=0 sword + boots(4/4)
t= 41  Odo    began go_to(offset=(3.000, 0.000)), 3 ticks
      face #1 east
    round 17 turn #2 at (34,85) facing=west hp=38/38 def=0 spear + boots(4/4)
t= 42  Wren   finished wait(ticks=8) -> wait ok ticks=8 until=50
t= 42  Wren   began examine(target=silk cloak), 4 ticks
t= 42  Rook   finished say(text="Aye, it is. Safe travels, friend." target=4) -> say refused: Sable is out of earshot (37.57 > 20.00)
t= 42  Rook   has not decided yet, and waits in the world
      face #2 west
    round 18 turn #1 at (32,85) facing=east hp=38/38 def=0 sword + boots(4/4)
t= 43  Bram   finished go_to(target=6) -> go_to refused: the board decides where a fighter goes
t= 43  Bram   has not decided yet, and waits in the world
t= 43  Sable  thought again at 15/20t, wanted the same thing
t= 43  Pell   finished trade_accept(target=1) -> trade_accept refused: Wren has offered nothing
t= 43  Pell   has not decided yet, and waits in the world
      face #1 east
    round 18 turn #2 at (34,85) facing=west hp=38/38 def=0 spear + boots(4/4)
t= 44  Odo    finished go_to(offset=(3.000, 0.000)) -> go_to refused: the way to the position is blocked
t= 44  Odo    has not decided yet, and waits in the world
      face #2 west
    round 19 turn #1 at (32,85) facing=east hp=38/38 def=0 sword + boots(4/4)
t= 45  Rook   began say(text="Then let's wander together, friend." target=3), 5 ticks
      face #1 east
    round 19 turn #2 at (34,85) facing=west hp=38/38 def=0 spear + boots(4/4)
t= 46  Wren   finished examine(target=silk cloak) -> examine refused: Wren carries no silk cloak
t= 46  Wren   began say(text=a fair bargain), 5 ticks
t= 46  Pell   began go_to(offset=(3.000, 0.000)), 3 ticks
      face #2 west
    round 20 turn #1 at (32,85) facing=east hp=38/38 def=0 sword + boots(4/4)
t= 47  Bram   began say(text="shall we head out and explore together?" target=1), 5 ticks
t= 47  Odo    began say(text="Traveling together sounds good to me. Lead the way?" target=4), 5 ticks
      face #1 east
    round 20 turn #2 at (34,85) facing=west hp=38/38 def=0 spear + boots(4/4)
t= 48  Sable  finished go_to(target=6) -> go_to refused: the board decides where a fighter goes
t= 48  Sable  has not decided yet, and waits in the world
      face #2 west
    round 21 turn #1 at (32,85) facing=east hp=38/38 def=0 sword + boots(4/4)
t= 49  Pell   finished go_to(offset=(3.000, 0.000)) -> go_to ok at=(92.477, 291.731) walked=2.7 steps=3
t= 49  Pell   has not decided yet, and waits in the world
      face #1 east
    round 21 turn #2 at (34,85) facing=west hp=38/38 def=0 spear + boots(4/4)
t= 50  Rook   finished say(text="Then let's wander together, friend." target=3) -> say refused: Bram is out of earshot (35.26 > 20.00)
t= 50  Rook   has not decided yet, and waits in the world
      face #2 west
    round 22 turn #1 at (32,85) facing=east hp=38/38 def=0 sword + boots(4/4)
t= 51  Wren   finished say(text=a fair bargain) -> say ok shout=true heard_by=2
t= 51  Wren   began wait(ticks=24), 24 ticks
      face #1 east
    round 22 turn #2 at (34,85) facing=west hp=38/38 def=0 spear + boots(4/4)
t= 52  Bram   finished say(text="shall we head out and explore together?" target=1) -> say refused: Wren is out of earshot (34.71 > 20.00)
t= 52  Sable  began go_to(target=6), 20 ticks
t= 52  Odo    finished say(text="Traveling together sounds good to me. Lead the way?" target=4) -> say refused: Sable is out of earshot (91.77 > 20.00)
t= 52  Odo    has not decided yet, and waits in the world
t= 52  Pell   began say(text="shall we head out and explore together?" target=7), 5 ticks
      face #2 west
    round 23 turn #1 at (32,85) facing=east hp=38/38 def=0 sword + boots(4/4)
t= 53  Rook   began go_to(offset=(9.000, 0.000)), 10 ticks
t= 53  Bram   has not decided yet, and waits in the world
      face #1 east
    round 23 turn #2 at (34,85) facing=west hp=38/38 def=0 spear + boots(4/4)
      face #2 west
    round 24 turn #1 at (32,85) facing=east hp=38/38 def=0 sword + boots(4/4)
t= 55  Odo    began go_to(offset=(0.000, -3.000)), 3 ticks
      face #1 east
    round 24 turn #2 at (34,85) facing=west hp=38/38 def=0 spear + boots(4/4)
t= 56  Wren   thought again at 5/24t, wanted the same thing
      face #2 west
    round 25 turn #1 at (32,85) facing=east hp=38/38 def=0 sword + boots(4/4)
t= 57  Bram   began say(text="Pell, Wren and I could make a fine exploring party — shall we three head out together?" target=7), 5 ticks
t= 57  Sable  thought again at 5/20t, wanted the same thing
t= 57  Pell   finished say(text="shall we head out and explore together?" target=7) -> say refused: nobody talks to themselves
t= 57  Pell   has not decided yet, and waits in the world
      face #1 east
    round 25 turn #2 at (34,85) facing=west hp=38/38 def=0 spear + boots(4/4)
t= 58  Rook   thought again at 5/10t, wanted the same thing
t= 58  Odo    finished go_to(offset=(0.000, -3.000)) -> go_to ok at=(83.200, 343.300) walked=2.7 steps=3
t= 58  Odo    has not decided yet, and waits in the world
      face #2 west
    round 26 turn #1 at (32,85) facing=east hp=38/38 def=0 sword + boots(4/4)
      face #1 east
    round 26 turn #2 at (34,85) facing=west hp=38/38 def=0 spear + boots(4/4)
t= 60  Pell   began say(text="After you, then — which way shall we wander?" target=4), 5 ticks
      face #2 west
    round 27 turn #1 at (32,85) facing=east hp=38/38 def=0 sword + boots(4/4)
t= 61  Wren   thought again at 10/24t, wanted the same thing
t= 61  Odo    began go_to(offset=(2.000, 0.000)), 2 ticks
      face #1 east
    round 27 turn #2 at (34,85) facing=west hp=38/38 def=0 spear + boots(4/4)
t= 62  Bram   finished say(text="Pell, Wren and I could make a fine exploring party — shall we three head out together?" target=7) -> say refused: Pell is out of earshot (35.59 > 20.00)
t= 62  Sable  thought again at 10/20t, wanted the same thing
      face #2 west
    round 28 turn #1 at (32,85) facing=east hp=38/38 def=0 sword + boots(4/4)
t= 63  Rook   finished go_to(offset=(9.000, 0.000)) -> go_to ok at=(95.500, 290.000) walked=9.0 steps=10
t= 63  Rook   has not decided yet, and waits in the world
t= 63  Bram   has not decided yet, and waits in the world
t= 63  Odo    finished go_to(offset=(2.000, 0.000)) -> go_to refused: the way to the position is blocked
t= 63  Odo    has not decided yet, and waits in the world
      face #1 east
    round 28 turn #2 at (34,85) facing=west hp=38/38 def=0 spear + boots(4/4)
      face #2 west
    round 29 turn #1 at (32,85) facing=east hp=38/38 def=0 sword + boots(4/4)
t= 65  Pell   finished say(text="After you, then — which way shall we wander?" target=4) -> say refused: Sable is out of earshot (36.92 > 20.00)
t= 65  Pell   has not decided yet, and waits in the world
      face #1 east
    round 29 turn #2 at (34,85) facing=west hp=38/38 def=0 spear + boots(4/4)
t= 66  Wren   thought again at 15/24t, wanted the same thing
t= 66  Rook   began go_to(offset=(3.000, 0.000)), 3 ticks
t= 66  Odo    began say(text="East looks promising — let's head that way." target=4), 5 ticks
      face #2 west
    round 30 turn #1 at (32,85) facing=east hp=38/38 def=0 sword + boots(4/4)
t= 67  Bram   began say(text="then let us be off — east, toward the open ground" target=1), 5 ticks
t= 67  Sable  thought again at 15/20t, wanted the same thing
      face #1 east
    round 30 turn #2 at (34,85) facing=west hp=38/38 def=0 spear + boots(4/4)
t= 68  Pell   began go_to(offset=(3.000, 0.000)), 3 ticks
      face #2 west
    round 31 turn #1 at (32,85) facing=east hp=38/38 def=0 sword + boots(4/4)
t= 69  Rook   finished go_to(offset=(3.000, 0.000)) -> go_to ok at=(98.200, 290.000) walked=2.7 steps=3
t= 69  Rook   has not decided yet, and waits in the world
      face #1 east
    round 31 turn #2 at (34,85) facing=west hp=38/38 def=0 spear + boots(4/4)
      face #2 west
    round 32 turn #1 at (32,85) facing=east hp=38/38 def=0 sword + boots(4/4)
t= 71  Wren   thought again at 20/24t, wanted the same thing
t= 71  Odo    finished say(text="East looks promising — let's head that way." target=4) -> say refused: Sable is out of earshot (89.14 > 20.00)
t= 71  Odo    has not decided yet, and waits in the world
t= 71  Pell   finished go_to(offset=(3.000, 0.000)) -> go_to ok at=(95.177, 291.731) walked=2.7 steps=3
t= 71  Pell   has not decided yet, and waits in the world
      face #1 east
    round 32 turn #2 at (34,85) facing=west hp=38/38 def=0 spear + boots(4/4)
t= 72  Rook   began say(text="East, toward that rise — the land looks promising that way." target=3), 5 ticks
t= 72  Bram   finished say(text="then let us be off — east, toward the open ground" target=1) -> say refused: Wren is out of earshot (34.71 > 20.00)
t= 72  Sable  finished go_to(target=6) -> go_to refused: the board decides where a fighter goes
t= 72  Sable  has not decided yet, and waits in the world
      face #2 west
    round 33 turn #1 at (32,85) facing=east hp=38/38 def=0 sword + boots(4/4)
t= 73  Bram   has not decided yet, and waits in the world
      face #1 east
    round 33 turn #2 at (34,85) facing=west hp=38/38 def=0 spear + boots(4/4)
t= 74  Odo    began go_to(offset=(6.000, 0.000)), 7 ticks
t= 74  Pell   began go_to(offset=(3.000, 0.000)), 3 ticks
      face #2 west
    round 34 turn #1 at (32,85) facing=east hp=38/38 def=0 sword + boots(4/4)
t= 75  Wren   finished wait(ticks=24) -> wait ok ticks=24 until=99
t= 75  Wren   began say(text=what was that noise?), 5 ticks
      face #1 east
    round 34 turn #2 at (34,85) facing=west hp=38/38 def=0 spear + boots(4/4)
t= 76  Sable  began go_to(offset=(6.000, 0.000)), 7 ticks
      face #2 west
    round 35 turn #1 at (32,85) facing=east hp=38/38 def=0 sword + boots(4/4)
t= 77  Rook   finished say(text="East, toward that rise — the land looks promising that way." target=3) -> say refused: Bram is out of earshot (33.51 > 20.00)
t= 77  Rook   has not decided yet, and waits in the world
t= 77  Bram   began go_to(offset=(3.000, 0.000)), 3 ticks
t= 77  Pell   finished go_to(offset=(3.000, 0.000)) -> go_to ok at=(97.877, 291.731) walked=2.7 steps=3
t= 77  Pell   has not decided yet, and waits in the world
      face #1 east
    round 35 turn #2 at (34,85) facing=west hp=38/38 def=0 spear + boots(4/4)
      face #2 west
    round 36 turn #1 at (32,85) facing=east hp=38/38 def=0 sword + boots(4/4)
t= 79  Odo    thought again at 5/7t, wanted the same thing
      face #1 east
    round 36 turn #2 at (34,85) facing=west hp=38/38 def=0 spear + boots(4/4)
t= 80  Wren   finished say(text=what was that noise?) -> say ok shout=true heard_by=2
t= 80  Wren   has not decided yet, and waits in the world
t= 80  Rook   began go_to(offset=(6.000, 0.000)), 7 ticks
t= 80  Bram   finished go_to(offset=(3.000, 0.000)) -> go_to refused: the board decides where a fighter goes
t= 80  Pell   began go_to(offset=(3.000, 0.000)), 3 ticks
      face #2 west
    round 37 turn #1 at (32,85) facing=east hp=38/38 def=0 sword + boots(4/4)
t= 81  Bram   has not decided yet, and waits in the world
t= 81  Sable  thought again at 5/7t, wanted the same thing
t= 81  Odo    finished go_to(offset=(6.000, 0.000)) -> go_to refused: the way to the position is blocked
t= 81  Odo    has not decided yet, and waits in the world
      face #1 east
    round 37 turn #2 at (34,85) facing=west hp=38/38 def=0 spear + boots(4/4)
      face #2 west
    round 38 turn #1 at (32,85) facing=east hp=38/38 def=0 sword + boots(4/4)
t= 83  Sable  finished go_to(offset=(6.000, 0.000)) -> go_to refused: the board decides where a fighter goes
t= 83  Pell   finished go_to(offset=(3.000, 0.000)) -> go_to ok at=(100.577, 291.731) walked=2.7 steps=3
t= 83  Pell   has not decided yet, and waits in the world
      face #1 east
    round 38 turn #2 at (34,85) facing=west hp=38/38 def=0 spear + boots(4/4)
t= 84  Sable  has not decided yet, and waits in the world
t= 84  Odo    began go_to(offset=(3.000, 0.000)), 3 ticks
      face #2 west
    round 39 turn #1 at (32,85) facing=east hp=38/38 def=0 sword + boots(4/4)
t= 85  Rook   thought again at 5/7t, wanted the same thing
t= 85  Bram   began say(text="Aye, Rook — let the three of us head out together." target=2), 5 ticks
      face #1 east
    round 39 turn #2 at (34,85) facing=west hp=38/38 def=0 spear + boots(4/4)
t= 86  Pell   began go_to(offset=(3.000, 0.000)), 3 ticks
      face #2 west
    round 40 turn #1 at (32,85) facing=east hp=38/38 def=0 sword + boots(4/4)
t= 87  Rook   finished go_to(offset=(6.000, 0.000)) -> go_to ok at=(104.200, 290.000) walked=6.0 steps=7
t= 87  Rook   has not decided yet, and waits in the world
t= 87  Odo    finished go_to(offset=(3.000, 0.000)) -> go_to refused: the way to the position is blocked
t= 87  Odo    has not decided yet, and waits in the world
      face #1 east
    round 40 turn #2 at (34,85) facing=west hp=38/38 def=0 spear + boots(4/4)
t= 88  Sable  began go_to(offset=(3.000, 0.000)), 3 ticks
      face #2 west
    round 41 turn #1 at (32,85) facing=east hp=38/38 def=0 sword + boots(4/4)
t= 88  --     the fight is over; real time again
    over turns=80 rounds=41 ending=limit survivors=2 fallen=0
    snap-out #3 cell (32,85) -> (97.500, 16.000, 256.500) back to cell (32,85) hp=38/38
    snap-out #4 cell (34,85) -> (103.500, 16.000, 256.500) back to cell (34,85) hp=38/38
t= 89  Pell   finished go_to(offset=(3.000, 0.000)) -> go_to ok at=(103.277, 291.731) walked=2.7 steps=3
t= 89  Pell   has not decided yet, and waits in the world
t= 90  Rook   began go_to(offset=(3.000, 0.000)), 3 ticks
t= 90  Bram   finished say(text="Aye, Rook — let the three of us head out together." target=2) -> say refused: Rook is out of earshot (34.16 > 20.00)
t= 90  Bram   has not decided yet, and waits in the world
t= 90  Odo    began go_to(offset=(3.000, 0.000)), 3 ticks
t= 91  Sable  finished go_to(offset=(3.000, 0.000)) -> go_to ok at=(106.200, 256.500) walked=2.7 steps=3
t= 91  Sable  has not decided yet, and waits in the world
t= 92  Pell   began go_to(target=6), 20 ticks
t= 93  Rook   finished go_to(offset=(3.000, 0.000)) -> go_to ok at=(106.900, 290.000) walked=2.7 steps=3
t= 93  Rook   has not decided yet, and waits in the world
t= 93  Bram   began go_to(offset=(10.000, 0.000)), 11 ticks
t= 93  Odo    finished go_to(offset=(3.000, 0.000)) -> go_to refused: the way to the position is blocked
t= 93  Odo    has not decided yet, and waits in the world
t= 94  Sable  began go_to(offset=(3.000, 0.000)), 3 ticks
t= 96  Rook   began go_to(offset=(3.000, 0.000)), 3 ticks
t= 96  Odo    began go_to(offset=(3.000, 0.000)), 3 ticks
t= 97  Sable  finished go_to(offset=(3.000, 0.000)) -> go_to ok at=(108.900, 256.500) walked=2.7 steps=3
t= 97  Sable  has not decided yet, and waits in the world
t= 97  Pell   thought again at 5/20t, wanted the same thing
t= 98  Bram   thought again at 5/11t, wanted the same thing
t= 99  Rook   finished go_to(offset=(3.000, 0.000)) -> go_to refused: the way to the position is blocked
t= 99  Rook   has not decided yet, and waits in the world
t= 99  Odo    finished go_to(offset=(3.000, 0.000)) -> go_to refused: the way to the position is blocked
t= 99  Odo    has not decided yet, and waits in the world
t=100  Sable  began go_to(offset=(3.000, 0.000)), 3 ticks
t=102  Rook   began go_to(offset=(3.000, 0.000)), 3 ticks
t=102  Odo    began go_to(offset=(3.000, 0.000)), 3 ticks
t=102  Pell   thought again at 10/20t, wanted the same thing
t=103  Bram   thought again at 10/11t, wanted the same thing
t=103  Sable  finished go_to(offset=(3.000, 0.000)) -> go_to ok at=(111.600, 256.500) walked=2.7 steps=3
t=103  Sable  has not decided yet, and waits in the world
t=104  Bram   finished go_to(offset=(10.000, 0.000)) -> go_to ok at=(107.400, 256.500) walked=9.9 steps=11
t=104  Bram   has not decided yet, and waits in the world
t=105  Rook   finished go_to(offset=(3.000, 0.000)) -> go_to refused: the way to the position is blocked
t=105  Rook   has not decided yet, and waits in the world
t=105  Odo    finished go_to(offset=(3.000, 0.000)) -> go_to refused: the way to the position is blocked
t=105  Odo    has not decided yet, and waits in the world
t=106  Sable  began go_to(offset=(3.000, 0.000)), 3 ticks
t=107  Bram   began go_to(offset=(3.000, 0.000)), 3 ticks
t=107  Pell   thought again at 15/20t, wanted the same thing
t=108  Rook   began go_to(offset=(3.000, 0.000)), 3 ticks
t=108  Odo    began go_to(offset=(3.000, 0.000)), 3 ticks
t=109  Sable  finished go_to(offset=(3.000, 0.000)) -> go_to ok at=(114.300, 256.500) walked=2.7 steps=3
t=109  Sable  has not decided yet, and waits in the world
t=110  Bram   finished go_to(offset=(3.000, 0.000)) -> go_to ok at=(110.100, 256.500) walked=2.7 steps=3
t=110  Bram   has not decided yet, and waits in the world
t=111  Rook   finished go_to(offset=(3.000, 0.000)) -> go_to refused: the way to the position is blocked
t=111  Rook   has not decided yet, and waits in the world
t=111  Odo    finished go_to(offset=(3.000, 0.000)) -> go_to refused: the way to the position is blocked
t=111  Odo    has not decided yet, and waits in the world
t=112  Sable  began go_to(offset=(3.000, 0.000)), 3 ticks
t=112  Pell   finished go_to(target=6) -> go_to refused: there is nothing with id 6
t=112  Pell   has not decided yet, and waits in the world
t=113  Bram   began say(text="Wren, Pell — I heard it too. Stay sharp; let's move east together and find what made that noise." target=1), 5 ticks
t=114  Rook   began go_to(offset=(3.000, 0.000)), 3 ticks
t=114  Odo    began go_to(offset=(6.000, 0.000)), 7 ticks
t=115  Sable  finished go_to(offset=(3.000, 0.000)) -> go_to ok at=(117.000, 256.500) walked=2.7 steps=3
t=115  Sable  has not decided yet, and waits in the world
t=115  Pell   began say(text="What noise, Wren? I heard nothing but the wind." target=1), 5 ticks
t=117  Rook   finished go_to(offset=(3.000, 0.000)) -> go_to refused: the way to the position is blocked
t=117  Rook   has not decided yet, and waits in the world
t=118  Bram   finished say(text="Wren, Pell — I heard it too. Stay sharp; let's move east together and find what made that noise." target=1) -> say refused: Wren is out of earshot (39.91 > 20.00)
t=118  Bram   has not decided yet, and waits in the world
t=118  Sable  began go_to(offset=(3.000, 0.000)), 3 ticks
t=119  Odo    thought again at 5/7t, wanted the same thing
t=120  Rook   began go_to(offset=(3.000, 0.000)), 3 ticks
t=120  Pell   finished say(text="What noise, Wren? I heard nothing but the wind." target=1) -> say ok shout=false heard_by=1 check=7 context=persuade:#1
t=120  Pell   has not decided yet, and waits in the world
t=121  Bram   began say(text=I heard nothing myself — perhaps #3, the armed one moving east? target=1), 5 ticks
t=121  Sable  finished go_to(offset=(3.000, 0.000)) -> go_to ok at=(119.700, 256.500) walked=2.7 steps=3
t=121  Sable  has not decided yet, and waits in the world
t=121  Odo    finished go_to(offset=(6.000, 0.000)) -> go_to refused: the way to the position is blocked
t=121  Odo    has not decided yet, and waits in the world
t=123  Rook   finished go_to(offset=(3.000, 0.000)) -> go_to refused: the way to the position is blocked
t=123  Rook   has not decided yet, and waits in the world
t=123  Pell   began say(text=Shall we set off, then? Rook, Wren — the road waits. target=2), 5 ticks
t=124  Sable  began go_to(offset=(3.000, 0.000)), 3 ticks
t=124  Odo    began go_to(offset=(3.000, 0.000)), 3 ticks
t=126  Rook   began go_to(offset=(3.000, 0.000)), 3 ticks
t=126  Bram   finished say(text=I heard nothing myself — perhaps #3, the armed one moving east? target=1) -> say refused: Wren is out of earshot (39.91 > 20.00)
t=126  Bram   has not decided yet, and waits in the world
t=127  Sable  finished go_to(offset=(3.000, 0.000)) -> go_to ok at=(122.400, 256.500) walked=2.7 steps=3
t=127  Sable  has not decided yet, and waits in the world
t=127  Odo    finished go_to(offset=(3.000, 0.000)) -> go_to refused: the way to the position is blocked
t=127  Odo    has not decided yet, and waits in the world
t=128  Pell   finished say(text=Shall we set off, then? Rook, Wren — the road waits. target=2) -> say ok shout=false heard_by=1 check=8 context=persuade:#2
t=128  Pell   has not decided yet, and waits in the world
t=128  Rook   interrupted (spoken to), abandoned go_to(offset=(3.000, 0.000)) 2/3t
t=128  Rook   began go_to(offset=(3.000, 0.000)), 3 ticks
t=129  Bram   began say(text="Wren, Pell — I heard it too. Let us move east together and find what made that noise." target=1), 5 ticks
t=130  Sable  began go_to(offset=(3.000, 0.000)), 3 ticks
t=130  Odo    began go_to(offset=(3.000, 0.000)), 3 ticks
t=131  Rook   finished go_to(offset=(3.000, 0.000)) -> go_to refused: the way to the position is blocked
t=131  Rook   has not decided yet, and waits in the world
t=131  Pell   began say(text=Set off east, then — keep together, and mind the edge south of here. target=2), 5 ticks
t=133  Sable  finished go_to(offset=(3.000, 0.000)) -> go_to ok at=(125.100, 256.500) walked=2.7 steps=3
t=133  Sable  has not decided yet, and waits in the world
t=133  Odo    finished go_to(offset=(3.000, 0.000)) -> go_to refused: the way to the position is blocked
t=133  Odo    has not decided yet, and waits in the world
t=134  Rook   began go_to(offset=(3.000, 0.000)), 3 ticks
t=134  Bram   finished say(text="Wren, Pell — I heard it too. Let us move east together and find what made that noise." target=1) -> say refused: Wren is out of earshot (39.91 > 20.00)
t=134  Bram   has not decided yet, and waits in the world
t=136  Sable  began go_to(offset=(3.000, 0.000)), 3 ticks
t=136  Odo    began go_to(offset=(3.000, 0.000)), 3 ticks
t=136  Pell   finished say(text=Set off east, then — keep together, and mind the edge south of here. target=2) -> say ok shout=false heard_by=1 check=9 context=persuade:#2
t=136  Pell   has not decided yet, and waits in the world
t=136  Rook   interrupted (spoken to), abandoned go_to(offset=(3.000, 0.000)) 2/3t
t=136  Rook   began go_to(offset=(3.000, 0.000)), 3 ticks
t=137  Bram   began say(text=the three of us are set — east, toward that open ground, and let us find what made that noise target=1), 5 ticks
t=139  Rook   finished go_to(offset=(3.000, 0.000)) -> go_to refused: the way to the position is blocked
t=139  Rook   has not decided yet, and waits in the world
t=139  Sable  finished go_to(offset=(3.000, 0.000)) -> go_to ok at=(127.800, 256.500) walked=2.7 steps=3
t=139  Sable  has not decided yet, and waits in the world
t=139  Odo    finished go_to(offset=(3.000, 0.000)) -> go_to refused: the way to the position is blocked
t=139  Odo    has not decided yet, and waits in the world
t=139  Pell   began go_to(offset=(3.000, 0.000)), 3 ticks
t=142  Rook   began say(text="Rook, Wren — eastward, and mind the drop south of here." target=2), 5 ticks
t=142  Bram   finished say(text=the three of us are set — east, toward that open ground, and let us find what made that noise target=1) -> say refused: Wren is out of earshot (39.91 > 20.00)
t=142  Bram   has not decided yet, and waits in the world
t=142  Sable  began say(text="East it is — after you, Sable." target=4), 5 ticks
t=142  Odo    began go_to(offset=(3.000, 0.000)), 3 ticks
t=142  Pell   finished go_to(offset=(3.000, 0.000)) -> go_to ok at=(105.977, 291.731) walked=2.7 steps=3
t=142  Pell   has not decided yet, and waits in the world
t=145  Bram   began go_to(offset=(3.000, 0.000)), 3 ticks
t=145  Odo    finished go_to(offset=(3.000, 0.000)) -> go_to refused: the way to the position is blocked
t=145  Odo    has not decided yet, and waits in the world
t=145  Pell   began go_to(offset=(3.000, 0.000)), 3 ticks
t=147  Rook   finished say(text="Rook, Wren — eastward, and mind the drop south of here." target=2) -> say refused: nobody talks to themselves
t=147  Rook   has not decided yet, and waits in the world
t=147  Sable  finished say(text="East it is — after you, Sable." target=4) -> say refused: nobody talks to themselves
t=147  Sable  has not decided yet, and waits in the world
t=148  Bram   finished go_to(offset=(3.000, 0.000)) -> go_to ok at=(112.800, 256.500) walked=2.7 steps=3
t=148  Bram   has not decided yet, and waits in the world
t=148  Odo    began go_to(offset=(3.000, 0.000)), 3 ticks
t=148  Pell   finished go_to(offset=(3.000, 0.000)) -> go_to refused: the way to the position is blocked
t=148  Pell   has not decided yet, and waits in the world
t=150  Rook   began go_to(offset=(3.000, 0.000)), 3 ticks
t=150  Sable  began go_to(target=4), 1 ticks
t=151  Bram   began go_to(offset=(3.000, 0.000)), 3 ticks
t=151  Sable  finished go_to(target=4) -> go_to ok at=(127.800, 256.500) walked=0.0 steps=0
t=151  Sable  has not decided yet, and waits in the world
t=151  Odo    finished go_to(offset=(3.000, 0.000)) -> go_to refused: the way to the position is blocked
t=151  Odo    has not decided yet, and waits in the world
t=151  Pell   began go_to(offset=(3.000, 0.000)), 3 ticks
t=153  Rook   finished go_to(offset=(3.000, 0.000)) -> go_to refused: the way to the position is blocked
t=153  Rook   has not decided yet, and waits in the world
t=154  Bram   finished go_to(offset=(3.000, 0.000)) -> go_to ok at=(115.500, 256.500) walked=2.7 steps=3
t=154  Bram   has not decided yet, and waits in the world
t=154  Sable  began go_to(offset=(3.000, 0.000)), 3 ticks
t=154  Odo    began go_to(offset=(3.000, 0.000)), 3 ticks
t=154  Pell   finished go_to(offset=(3.000, 0.000)) -> go_to refused: the way to the position is blocked
t=154  Pell   has not decided yet, and waits in the world
t=156  Rook   began go_to(offset=(3.000, 0.000)), 3 ticks
t=157  Bram   began go_to(offset=(6.000, 0.000)), 7 ticks
t=157  Sable  finished go_to(offset=(3.000, 0.000)) -> go_to ok at=(130.500, 256.500) walked=2.7 steps=3
t=157  Sable  has not decided yet, and waits in the world
t=157  Odo    finished go_to(offset=(3.000, 0.000)) -> go_to refused: the way to the position is blocked
t=157  Odo    has not decided yet, and waits in the world
t=157  Pell   began go_to(offset=(3.000, 0.000)), 3 ticks
t=159  Rook   finished go_to(offset=(3.000, 0.000)) -> go_to refused: the way to the position is blocked
t=159  Rook   has not decided yet, and waits in the world
t=160  Sable  began go_to(offset=(3.000, 0.000)), 3 ticks
t=160  Odo    began go_to(offset=(3.000, 0.000)), 3 ticks
t=160  Pell   finished go_to(offset=(3.000, 0.000)) -> go_to refused: the way to the position is blocked
t=160  Pell   has not decided yet, and waits in the world

the model cast's turns -- 100 questions across 5 characters, 100 chose an action
  who    turn asked answered  observed          the model said                 which read back as           what the engine answered
  Rook   1        1        4  42fa9024f9abc205  examine target=#6              examine(target=6)            examine ok id=6 name=pile kind=pile shut=false holds=1 money=0 distance=7.0  (chosen again after 1 interruption)
  Bram   1        1        4  ad9d4b05dbd8f7ca  say text=Hail, traveler! targ… say(text=Hail, traveler! ta… say ok shout=false heard_by=1 check=2 context=persuade:#4
  Sable  1        1        4  b77913aac977364d  go_to target=#3                go_to(target=3)              go_to refused: the board decides where a fighter goes  (chosen again after 1 interruption)
  Odo    1        1        4  cf0f5290ec91f22a  go_to offset=(6, 0)            go_to(offset=(6.000, 0.000)) go_to refused: the way to the position is blocked
  Pell   1        1        4  8b367a48277d16ac  go_to target=#2                go_to(target=2)              go_to ok at=(87.077, 291.731) walked=4.5 steps=5
  Pell   2        9       12  ec20e877a84a5f5c  say text=good morning target=… say(text=good morning targe… say ok shout=false heard_by=1 check=3 context=persuade:#1
  Rook   2       10       13  d8f556cd8136a613  say text="What brings you thi… say(text="What brings you t… say refused: Sable is out of earshot (37.57 > 20.00)
  Bram   2        9       13  efe71dd56aa67591  go_to target=#6                go_to(target=6)              go_to refused: the board decides where a fighter goes  (chosen again after 1 interruption)
  Odo    2       11       14  c7c9737f3e431bb3  examine target=x               examine(target=x)            examine refused: Odo carries no x
  Sable  2       14       18  989d7ad82c980a3a  say text=Hail, Bram! What bri… say(text=Hail, Bram! What b… say ok shout=false heard_by=1 check=4 context=persuade:#3
  Pell   3       17       20  e4393bd957798f27  pick_up item=brass lantern ta… pick_up(item=brass lantern … pick_up refused: there is nothing with id 6
  Rook   3       18       21  b7db15225e35a922  say text="a fine morning for … say(text="a fine morning fo… say ok shout=false heard_by=1 check=5 context=persuade:#1
  Odo    3       18       21  c7c9737f3e431bb3  go_to offset=(3, 0)            go_to(offset=(3.000, 0.000)) go_to refused: the way to the position is blocked
  Pell   4       23       26  310bf0309c6d1c92  say text="Fine day for a walk… say(text="Fine day for a wa… say refused: Sable is out of earshot (38.87 > 20.00)
  Odo    4       24       27  c7c9737f3e431bb3  go_to offset=(3, 0)            go_to(offset=(3.000, 0.000)) go_to refused: the way to the position is blocked
  Sable  3       24       28  39c7de62a578533a  go_to target=#6                go_to(target=6)              go_to refused: the board decides where a fighter goes
  Rook   4       26       29  5fe1ba34bcb62621  say text="a fine morning for … say(text="a fine morning fo… say ok shout=false heard_by=1 check=6 context=persuade:#1
  Odo    5       30       33  c7c9737f3e431bb3  say text="Just wandering, see… say(text="Just wandering, s… say refused: Bram is out of earshot (90.64 > 20.00)
  Pell   5       31       34  1955b08ebeb99915  go_to offset=(3, 0)            go_to(offset=(3.000, 0.000)) go_to ok at=(89.777, 291.731) walked=2.7 steps=3
  Rook   5       34       37  36ab08b0dda3820c  say text="Aye, it is. Safe tr… say(text="Aye, it is. Safe … say refused: Sable is out of earshot (37.57 > 20.00)
  Pell   6       37       40  6dd874f62449be19  trade_accept target=#1         trade_accept(target=1)       trade_accept refused: Wren has offered nothing
  Odo    6       38       41  c7c9737f3e431bb3  go_to offset=(3, 0)            go_to(offset=(3.000, 0.000)) go_to refused: the way to the position is blocked
  Rook   6       42       45  73ff82541df22ab4  say text="Then let's wander t… say(text="Then let's wander… say refused: Bram is out of earshot (35.26 > 20.00)
  Pell   7       43       46  63cb377fcb050c96  go_to offset=(3, 0)            go_to(offset=(3.000, 0.000)) go_to ok at=(92.477, 291.731) walked=2.7 steps=3
  Bram   3       43       47  bc097a71efc10b4c  say text="shall we head out a… say(text="shall we head out… say refused: Wren is out of earshot (34.71 > 20.00)
  Odo    7       44       47  c7c9737f3e431bb3  say text="Traveling together … say(text="Traveling togethe… say refused: Sable is out of earshot (91.77 > 20.00)
  Sable  4       48       52  c15c83af55c47fff  go_to target=#6                go_to(target=6)              go_to refused: the board decides where a fighter goes
  Pell   8       49       52  0c6adc2b5272bb42  say text="shall we head out a… say(text="shall we head out… say refused: nobody talks to themselves
  Rook   7       50       53  bc507a9eaeae9110  go_to offset=(9, 0)            go_to(offset=(9.000, 0.000)) go_to ok at=(95.500, 290.000) walked=9.0 steps=10
  Odo    8       52       55  c7c9737f3e431bb3  go_to offset=(0.0, -3.0)       go_to(offset=(0.000, -3.000… go_to ok at=(83.200, 343.300) walked=2.7 steps=3
  Bram   4       53       57  bf2e4ba11416a76b  say text="Pell, Wren and I co… say(text="Pell, Wren and I … say refused: Pell is out of earshot (35.59 > 20.00)
  Pell   9       57       60  78e24e9800bafc6a  say text="After you, then — w… say(text="After you, then —… say refused: Sable is out of earshot (36.92 > 20.00)
  Odo    9       58       61  85e20cd6800c309a  go_to offset=(2.0, 0.0)        go_to(offset=(2.000, 0.000)) go_to refused: the way to the position is blocked
  Rook   8       63       66  c35e795b7a0819a4  go_to offset=(3, 0)            go_to(offset=(3.000, 0.000)) go_to ok at=(98.200, 290.000) walked=2.7 steps=3
  Odo    10      63       66  7d345c8f3175116a  say text="East looks promisin… say(text="East looks promis… say refused: Sable is out of earshot (89.14 > 20.00)
  Bram   5       63       67  eed3c295af956782  say text="then let us be off … say(text="then let us be of… say refused: Wren is out of earshot (34.71 > 20.00)
  Pell   10      65       68  67c1127254f667a2  go_to offset=(3, 0)            go_to(offset=(3.000, 0.000)) go_to ok at=(95.177, 291.731) walked=2.7 steps=3
  Rook   9       69       72  c10e03856c1aff2c  say text="East, toward that r… say(text="East, toward that… say refused: Bram is out of earshot (33.51 > 20.00)
  Odo    11      71       74  7d345c8f3175116a  go_to offset=(6.0, 0.0)        go_to(offset=(6.000, 0.000)) go_to refused: the way to the position is blocked
  Pell   11      71       74  dcd6930a7e5c5860  go_to offset=(3, 0)            go_to(offset=(3.000, 0.000)) go_to ok at=(97.877, 291.731) walked=2.7 steps=3
  Sable  5       72       76  066e381400450795  go_to offset=(6.0, 0.0)        go_to(offset=(6.000, 0.000)) go_to refused: the board decides where a fighter goes
  Bram   6       73       77  538a0c1d2b1264fd  go_to offset=(3, 0)            go_to(offset=(3.000, 0.000)) go_to refused: the board decides where a fighter goes
  Rook   10      77       80  250287d9d2d210cb  go_to offset=(6.0, 0.0)        go_to(offset=(6.000, 0.000)) go_to ok at=(104.200, 290.000) walked=6.0 steps=7
  Pell   12      77       80  8dcbe01d3fa96f9b  go_to offset=(3, 0)            go_to(offset=(3.000, 0.000)) go_to ok at=(100.577, 291.731) walked=2.7 steps=3
  Odo    12      81       84  7d345c8f3175116a  go_to offset=(3, 0)            go_to(offset=(3.000, 0.000)) go_to refused: the way to the position is blocked
  Bram   7       81       85  889ebcb6af9d9612  say text="Aye, Rook — let the… say(text="Aye, Rook — let t… say refused: Rook is out of earshot (34.16 > 20.00)
  Pell   13      83       86  678ea9587cf1f5a1  go_to offset=(3.0, 0.0)        go_to(offset=(3.000, 0.000)) go_to ok at=(103.277, 291.731) walked=2.7 steps=3
  Sable  6       84       88  194330baeb6841a4  go_to offset=(+3.0, +0.0)      go_to(offset=(3.000, 0.000)) go_to ok at=(106.200, 256.500) walked=2.7 steps=3
  Rook   11      87       90  6ca911c7888e2e57  go_to offset=(3.0, 0.0)        go_to(offset=(3.000, 0.000)) go_to ok at=(106.900, 290.000) walked=2.7 steps=3
  Odo    13      87       90  7d345c8f3175116a  go_to offset=(3, 0)            go_to(offset=(3.000, 0.000)) go_to refused: the way to the position is blocked
  Pell   14      89       92  9f41ccb0d000f880  go_to target=#6                go_to(target=6)              go_to refused: there is nothing with id 6
  Bram   8       90       93  86b9c46627ee2b8a  go_to offset=(10, 0)           go_to(offset=(10.000, 0.000… go_to ok at=(107.400, 256.500) walked=9.9 steps=11
  Sable  7       91       94  bbdd6e42312a4eec  go_to offset=(3.0, 0.0)        go_to(offset=(3.000, 0.000)) go_to ok at=(108.900, 256.500) walked=2.7 steps=3
  Rook   12      93       96  fab91a0a93caf968  go_to offset=(3.0, 0.0)        go_to(offset=(3.000, 0.000)) go_to refused: the way to the position is blocked
  Odo    14      93       96  7d345c8f3175116a  go_to offset=(3, 0)            go_to(offset=(3.000, 0.000)) go_to refused: the way to the position is blocked
  Sable  8       97      100  9024c27a5a3ed31f  go_to offset=(3.0, 0.0)        go_to(offset=(3.000, 0.000)) go_to ok at=(111.600, 256.500) walked=2.7 steps=3
  Rook   13      99      102  fb844d77aa47f795  go_to offset=(3.0, 0.0)        go_to(offset=(3.000, 0.000)) go_to refused: the way to the position is blocked
  Odo    15      99      102  7d345c8f3175116a  go_to offset=(3, 0)            go_to(offset=(3.000, 0.000)) go_to refused: the way to the position is blocked
  Sable  9      103      106  b3003c9e45aa401f  go_to offset=(3.0, 0.0)        go_to(offset=(3.000, 0.000)) go_to ok at=(114.300, 256.500) walked=2.7 steps=3
  Bram   9      104      107  ea557d8f59a88e0a  go_to offset=(3.0, 0.0)        go_to(offset=(3.000, 0.000)) go_to ok at=(110.100, 256.500) walked=2.7 steps=3
  Rook   14     105      108  6c352002f9de6a94  go_to offset=(3.0, 0.0)        go_to(offset=(3.000, 0.000)) go_to refused: the way to the position is blocked
  Odo    16     105      108  7d345c8f3175116a  go_to offset=(3, 0)            go_to(offset=(3.000, 0.000)) go_to refused: the way to the position is blocked
  Sable  10     109      112  49b8db53cd540bbe  go_to offset=(3.0, 0.0)        go_to(offset=(3.000, 0.000)) go_to ok at=(117.000, 256.500) walked=2.7 steps=3
  Bram   10     110      113  e58e9cc7c3f666b2  say text="Wren, Pell — I hear… say(text="Wren, Pell — I he… say refused: Wren is out of earshot (39.91 > 20.00)
  Rook   15     111      114  172c43a0dcfc9d36  go_to offset=(3.0, 0.0)        go_to(offset=(3.000, 0.000)) go_to refused: the way to the position is blocked
  Odo    17     111      114  7d345c8f3175116a  go_to offset=(6, 0)            go_to(offset=(6.000, 0.000)) go_to refused: the way to the position is blocked
  Pell   15     112      115  c452b0bb9ff93efd  say text="What noise, Wren? I… say(text="What noise, Wren?… say ok shout=false heard_by=1 check=7 context=persuade:#1
  Sable  11     115      118  742af97eddda8690  go_to offset=(3.0, 0.0)        go_to(offset=(3.000, 0.000)) go_to ok at=(119.700, 256.500) walked=2.7 steps=3
  Rook   16     117      120  08bdb830e308123a  go_to offset=(3.0, 0.0)        go_to(offset=(3.000, 0.000)) go_to refused: the way to the position is blocked
  Bram   11     118      121  e8304fe0e309bc60  say text=I heard nothing myse… say(text=I heard nothing my… say refused: Wren is out of earshot (39.91 > 20.00)
  Pell   16     120      123  255ec772871be68c  say text=Shall we set off, th… say(text=Shall we set off, … say ok shout=false heard_by=1 check=8 context=persuade:#2
  Sable  12     121      124  b3c887ade208d3ed  go_to offset=(3, 0)            go_to(offset=(3.000, 0.000)) go_to ok at=(122.400, 256.500) walked=2.7 steps=3
  Odo    18     121      124  7d345c8f3175116a  go_to offset=(3, 0)            go_to(offset=(3.000, 0.000)) go_to refused: the way to the position is blocked
  Rook   17     123      126  d29ce19bc36803a9  go_to offset=(3.0, 0.0)        go_to(offset=(3.000, 0.000)) go_to refused: the way to the position is blocked  (chosen again after 1 interruption)
  Bram   12     126      129  a5b3c0bbe0a77d97  say text="Wren, Pell — I hear… say(text="Wren, Pell — I he… say refused: Wren is out of earshot (39.91 > 20.00)
  Sable  13     127      130  759ac4c6f29a91b1  go_to offset=(3.0, 0.0)        go_to(offset=(3.000, 0.000)) go_to ok at=(125.100, 256.500) walked=2.7 steps=3
  Odo    19     127      130  7d345c8f3175116a  go_to offset=(3, 0)            go_to(offset=(3.000, 0.000)) go_to refused: the way to the position is blocked
  Pell   17     128      131  2bc6c164f2a5580c  say text=Set off east, then —… say(text=Set off east, then… say ok shout=false heard_by=1 check=9 context=persuade:#2
  Rook   18     131      134  810884f1599280e8  go_to offset=(3.0, 0.0)        go_to(offset=(3.000, 0.000)) go_to refused: the way to the position is blocked  (chosen again after 1 interruption)
  Sable  14     133      136  827130f6b4dcb5d4  go_to offset=(3.0, 0.0)        go_to(offset=(3.000, 0.000)) go_to ok at=(127.800, 256.500) walked=2.7 steps=3
  Odo    20     133      136  7d345c8f3175116a  go_to offset=(3, 0)            go_to(offset=(3.000, 0.000)) go_to refused: the way to the position is blocked
  Bram   13     134      137  00ebcc8c5bf78c0d  say text=the three of us are … say(text=the three of us ar… say refused: Wren is out of earshot (39.91 > 20.00)
  Pell   18     136      139  dd9994ea94f3697d  go_to offset=(3.0, 0.0)        go_to(offset=(3.000, 0.000)) go_to ok at=(105.977, 291.731) walked=2.7 steps=3
  Rook   19     139      142  c88d1101965e55e9  say text="Rook, Wren — eastwa… say(text="Rook, Wren — east… say refused: nobody talks to themselves
  Sable  15     139      142  db7c393b14c35a32  say text="East it is — after … say(text="East it is — afte… say refused: nobody talks to themselves
  Odo    21     139      142  7d345c8f3175116a  go_to offset=(3, 0)            go_to(offset=(3.000, 0.000)) go_to refused: the way to the position is blocked
  Bram   14     142      145  0aee0404b8e06e2a  go_to offset=(3.0, 0.0)        go_to(offset=(3.000, 0.000)) go_to ok at=(112.800, 256.500) walked=2.7 steps=3
  Pell   19     142      145  7381b47a0c1149c0  go_to offset=(3, 0)            go_to(offset=(3.000, 0.000)) go_to refused: the way to the position is blocked
  Odo    22     145      148  7d345c8f3175116a  go_to offset=(3.0, 0.0)        go_to(offset=(3.000, 0.000)) go_to refused: the way to the position is blocked
  Rook   20     147      150  495bd547871188ad  go_to offset=(3, 0)            go_to(offset=(3.000, 0.000)) go_to refused: the way to the position is blocked
  Sable  16     147      150  2f023c7e4df5a102  go_to target=#4                go_to(target=4)              go_to ok at=(127.800, 256.500) walked=0.0 steps=0
  Bram   15     148      151  34465491a68034a9  go_to offset=(3.0, 0.0)        go_to(offset=(3.000, 0.000)) go_to ok at=(115.500, 256.500) walked=2.7 steps=3
  Pell   20     148      151  3d045322d67e882e  go_to offset=(3.0, 0.0)        go_to(offset=(3.000, 0.000)) go_to refused: the way to the position is blocked
  Sable  17     151      154  212c5b92d28db7e5  go_to offset=(3.0, 0.0)        go_to(offset=(3.000, 0.000)) go_to ok at=(130.500, 256.500) walked=2.7 steps=3
  Odo    23     151      154  7d345c8f3175116a  go_to offset=(3, 0)            go_to(offset=(3.000, 0.000)) go_to refused: the way to the position is blocked
  Rook   21     153      156  55d0f5f57c532d02  go_to offset=(3.0, 0.0)        go_to(offset=(3.000, 0.000)) go_to refused: the way to the position is blocked
  Bram   16     154      157  1db779321121af79  go_to offset=(6, 0)            go_to(offset=(6.000, 0.000)) still running when the run ended
  Pell   21     154      157  a187c8d44a786163  go_to offset=(3.0, 0.0)        go_to(offset=(3.000, 0.000)) go_to refused: the way to the position is blocked
  Sable  18     157      160  085b21c2ba4dd489  go_to offset=(3, 0)            go_to(offset=(3.000, 0.000)) still running when the run ended
  Odo    24     157      160  7d345c8f3175116a  go_to offset=(3.0, 0.0)        go_to(offset=(3.000, 0.000)) still running when the run ended
  still waiting: Rook: this reply was recorded for another question: the prompt put here fingerprints 14d727a7b68c1b15 and the recorded one 9d5a635231604277
  still waiting: Pell: this reply was recorded for another question: the prompt put here fingerprints 3d25f43e7023b541 and the recorded one 063d38c5d1ad7948

nobody waits on anybody
  who    turn asked answered waited alongside  ticks each of the others was serviced for      actions
        (a character that has fallen out of the world is serviced no further, and shows 0)
  Rook   1        1        4      3         4  Wren 3 Bram 3 Sable 3 Odo 3 Pell 3             0
  Bram   1        1        4      3         4  Wren 3 Rook 3 Sable 3 Odo 3 Pell 3             0
  Sable  1        1        4      3         4  Wren 3 Rook 3 Bram 3 Odo 3 Pell 3              0
  Odo    1        1        4      3         4  Wren 3 Rook 3 Bram 3 Sable 3 Pell 3            0
  Pell   1        1        4      3         4  Wren 3 Rook 3 Bram 3 Sable 3 Odo 3             0
  Pell   2        9       12      3         3  Wren 3 Rook 3 Bram 3 Sable 3 Odo 3             2
  Rook   2       10       13      3         3  Wren 3 Bram 3 Sable 3 Odo 3 Pell 3             1
  Bram   2        9       13      4         3  Wren 4 Rook 4 Sable 4 Odo 4 Pell 4             2
  Odo    2       11       14      3         4  Wren 3 Rook 3 Bram 3 Sable 3 Pell 3            1
  Sable  2       14       18      4         3  Wren 4 Rook 4 Bram 4 Odo 4 Pell 4              3
  Pell   3       17       20      3         3  Wren 3 Rook 3 Bram 3 Sable 3 Odo 3             3
  Rook   3       18       21      3         2  Wren 3 Bram 3 Sable 3 Odo 3 Pell 3             1
  Odo    3       18       21      3         2  Wren 3 Rook 3 Bram 3 Sable 3 Pell 3            1
  Pell   4       23       26      3         3  Wren 3 Rook 3 Bram 3 Sable 3 Odo 3             3
  Odo    4       24       27      3         3  Wren 3 Rook 3 Bram 3 Sable 3 Pell 3            2
  Sable  3       24       28      4         3  Wren 4 Rook 4 Bram 4 Odo 4 Pell 4              2
  Rook   4       26       29      3         2  Wren 3 Bram 3 Sable 3 Odo 3 Pell 3             0
  Odo    5       30       33      3         1  Wren 3 Rook 3 Bram 3 Sable 3 Pell 3            1
  Pell   5       31       34      3         2  Wren 3 Rook 3 Bram 3 Sable 3 Odo 3             1
  Rook   5       34       37      3         1  Wren 3 Bram 3 Sable 3 Odo 3 Pell 3             1
  Pell   6       37       40      3         1  Wren 3 Rook 3 Bram 3 Sable 3 Odo 3             1
  Odo    6       38       41      3         1  Wren 3 Rook 3 Bram 3 Sable 3 Pell 3            0
  Rook   6       42       45      3         3  Wren 3 Bram 3 Sable 3 Odo 3 Pell 3             3
  Pell   7       43       46      3         3  Wren 3 Rook 3 Bram 3 Sable 3 Odo 3             2
  Bram   3       43       47      4         3  Wren 4 Rook 4 Sable 4 Odo 4 Pell 4             2
  Odo    7       44       47      3         3  Wren 3 Rook 3 Bram 3 Sable 3 Pell 3            1
  Sable  4       48       52      4         3  Wren 4 Rook 4 Bram 4 Odo 4 Pell 4              5
  Pell   8       49       52      3         3  Wren 3 Rook 3 Bram 3 Sable 3 Odo 3             4
  Rook   7       50       53      3         4  Wren 3 Bram 3 Sable 3 Odo 3 Pell 3             3
  Odo    8       52       55      3         2  Wren 3 Rook 3 Bram 3 Sable 3 Pell 3            0
  Bram   4       53       57      4         2  Wren 4 Rook 4 Sable 4 Odo 4 Pell 4             1
  Pell   9       57       60      3         1  Wren 3 Rook 3 Bram 3 Sable 3 Odo 3             1
  Odo    9       58       61      3         1  Wren 3 Rook 3 Bram 3 Sable 3 Pell 3            0
  Rook   8       63       66      3         3  Wren 3 Bram 3 Sable 3 Odo 3 Pell 3             1
  Odo    10      63       66      3         3  Wren 3 Rook 3 Bram 3 Sable 3 Pell 3            1
  Bram   5       63       67      4         3  Wren 4 Rook 4 Sable 4 Odo 4 Pell 4             1
  Pell   10      65       68      3         3  Wren 3 Rook 3 Bram 3 Sable 3 Odo 3             0
  Rook   9       69       72      3         3  Wren 3 Bram 3 Sable 3 Odo 3 Pell 3             4
  Odo    11      71       74      3         4  Wren 3 Rook 3 Bram 3 Sable 3 Pell 3            2
  Pell   11      71       74      3         4  Wren 3 Rook 3 Bram 3 Sable 3 Odo 3             2
  Sable  5       72       76      4         3  Wren 4 Rook 4 Bram 4 Odo 4 Pell 4              1
  Bram   6       73       77      4         4  Wren 4 Rook 4 Sable 4 Odo 4 Pell 4             3
  Rook   10      77       80      3         1  Wren 3 Bram 3 Sable 3 Odo 3 Pell 3             2
  Pell   12      77       80      3         1  Wren 3 Rook 3 Bram 3 Sable 3 Odo 3             2
  Odo    12      81       84      3         3  Wren 3 Rook 3 Bram 3 Sable 3 Pell 3            2
  Bram   7       81       85      4         3  Wren 4 Rook 4 Sable 4 Odo 4 Pell 4             2
  Pell   13      83       86      3         3  Wren 3 Rook 3 Bram 3 Sable 3 Odo 3             0
  Sable  6       84       88      4         4  Wren 4 Rook 4 Bram 4 Odo 4 Pell 4              2
  Rook   11      87       90      3         4  Wren 3 Bram 3 Sable 3 Odo 3 Pell 3             2
  Odo    13      87       90      3         4  Wren 3 Rook 3 Bram 3 Sable 3 Pell 3            2
  Pell   14      89       92      3         4  Wren 3 Rook 3 Bram 3 Sable 3 Odo 3             2
  Bram   8       90       93      3         4  Wren 3 Rook 3 Sable 3 Odo 3 Pell 3             3
  Sable  7       91       94      3         4  Wren 3 Rook 3 Bram 3 Odo 3 Pell 3              2
  Rook   12      93       96      3         2  Wren 3 Bram 3 Sable 3 Odo 3 Pell 3             0
  Odo    14      93       96      3         2  Wren 3 Rook 3 Bram 3 Sable 3 Pell 3            0
  Sable  8       97      100      3         2  Wren 3 Rook 3 Bram 3 Odo 3 Pell 3              2
  Rook   13      99      102      3         2  Wren 3 Bram 3 Sable 3 Odo 3 Pell 3             0
  Odo    15      99      102      3         2  Wren 3 Rook 3 Bram 3 Sable 3 Pell 3            0
  Sable  9      103      106      3         3  Wren 3 Rook 3 Bram 3 Odo 3 Pell 3              3
  Bram   9      104      107      3         3  Wren 3 Rook 3 Sable 3 Odo 3 Pell 3             2
  Rook   14     105      108      3         3  Wren 3 Bram 3 Sable 3 Odo 3 Pell 3             0
  Odo    16     105      108      3         3  Wren 3 Rook 3 Bram 3 Sable 3 Pell 3            0
  Sable  10     109      112      3         4  Wren 3 Rook 3 Bram 3 Odo 3 Pell 3              4
  Bram   10     110      113      3         4  Wren 3 Rook 3 Sable 3 Odo 3 Pell 3             3
  Rook   15     111      114      3         4  Wren 3 Bram 3 Sable 3 Odo 3 Pell 3             1
  Odo    17     111      114      3         4  Wren 3 Rook 3 Bram 3 Sable 3 Pell 3            1
  Pell   15     112      115      3         4  Wren 3 Rook 3 Bram 3 Sable 3 Odo 3             1
  Sable  11     115      118      3         2  Wren 3 Rook 3 Bram 3 Odo 3 Pell 3              2
  Rook   16     117      120      3         3  Wren 3 Bram 3 Sable 3 Odo 3 Pell 3             2
  Bram   11     118      121      3         4  Wren 3 Rook 3 Sable 3 Odo 3 Pell 3             3
  Pell   16     120      123      3         4  Wren 3 Rook 3 Bram 3 Sable 3 Odo 3             3
  Sable  12     121      124      3         3  Wren 3 Rook 3 Bram 3 Odo 3 Pell 3              1
  Odo    18     121      124      3         3  Wren 3 Rook 3 Bram 3 Sable 3 Pell 3            1
  Rook   17     123      126      3         3  Wren 3 Bram 3 Sable 3 Odo 3 Pell 3             1
  Bram   12     126      129      3         3  Wren 3 Rook 3 Sable 3 Odo 3 Pell 3             3
  Sable  13     127      130      3         3  Wren 3 Rook 3 Bram 3 Odo 3 Pell 3              1
  Odo    19     127      130      3         3  Wren 3 Rook 3 Bram 3 Sable 3 Pell 3            1
  Pell   17     128      131      3         4  Wren 3 Rook 3 Bram 3 Sable 3 Odo 3             1
  Rook   18     131      134      3         3  Wren 3 Bram 3 Sable 3 Odo 3 Pell 3             3
  Sable  14     133      136      3         4  Wren 3 Rook 3 Bram 3 Odo 3 Pell 3              2
  Odo    20     133      136      3         4  Wren 3 Rook 3 Bram 3 Sable 3 Pell 3            2
  Bram   13     134      137      3         3  Wren 3 Rook 3 Sable 3 Odo 3 Pell 3             1
  Pell   18     136      139      3         4  Wren 3 Rook 3 Bram 3 Sable 3 Odo 3             3
  Rook   19     139      142      3         4  Wren 3 Bram 3 Sable 3 Odo 3 Pell 3             2
  Sable  15     139      142      3         4  Wren 3 Rook 3 Bram 3 Odo 3 Pell 3              2
  Odo    21     139      142      3         4  Wren 3 Rook 3 Bram 3 Sable 3 Pell 3            2
  Bram   14     142      145      3         2  Wren 3 Rook 3 Sable 3 Odo 3 Pell 3             1
  Pell   19     142      145      3         2  Wren 3 Rook 3 Bram 3 Sable 3 Odo 3             1
  Odo    22     145      148      3         4  Wren 3 Rook 3 Bram 3 Sable 3 Pell 3            4
  Rook   20     147      150      3         4  Wren 3 Bram 3 Sable 3 Odo 3 Pell 3             2
  Sable  16     147      150      3         4  Wren 3 Rook 3 Bram 3 Odo 3 Pell 3              2
  Bram   15     148      151      3         4  Wren 3 Rook 3 Sable 3 Odo 3 Pell 3             2
  Pell   20     148      151      3         4  Wren 3 Rook 3 Bram 3 Sable 3 Odo 3             2
  Sable  17     151      154      3         4  Wren 3 Rook 3 Bram 3 Odo 3 Pell 3              3
  Odo    23     151      154      3         4  Wren 3 Rook 3 Bram 3 Sable 3 Pell 3            3
  Rook   21     153      156      3         4  Wren 3 Bram 3 Sable 3 Odo 3 Pell 3             2
  Bram   16     154      157      3         4  Wren 3 Rook 3 Sable 3 Odo 3 Pell 3             2
  Pell   21     154      157      3         4  Wren 3 Rook 3 Bram 3 Sable 3 Odo 3             2
  Sable  18     157      160      3         3  Wren 3 Rook 3 Bram 3 Odo 3 Pell 3              2
  Odo    24     157      160      3         3  Wren 3 Rook 3 Bram 3 Sable 3 Pell 3            2
  ticks with more than one answer outstanding  102 of 160
  the most outstanding at once                 5
  ticks by how many were outstanding           0:17 1:41 2:49 3:40 4:10 5:3
  spans: 89 of 100 took the stated 3 ticks, the longest took 4
  the longest span, by how many other answers were outstanding across it
    1:3 2:4 3:4 4:4
    this is the line that says the answers do not queue: a channel that served them
    in turn would make a question put while 5 others were outstanding
    take about 18 ticks, not 3. A span longer than the stated 3 is a
    character that was not serviced on the tick its answer was ready -- a
    commander waiting for its turn on the board -- and not an answer waiting
    for another answer.

what the run cost in model calls
  who     calls  answered  resolved calls per 100 ticks
  Rook       22        21        21                13.8
  Bram       16        16        15                10.0
  Sable      18        18        17                11.2
  Odo        24        24        23                15.0
  Pell       22        21        21                13.8
  total     102       100
  the run                    160 ticks, 102 calls -> 0.637 calls a tick
  an hour of play at that rate  20 ticks a second, so 72000 ticks an hour
                                45900 calls an hour for 5 characters, 9180 each

being asked again is not a new call
  who       asked  calls    held  polled  re-evaluations re-evaluations per call
  Rook         91     22       5      64               2                    0.09
  Bram         66     16       8      42               7                    0.44
  Sable        76     18       9      49               8                    0.44
  Odo          99     24       3      72               3                    0.12
  Pell         88     22       3      63               3                    0.14
  total       420    102      28     290              23                    0.23
  re-evaluations to model calls  23 : 102 = 0.23 -- the loop asks again every 5 ticks an action runs, and none of those asks is a call
  asks that cost a call          102 of 420 (24.3%)
  the loop's own counts          reviews=30 changes=0 finished=107 attacked=0 combat began=1 spoken to=7

what the first run of this file measured, measured again
  turns                      100, across 5 characters
  lines of speech chosen     28, 26 of them different
  the most-repeated line     2 times: ""a fine morning for exploring""
  turns asked with the same observation as the one before  20
  turns that chose a position 61

what each of them came to remember
  who    driven by  entries   events   lessons  characters  recalls lessons written
  Wren   a person       18       18         0         696        -               -
  Rook   a model        27       27         0        1210        0               0
  Bram   a model        22       22         0         877        0               0
  Sable  a model        27       27         0        1080        0               0
  Odo    a model         2        2         0          39        0               0
  Pell   a model        30       30         0        1286        0               0

what the world recorded between them
  4 edges, made of 13 happenings, and not one of them on anybody's sheet
  sentiment is familiarity x (trust - fear), which is the one number section 6 reads
  who    driven by with     trust    fear   respect   familiarity  sentiment
  Wren   a person  Rook      0.00    0.00      0.00          0.76      +0.00
  Wren   a person  Pell      0.00    0.00      0.00          0.68      +0.00
  Rook   a model   Wren      0.00    0.00      0.00          0.76      +0.00
  Rook   a model   Pell      0.00    0.00      0.00          0.44      +0.00
  Bram   a model   Sable     0.00    0.00      0.00          0.44      +0.00
  Sable  a model   Bram      0.00    0.00      0.00          0.44      +0.00
  Odo    a model   nothing has passed between it and anybody
  Pell   a model   Wren      0.00    0.00      0.00          0.68      +0.00
  Pell   a model   Rook      0.00    0.00      0.00          0.44      +0.00
  and what each edge is made of, in the world's own words
    #1 <-> #2 5 happenings | #1 trust 0.00 fear 0.00 respect 0.00 familiarity 0.76 | #2 trust 0.00 fear 0.00 respect 0.00 familiarity 0.76
    #3 <-> #4 2 happenings | #3 trust 0.00 fear 0.00 respect 0.00 familiarity 0.44 | #4 trust 0.00 fear 0.00 respect 0.00 familiarity 0.44
    #1 <-> #7 4 happenings | #1 trust 0.00 fear 0.00 respect 0.00 familiarity 0.68 | #7 trust 0.00 fear 0.00 respect 0.00 familiarity 0.68
    #2 <-> #7 2 happenings | #2 trust 0.00 fear 0.00 respect 0.00 familiarity 0.44 | #7 trust 0.00 fear 0.00 respect 0.00 familiarity 0.44

what Pell came to remember
  entries                    30 (30 events, 0 lessons)
  events by kind             saw 20 heard 6 changed 4 lesson 0
  characters held            1286
  characters a packet carries 406 of 1286 (32%), being every lesson and the last 8 events
  the last question put      4777 characters, of which 551 (12%) are what it remembers
  tools used                 0 recalls, 0 lessons written
  everything it remembers
    lessons 0
    events 30
      I saw Rook (#2), a commander, about 6m away.
      I saw a pile (#6) about 8m away, open, holding 1 thing and 0 coins.
      I saw Rook (#2), a commander, about 2m away.
      I saw Wren (#1), a commander, about 5m away.
      I saw #3, a commander, about 37m away.
      I saw a pile (#6) about 7m away, open, holding 1 thing and 0 coins.
      I moved 0.9m north.
      I climbed 0.1m.
      I climbed 0.2m.
      I saw Wren (#1), a commander, about 3m away.
      I said: "good morning"
      I saw Wren (#1), a commander, about 4m away.
      I saw Wren (#1), a commander, about 2m away.
      I saw Rook (#2), a commander, about 4m away.
      I saw #3, a commander, about 36m away.
      I moved 0.9m east.
      Wren (#1) shouted: "a fair bargain"
      I saw Rook (#2), a commander, about 3m away.
      I saw Wren (#1), a commander, about 7m away.
      I saw Wren (#1), a commander, about 10m away.
      I saw Wren (#1), a commander, about 12m away.
      I saw #4, a commander, about 35m away.
      Wren (#1) shouted: "what was that noise?"
      I saw Rook (#2), a commander, about 5m away.
      I saw #4, a commander, about 37m away.
      I saw #4, a commander, about 39m away.
      I said: ""What noise, Wren? I heard nothing but the wind.""
      I said: "Shall we set off, then? Rook, Wren — the road waits."
      I said: "Set off east, then — keep together, and mind the edge south of here."
      I saw #3, a commander, about 35m away.

what they were after -- scenario setup, not game content
  Pell, driven by a model
  no  over  what it is after                           answered by              where it stands now
  1   short be beside #2                               the world                closed at tick 10: #2 is 1.8 away
  2   short be carrying brass lantern                  the world                open -- brass lantern is not in the pack
  3   long  be thought well of in this market          the character itself     open -- nothing in the world answers this one
  closings                   1
    t=10   be beside #2                               closed by the world: #2 is 1.8 away
  refused closings           0 (the character asked to close a goal and was told it could not)
  Wren, driven by a person
  no  over  what it is after                           answered by              where it stands now
  1   short be carrying 1 money or more                the world                closed at tick 1: 30 money in the pack
  closings                   1
    t=1    be carrying 1 money or more                closed by the world: 30 money in the pack
  refused closings           0 (the character asked to close a goal and was told it could not)

after 160 ticks
    tick 160 actors=6 objects=0 offers=1
      #1 commander band=1 at (88.400, 16.000, 290.000) hp=32/32 walking
        carries money=30 carried=[common weapon hand L1 P=4 mov=0 def=0 eff=4 dex [brass lantern:4] brass lantern] worn=[]
      #2 commander band=1 at (107.800, 16.000, 290.000) hp=32/32 walking
        carries money=8 carried=[common armour chestplate L2 P=8 mov=4 def=4 eff=0 dex [] silk cloak] worn=[]
      #3 commander band=3 at (118.200, 16.000, 256.500) hp=38/38 walking
        carries money=0 carried=[common armour boots L2 P=8 mov=4 def=4 eff=0 dex [] common boots | common weapon hand L3 P=12 mov=0 def=0 eff=12 str [sword:12] common sword] worn=[boots=common armour boots L2 P=8 mov=4 def=4 eff=0 dex [] common boots hand=common weapon hand L3 P=12 mov=0 def=0 eff=12 str [sword:12] common sword]
      #4 commander band=4 at (130.500, 16.000, 256.500) hp=38/38 walking
        carries money=0 carried=[common armour boots L2 P=8 mov=4 def=4 eff=0 dex [] common boots | common weapon hand L3 P=12 mov=0 def=0 eff=12 str [spear:12] common spear] worn=[boots=common armour boots L2 P=8 mov=4 def=4 eff=0 dex [] common boots hand=common weapon hand L3 P=12 mov=0 def=0 eff=12 str [spear:12] common spear]
      #5 commander band=5 at (83.200, 16.000, 343.300) hp=26/26 walking
        carries money=0 carried=[] worn=[]
      #7 commander band=1 at (107.777, 16.000, 291.731) hp=32/32 walking
        carries money=9 carried=[] worn=[]
      check #1 persuade:#2 -- raised
      check #2 persuade:#4 -- raised
      check #3 persuade:#1 -- raised
      check #4 persuade:#3 -- raised
      check #5 persuade:#1 -- raised
      check #6 persuade:#1 -- raised
      check #7 persuade:#1 -- raised
      check #8 persuade:#2 -- raised
      check #9 persuade:#2 -- raised
      said #1 to #2 "good morning" heard by [2]
      said #3 to #4 "Hail, traveler!" heard by [4]
      said #7 to #1 "good morning" heard by [1]
      said #4 to #3 "Hail, Bram! What brings you out here?" heard by [3]
      said #2 to #1 ""a fine morning for exploring"" heard by [1]
      said #2 to #1 ""a fine morning for exploring"" heard by [1]
      said #1 aloud "a fair bargain" heard by [2, 7]
      said #1 aloud "what was that noise?" heard by [2, 7]
      said #7 to #1 ""What noise, Wren? I heard nothing but the wind."" heard by [1]
      said #7 to #2 "Shall we set off, then? Rook, Wren — the road waits." heard by [2]
      said #7 to #2 "Set off east, then — keep together, and mind the edge south of here." heard by [2]
  reviews=30 changes=0 finished=107 attacked=0 combat began=1 spoken to=7
  fingerprint d905038b2d7481fe

the first question in full -- 3801 characters, digest 9e47e9d83aa60fb3

    You are Rook, one character in a world of many.
    
    Choose the one thing your character does next.
    
    The actions, and the keys each one takes:
      go_to          target=#<id> or (<x>, <z>)
      go_to          offset=(<x from here>, <z from here>)
      jump           target=(<x>, <z>)
      attack         target=#<id> item=<what you mean>
      say            text=<what you mean> target=#<id> (may be left out)
      trade_propose  target=#<id> give=[<a name>, <another name>] (may be left out) give_money=<a whole number> (may be left out) want=[<a name>, <another name>] (may be left out) want_money=<a whole number> (may be left out)
      trade_accept   target=#<id>
      trade_deny     target=#<id>
      pick_up        item=<what you mean> target=#<id> (may be left out)
      drop           item=<what you mean> target=#<id> (may be left out)
      examine        target=#<id> or <a name>
      interact       target=#<id> item=<what you mean> (may be left out)
      wait           ticks=<a whole number>
      equip          item=<what you mean>
      unequip        item=<what you mean>
      use            item=<what you mean>
    
    Or answer with one of these three instead, which are not actions and touch only what you remember and what you are after:
      recall         about=<what you mean>   -- look back through everything you remember for anything about it
      learn          text=<what you mean>   -- keep one sentence in mind from now on, in every later moment
      done           goal=<a whole number>   -- say that one of the things you are after, by its number, is done
    
    A key marked (may be left out) can be left out.
    An action printed on more than one line has that many shapes: write one of the lines, not two.
    Values are written like this: id is #<id>; position is (<x>, <z>); offset is (<x from here>, <z from here>); id-or-position is #<id> or (<x>, <z>); id-or-name is #<id> or <a name>; text is <what you mean>; count is <a whole number>; names is [<a name>, <another name>].
    
    What you can see from where you are standing:
    
    observation for #2 Rook
      you        commander level 2 status 2 hp 32/32 at (87, 16, 290) facing 0.00 in the world
      carrying   silk cloak (8 coins)
      wearing    nothing
      entities   3 within 40.0
        #7   commander  Pell     (+2.0, -0.3, +6.0)   6.32 seen   doing nothing        health unhurt     wearing -
        #1   commander  Wren     (-8.0, +3.8, +0.0)   8.00 unseen doing ?              health ?          wearing ?
             not shown: doing, health, equipment (not in line of sight)
        #3   commander  ?        (+10.0, +0.0, -35.0)  36.40 seen   doing nothing        health unhurt     wearing boots=common boots hand=common sword
             not shown: name (this character has not met it)
      objects    1 within 40.0
        #6   pile       pile     (+7.0, +0.0, +0.0)   7.00 seen   open holds 1, 0 coins
      ground     7x7 cells of 3.0, north up, east right; each mark is followed by how far that cell stands above you
      legend     @ where you stand; ~ a hole with nothing to stand on; x a building; # a face of ground too tall to climb; ! the edge of a drop; . ground to walk on; ? not read
        .4   .4   #4   .0   .0   .0   .0  
        .4   .4   #4   .0   x0   .0   .0  
        .4   .4   #4   .0   .0   .0   .0  
        .4   .4   #4   @0   .0   .0   .0  
        .4   .4   #4   .0   .0   .0   .0  
        .4   x4   #4   .0   .0   .0   .0  
        .4   .4   x4   !0   !0   !0   !0  
      heard      0 lines of speech, oldest first
      recently   0 changes
    
    What you are after: nothing in particular.
    
    What you remember:
      lessons    0 you have kept
      lately     the last 3 of 3 things you remember
        - I saw Pell (#7), a commander, about 6m away.
        - I saw #3, a commander, about 36m away.
        - I saw a pile (#6) about 7m away, open, holding 1 thing and 0 coins.
    
    Answer with one line: the action or the tool, then its keys. Nothing else.
      actual:   Godot Engine v4.7.2.stable.official.ed1daf0bf - https://godotengine.org

model cast run seed=1234 ticks=160 where=(-480.0, 420.0)
  cast       5 of the 6 characters decide through a model; Wren is driven by a person's choices written down in advance
  channel    replay -- the shipped run replays the recorded exchange, so it needs no key, no network and no model, and two processes print the same bytes
  recording  recorded 2026-09-11 from z-ai/glm-5.3-flash at https://openrouter.ai/api/v1/chat/completions, 116 replies
  prompt     every action of the one list, the observation packet,
             and what this character remembers -- every lesson it has kept
             and the last few lines of its own log, with the three tools
             that look further back, keep a new lesson and close a goal;
             no rule about distance, reach, cost, damage or possibility;
             and what this character is after, as several structured goals
             off its own sheet -- wanted states of the world, in the order
             they press, with no step, no giver and no reward. Only Pell
             was set out after anything; the rest are told, in one line,
             that they are after nothing in particular.
    Wren   #1 driven by a person Wren level=2 status=2 hp=32/32 [str 5 con 4 cha 3 dex 4 wis 3 int 2]
    Rook   #2 driven by a model  Rook level=2 status=2 hp=32/32 [str 5 con 4 cha 3 dex 4 wis 3 int 2]
    Bram   #3 driven by a model  Bram level=3 status=3 hp=38/38 [str 5 con 4 cha 3 dex 4 wis 3 int 2]
    Sable  #4 driven by a model  Sable level=3 status=3 hp=38/38 [str 5 con 4 cha 3 dex 4 wis 3 int 2]
    Odo    #5 driven by a model  Odo level=1 status=1 hp=26/26 [str 5 con 4 cha 3 dex 4 wis 3 int 2]
    Pell   #7 driven by a model  Pell level=2 status=2 hp=32/32 [str 5 con 4 cha 3 dex 4 wis 3 int 2]
    tick 0 actors=6 objects=1 offers=0
      #1 commander band=1 at (-486.000, -2.460, 416.000) hp=32/32 walking
        carries money=30 carried=[] worn=[]
      #2 commander band=1 at (-478.000, -2.352, 416.000) hp=32/32 walking
        carries money=8 carried=[common armour chestplate L2 P=8 mov=4 def=4 eff=0 dex [] silk cloak] worn=[]
      #3 commander band=3 at (-436.000, 0.952, 407.000) hp=38/38 walking
        carries money=0 carried=[common armour boots L2 P=8 mov=4 def=4 eff=0 dex [] common boots | common weapon hand L3 P=12 mov=0 def=0 eff=12 str [sword:12] common sword] worn=[boots=common armour boots L2 P=8 mov=4 def=4 eff=0 dex [] common boots hand=common weapon hand L3 P=12 mov=0 def=0 eff=12 str [sword:12] common sword]
      #4 commander band=4 at (-424.000, 2.169, 407.000) hp=38/38 walking
        carries money=0 carried=[common armour boots L2 P=8 mov=4 def=4 eff=0 dex [] common boots | common weapon hand L3 P=12 mov=0 def=0 eff=12 str [spear:12] common spear] worn=[boots=common armour boots L2 P=8 mov=4 def=4 eff=0 dex [] common boots hand=common weapon hand L3 P=12 mov=0 def=0 eff=12 str [spear:12] common spear]
      #5 commander band=5 at (-484.000, 0.568, 472.000) hp=26/26 walking
        carries money=0 carried=[] worn=[]
      #7 commander band=1 at (-476.000, -2.195, 422.000) hp=32/32 walking
        carries money=9 carried=[] worn=[]
      #6 pile at (-471.000, -2.340, 416.000) open [1 carried, 0 equipped, 0 money]

t=  1  Wren   began say(text=good morning target=2), 5 ticks
t=  1  Rook   has not decided yet, and waits in the world
t=  1  Bram   has not decided yet, and waits in the world
t=  1  Sable  has not decided yet, and waits in the world
t=  1  Odo    has not decided yet, and waits in the world
t=  1  Pell   has not decided yet, and waits in the world
t=  4  Rook   began examine(target=6), 4 ticks
t=  4  Bram   began say(text=Hail, traveler! target=4), 5 ticks
t=  4  Sable  began go_to(target=3), 11 ticks
t=  4  Odo    began go_to(offset=(6.000, 0.000)), 7 ticks
t=  4  Pell   began go_to(target=2), 5 ticks
t=  6  Wren   finished say(text=good morning target=2) -> say ok shout=false heard_by=1 check=1 context=persuade:#2
t=  6  Wren   began go_to(target=6), 14 ticks
t=  6  Rook   interrupted (spoken to), abandoned examine(target=6) 2/4t
t=  6  Rook   began examine(target=6), 4 ticks
t=  8  --     Bram and somebody of another band have met
    snap-in around #3 at (-436.000, 0.952, 407.000) radius=24.0 span=30.0 storey=0 joined=2
    snap-in board bf453bb4794d18ae cells=441 standable=384 holes=6 closed=51 line=44 cliffs=8
    snap-in #3 (-436.000, 407.000) -> cell (-146,135) centre (-436.500, 406.500) moved 0.707 rings=0
    snap-in #4 (-427.600, 407.000) -> cell (-143,135) centre (-427.500, 406.500) moved 0.510 rings=0
    board bf453bb4794d18ae cells=441 standable=384 holes=6 cliffs=8
    dice seed=2756302612 swing=92..108
    commanders 2
      #1 commander owner=1 level=3 hp=38/38 def=0 power=0
      #2 commander owner=2 level=3 hp=38/38 def=0 power=0
    round 1 turn #1 at (-146,135) facing=north hp=38/38 def=0 sword + boots(4/4)
t=  9  Bram   finished say(text=Hail, traveler! target=4) -> say ok shout=false heard_by=1 check=2 context=persuade:#4
t=  9  Bram   has not decided yet, and waits in the world
t=  9  Sable  thought again at 5/11t, wanted the same thing
t=  9  Odo    thought again at 5/7t, wanted the same thing
t=  9  Pell   finished go_to(target=2) -> go_to ok at=(-477.423, 417.731) walked=4.5 steps=5
t=  9  Pell   has not decided yet, and waits in the world
t=  9  Sable  interrupted (combat began), abandoned go_to(target=3) 5/11t
      move #1 (-146,135)->(-145,135)
      face #1 east
    round 1 turn #2 at (-143,135) facing=north hp=38/38 def=0 spear + boots(4/4)
t= 10  Rook   finished examine(target=6) -> examine ok id=6 name=pile kind=pile shut=false holds=1 money=0 distance=7.0
t= 10  Rook   has not decided yet, and waits in the world
t= 10  Sable  began go_to(target=3), 4 ticks
      face #2 west
    round 2 turn #1 at (-145,135) facing=east hp=38/38 def=0 sword + boots(4/4)
t= 11  Wren   thought again at 5/14t, wanted the same thing
t= 11  Odo    finished go_to(offset=(6.000, 0.000)) -> go_to ok at=(-478.000, 472.000) walked=6.0 steps=7
t= 11  Odo    has not decided yet, and waits in the world
      face #1 east
    round 2 turn #2 at (-143,135) facing=west hp=38/38 def=0 spear + boots(4/4)
t= 12  Pell   began go_to(target=6), 5 ticks
      face #2 west
    round 3 turn #1 at (-145,135) facing=east hp=38/38 def=0 sword + boots(4/4)
t= 13  Rook   began say(text=good morning target=1), 5 ticks
t= 13  Bram   began say(text="What brings you this way?" target=4), 5 ticks
      face #1 east
    round 3 turn #2 at (-143,135) facing=west hp=38/38 def=0 spear + boots(4/4)
t= 14  Sable  finished go_to(target=3) -> go_to refused: the board decides where a fighter goes
t= 14  Sable  has not decided yet, and waits in the world
t= 14  Odo    began examine(target=x), 4 ticks
      face #2 west
    round 4 turn #1 at (-145,135) facing=east hp=38/38 def=0 sword + boots(4/4)
      face #1 east
    round 4 turn #2 at (-143,135) facing=west hp=38/38 def=0 spear + boots(4/4)
t= 16  Wren   thought again at 10/14t, wanted the same thing
      face #2 west
    round 5 turn #1 at (-145,135) facing=east hp=38/38 def=0 sword + boots(4/4)
t= 17  Pell   finished go_to(target=6) -> go_to ok at=(-473.078, 416.560) walked=4.5 steps=5
t= 17  Pell   has not decided yet, and waits in the world
      face #1 east
    round 5 turn #2 at (-143,135) facing=west hp=38/38 def=0 spear + boots(4/4)
t= 18  Rook   finished say(text=good morning target=1) -> say ok shout=false heard_by=1 check=3 context=persuade:#1
t= 18  Rook   has not decided yet, and waits in the world
t= 18  Bram   finished say(text="What brings you this way?" target=4) -> say ok shout=false heard_by=1 check=4 context=persuade:#4
t= 18  Sable  began say(text=Hail, Bram! What brings you out here? target=3), 5 ticks
t= 18  Odo    finished examine(target=x) -> examine refused: Odo carries no x
t= 18  Odo    has not decided yet, and waits in the world
t= 18  Wren   interrupted (spoken to), abandoned go_to(target=6) 12/14t
t= 18  Wren   began go_to(target=6), 2 ticks
t= 18  Sable  interrupted (spoken to), abandoned say(text=Hail, Bram! What brings you out here? target=3) 0/5t
      face #2 west
    round 6 turn #1 at (-145,135) facing=east hp=38/38 def=0 sword + boots(4/4)
t= 19  Bram   has not decided yet, and waits in the world
      face #1 east
    round 6 turn #2 at (-143,135) facing=west hp=38/38 def=0 spear + boots(4/4)
t= 20  Wren   finished go_to(target=6) -> go_to ok at=(-473.400, 416.000) walked=1.8 steps=2
t= 20  Wren   began pick_up(item=brass lantern), 3 ticks
t= 20  Sable  began say(text=Hail, Bram! What brings you out here? target=3), 5 ticks
t= 20  Pell   began pick_up(item=brass lantern target=6), 3 ticks
      face #2 west
    round 7 turn #1 at (-145,135) facing=east hp=38/38 def=0 sword + boots(4/4)
t= 21  Rook   began say(text="a fine morning for exploring" target=1), 5 ticks
t= 21  Odo    began go_to(offset=(3.000, 0.000)), 3 ticks
      face #1 east
    round 7 turn #2 at (-143,135) facing=west hp=38/38 def=0 spear + boots(4/4)
      face #2 west
    round 8 turn #1 at (-145,135) facing=east hp=38/38 def=0 sword + boots(4/4)
t= 23  Wren   finished pick_up(item=brass lantern) -> pick_up ok item=brass lantern from=6
t= 23  Wren   began go_to(target=2), 3 ticks
t= 23  Bram   began say(text="Fine day for a walk, isn't it?" target=4), 5 ticks
t= 23  Pell   finished pick_up(item=brass lantern target=6) -> pick_up refused: there is nothing with id 6
t= 23  Pell   has not decided yet, and waits in the world
      face #1 east
    round 8 turn #2 at (-143,135) facing=west hp=38/38 def=0 spear + boots(4/4)
t= 24  Odo    finished go_to(offset=(3.000, 0.000)) -> go_to ok at=(-475.300, 472.000) walked=2.7 steps=3
t= 24  Odo    has not decided yet, and waits in the world
      face #2 west
    round 9 turn #1 at (-145,135) facing=east hp=38/38 def=0 sword + boots(4/4)
t= 25  Sable  finished say(text=Hail, Bram! What brings you out here? target=3) -> say ok shout=false heard_by=1 check=5 context=persuade:#3
t= 25  Bram   interrupted (spoken to), abandoned say(text="Fine day for a walk, isn't it?" target=4) 2/5t
t= 25  Bram   began say(text="Fine day for a walk, isn't it?" target=4), 5 ticks
      face #1 east
    round 9 turn #2 at (-143,135) facing=west hp=38/38 def=0 spear + boots(4/4)
t= 26  Wren   finished go_to(target=2) -> go_to ok at=(-476.100, 416.000) walked=2.7 steps=3
t= 26  Wren   began trade_propose(target=2 give=[] give_money=12 want=[silk cloak] want_money=0), 4 ticks
t= 26  Rook   finished say(text="a fine morning for exploring" target=1) -> say ok shout=false heard_by=1 check=6 context=persuade:#1
t= 26  Rook   has not decided yet, and waits in the world
t= 26  Sable  has not decided yet, and waits in the world
t= 26  Pell   began go_to(target=6), 20 ticks
t= 26  Wren   interrupted (spoken to), abandoned trade_propose(target=2 give=[] give_money=12 want=[silk cloak] want_money=0) 0/4t
t= 26  Wren   began trade_propose(target=2 give=[] give_money=12 want=[silk cloak] want_money=0), 4 ticks
      face #2 west
    round 10 turn #1 at (-145,135) facing=east hp=38/38 def=0 sword + boots(4/4)
t= 27  Odo    began go_to(offset=(3.000, 0.000)), 3 ticks
      face #1 east
    round 10 turn #2 at (-143,135) facing=west hp=38/38 def=0 spear + boots(4/4)
      face #2 west
    round 11 turn #1 at (-145,135) facing=east hp=38/38 def=0 sword + boots(4/4)
t= 29  Rook   began say(text="a fine morning for exploring" target=1), 5 ticks
      face #1 east
    round 11 turn #2 at (-143,135) facing=west hp=38/38 def=0 spear + boots(4/4)
t= 30  Wren   finished trade_propose(target=2 give=[] give_money=12 want=[silk cloak] want_money=0) -> trade_propose ok to=2 give=0 give_money=12 want=1 want_money=0
t= 30  Wren   began wait(ticks=8), 8 ticks
t= 30  Bram   finished say(text="Fine day for a walk, isn't it?" target=4) -> say ok shout=false heard_by=1 check=7 context=persuade:#4
t= 30  Sable  began say(text="Just wandering, seeing what the land holds. Care to travel together?" target=3), 5 ticks
t= 30  Odo    finished go_to(offset=(3.000, 0.000)) -> go_to ok at=(-472.600, 472.000) walked=2.7 steps=3
t= 30  Odo    has not decided yet, and waits in the world
t= 30  Sable  interrupted (spoken to), abandoned say(text="Just wandering, seeing what the land holds. Care to travel together?" target=3) 0/5t
      face #2 west
    round 12 turn #1 at (-145,135) facing=east hp=38/38 def=0 sword + boots(4/4)
t= 31  Bram   has not decided yet, and waits in the world
t= 31  Pell   thought again at 5/20t, wanted the same thing
      face #1 east
    round 12 turn #2 at (-143,135) facing=west hp=38/38 def=0 spear + boots(4/4)
t= 32  Sable  began say(text="Just wandering, seeing what the land holds. Care to travel together?" target=3), 5 ticks
      face #2 west
    round 13 turn #1 at (-145,135) facing=east hp=38/38 def=0 sword + boots(4/4)
t= 33  Odo    began go_to(offset=(3.000, 0.000)), 3 ticks
      face #1 east
    round 13 turn #2 at (-143,135) facing=west hp=38/38 def=0 spear + boots(4/4)
t= 34  Rook   finished say(text="a fine morning for exploring" target=1) -> say ok shout=false heard_by=1 check=8 context=persuade:#1
t= 34  Rook   has not decided yet, and waits in the world
t= 34  Wren   interrupted (spoken to), abandoned wait(ticks=8) 4/8t
t= 34  Wren   began wait(ticks=8), 8 ticks
      face #2 west
    round 14 turn #1 at (-145,135) facing=east hp=38/38 def=0 sword + boots(4/4)
t= 35  Bram   began say(text="Aye, it is. Safe travels, friend." target=4), 5 ticks
      face #1 east
    round 14 turn #2 at (-143,135) facing=west hp=38/38 def=0 spear + boots(4/4)
t= 36  Odo    finished go_to(offset=(3.000, 0.000)) -> go_to ok at=(-469.900, 472.000) walked=2.7 steps=3
t= 36  Odo    has not decided yet, and waits in the world
t= 36  Pell   thought again at 10/20t, wanted the same thing
      face #2 west
    round 15 turn #1 at (-145,135) facing=east hp=38/38 def=0 sword + boots(4/4)
t= 37  Rook   began trade_accept(target=1), 3 ticks
t= 37  Sable  finished say(text="Just wandering, seeing what the land holds. Care to travel together?" target=3) -> say ok shout=false heard_by=1 check=9 context=persuade:#3
t= 37  Bram   interrupted (spoken to), abandoned say(text="Aye, it is. Safe travels, friend." target=4) 2/5t
t= 37  Bram   began say(text="Aye, it is. Safe travels, friend." target=4), 5 ticks
      face #1 east
    round 15 turn #2 at (-143,135) facing=west hp=38/38 def=0 spear + boots(4/4)
t= 38  Sable  has not decided yet, and waits in the world
      face #2 west
    round 16 turn #1 at (-145,135) facing=east hp=38/38 def=0 sword + boots(4/4)
t= 39  Wren   thought again at 5/8t, wanted the same thing
t= 39  Odo    began go_to(offset=(3.000, 0.000)), 3 ticks
      face #1 east
    round 16 turn #2 at (-143,135) facing=west hp=38/38 def=0 spear + boots(4/4)
t= 40  Rook   finished trade_accept(target=1) -> trade_accept ok from=1 took=0 took_money=12 gave=1 gave_money=0
t= 40  Rook   has not decided yet, and waits in the world
      face #2 west
    round 17 turn #1 at (-145,135) facing=east hp=38/38 def=0 sword + boots(4/4)
t= 41  Pell   thought again at 15/20t, wanted the same thing
      face #1 east
    round 17 turn #2 at (-143,135) facing=west hp=38/38 def=0 spear + boots(4/4)
t= 42  Wren   finished wait(ticks=8) -> wait ok ticks=8 until=50
t= 42  Wren   began examine(target=silk cloak), 4 ticks
t= 42  Bram   finished say(text="Aye, it is. Safe travels, friend." target=4) -> say ok shout=false heard_by=1 check=10 context=persuade:#4
t= 42  Sable  began say(text="Then let's wander together, friend." target=3), 5 ticks
t= 42  Odo    finished go_to(offset=(3.000, 0.000)) -> go_to ok at=(-467.200, 472.000) walked=2.7 steps=3
t= 42  Odo    has not decided yet, and waits in the world
t= 42  Sable  interrupted (spoken to), abandoned say(text="Then let's wander together, friend." target=3) 0/5t
      face #2 west
    round 18 turn #1 at (-145,135) facing=east hp=38/38 def=0 sword + boots(4/4)
t= 43  Rook   began say(text="shall we head out and explore together?" target=1), 5 ticks
t= 43  Bram   has not decided yet, and waits in the world
      face #1 east
    round 18 turn #2 at (-143,135) facing=west hp=38/38 def=0 spear + boots(4/4)
t= 44  Sable  began say(text="Then let's wander together, friend." target=3), 5 ticks
      face #2 west
    round 19 turn #1 at (-145,135) facing=east hp=38/38 def=0 sword + boots(4/4)
t= 45  Odo    began go_to(offset=(3.000, 0.000)), 3 ticks
      face #1 east
    round 19 turn #2 at (-143,135) facing=west hp=38/38 def=0 spear + boots(4/4)
t= 46  Wren   finished examine(target=silk cloak) -> examine ok item=silk cloak seen=common armour chestplate L2 P=8 mov=4 def=4 eff=0 dex [] silk cloak
t= 46  Wren   began say(text=a fair bargain), 5 ticks
t= 46  Pell   finished go_to(target=6) -> go_to refused: there is nothing with id 6
t= 46  Pell   has not decided yet, and waits in the world
      face #2 west
    round 20 turn #1 at (-145,135) facing=east hp=38/38 def=0 sword + boots(4/4)
t= 47  Bram   began say(text="Traveling together sounds good to me. Lead the way?" target=4), 5 ticks
      face #1 east
    round 20 turn #2 at (-143,135) facing=west hp=38/38 def=0 spear + boots(4/4)
t= 48  Rook   finished say(text="shall we head out and explore together?" target=1) -> say ok shout=false heard_by=1 check=11 context=persuade:#1
t= 48  Rook   has not decided yet, and waits in the world
t= 48  Odo    finished go_to(offset=(3.000, 0.000)) -> go_to ok at=(-464.500, 472.000) walked=2.7 steps=3
t= 48  Odo    has not decided yet, and waits in the world
t= 48  Wren   interrupted (spoken to), abandoned say(text=a fair bargain) 2/5t
t= 48  Wren   began say(text=a fair bargain), 5 ticks
      face #2 west
    round 21 turn #1 at (-145,135) facing=east hp=38/38 def=0 sword + boots(4/4)
t= 49  Sable  finished say(text="Then let's wander together, friend." target=3) -> say ok shout=false heard_by=1 check=12 context=persuade:#3
t= 49  Pell   began go_to(target=6), 20 ticks
t= 49  Bram   interrupted (spoken to), abandoned say(text="Traveling together sounds good to me. Lead the way?" target=4) 2/5t
t= 49  Bram   began say(text="Traveling together sounds good to me. Lead the way?" target=4), 5 ticks
      face #1 east
    round 21 turn #2 at (-143,135) facing=west hp=38/38 def=0 spear + boots(4/4)
t= 50  Sable  has not decided yet, and waits in the world
      face #2 west
    round 22 turn #1 at (-145,135) facing=east hp=38/38 def=0 sword + boots(4/4)
t= 51  Rook   began say(text="shall we head out and explore together?" target=7), 5 ticks
t= 51  Odo    began go_to(offset=(9.000, 0.000)), 10 ticks
      face #1 east
    round 22 turn #2 at (-143,135) facing=west hp=38/38 def=0 spear + boots(4/4)
      face #2 west
    round 23 turn #1 at (-145,135) facing=east hp=38/38 def=0 sword + boots(4/4)
t= 53  Wren   finished say(text=a fair bargain) -> say ok shout=true heard_by=2
t= 53  Wren   began wait(ticks=24), 24 ticks
      face #1 east
    round 23 turn #2 at (-143,135) facing=west hp=38/38 def=0 spear + boots(4/4)
t= 54  Bram   finished say(text="Traveling together sounds good to me. Lead the way?" target=4) -> say ok shout=false heard_by=1 check=13 context=persuade:#4
t= 54  Sable  began go_to(offset=(0.000, -3.000)), 3 ticks
t= 54  Pell   thought again at 5/20t, wanted the same thing
t= 54  Sable  interrupted (spoken to), abandoned go_to(offset=(0.000, -3.000)) 0/3t
      face #2 west
    round 24 turn #1 at (-145,135) facing=east hp=38/38 def=0 sword + boots(4/4)
t= 55  Bram   has not decided yet, and waits in the world
      face #1 east
    round 24 turn #2 at (-143,135) facing=west hp=38/38 def=0 spear + boots(4/4)
t= 56  Rook   finished say(text="shall we head out and explore together?" target=7) -> say ok shout=false heard_by=1 check=14 context=persuade:#7
t= 56  Rook   has not decided yet, and waits in the world
t= 56  Sable  began go_to(offset=(0.000, -3.000)), 3 ticks
t= 56  Odo    thought again at 5/10t, wanted the same thing
t= 56  Pell   interrupted (spoken to), abandoned go_to(target=6) 7/20t
t= 56  Pell   began go_to(target=6), 20 ticks
      face #2 west
    round 25 turn #1 at (-145,135) facing=east hp=38/38 def=0 sword + boots(4/4)
      face #1 east
    round 25 turn #2 at (-143,135) facing=west hp=38/38 def=0 spear + boots(4/4)
t= 58  Wren   thought again at 5/24t, wanted the same thing
      face #2 west
    round 26 turn #1 at (-145,135) facing=east hp=38/38 def=0 sword + boots(4/4)
t= 59  Rook   began say(text="Pell, Wren and I could make a fine exploring party — shall we three head out together?" target=7), 5 ticks
t= 59  Bram   began say(text="After you, then — which way shall we wander?" target=4), 5 ticks
t= 59  Sable  finished go_to(offset=(0.000, -3.000)) -> go_to refused: the board decides where a fighter goes
      face #1 east
    round 26 turn #2 at (-143,135) facing=west hp=38/38 def=0 spear + boots(4/4)
t= 60  Sable  has not decided yet, and waits in the world
      face #2 west
    round 27 turn #1 at (-145,135) facing=east hp=38/38 def=0 sword + boots(4/4)
t= 61  Odo    finished go_to(offset=(9.000, 0.000)) -> go_to ok at=(-455.500, 472.000) walked=9.0 steps=10
t= 61  Odo    has not decided yet, and waits in the world
t= 61  Pell   thought again at 5/20t, wanted the same thing
      face #1 east
    round 27 turn #2 at (-143,135) facing=west hp=38/38 def=0 spear + boots(4/4)
      face #2 west
    round 28 turn #1 at (-145,135) facing=east hp=38/38 def=0 sword + boots(4/4)
t= 63  Wren   thought again at 10/24t, wanted the same thing
      face #1 east
    round 28 turn #2 at (-143,135) facing=west hp=38/38 def=0 spear + boots(4/4)
t= 64  Rook   finished say(text="Pell, Wren and I could make a fine exploring party — shall we three head out together?" target=7) -> say ok shout=false heard_by=1 check=15 context=persuade:#7
t= 64  Rook   has not decided yet, and waits in the world
t= 64  Bram   finished say(text="After you, then — which way shall we wander?" target=4) -> say ok shout=false heard_by=1 check=16 context=persuade:#4
t= 64  Sable  began go_to(offset=(2.000, 0.000)), 2 ticks
t= 64  Odo    began go_to(offset=(3.000, 0.000)), 3 ticks
t= 64  Sable  interrupted (spoken to), abandoned go_to(offset=(2.000, 0.000)) 0/2t
t= 64  Pell   interrupted (spoken to), abandoned go_to(target=6) 8/20t
t= 64  Pell   began go_to(target=6), 20 ticks
      face #2 west
    round 29 turn #1 at (-145,135) facing=east hp=38/38 def=0 sword + boots(4/4)
t= 65  Bram   has not decided yet, and waits in the world
      face #1 east
    round 29 turn #2 at (-143,135) facing=west hp=38/38 def=0 spear + boots(4/4)
t= 66  Sable  began go_to(offset=(2.000, 0.000)), 2 ticks
      face #2 west
    round 30 turn #1 at (-145,135) facing=east hp=38/38 def=0 sword + boots(4/4)
t= 67  Rook   began say(text="then let us be off — east, toward the open ground" target=1), 5 ticks
t= 67  Odo    finished go_to(offset=(3.000, 0.000)) -> go_to ok at=(-452.800, 472.000) walked=2.7 steps=3
t= 67  Odo    has not decided yet, and waits in the world
      face #1 east
    round 30 turn #2 at (-143,135) facing=west hp=38/38 def=0 spear + boots(4/4)
t= 68  Wren   thought again at 15/24t, wanted the same thing
t= 68  Sable  finished go_to(offset=(2.000, 0.000)) -> go_to refused: the board decides where a fighter goes
t= 68  Sable  has not decided yet, and waits in the world
      face #2 west
    round 31 turn #1 at (-145,135) facing=east hp=38/38 def=0 sword + boots(4/4)
t= 69  Bram   began say(text="East looks promising — let's head that way." target=4), 5 ticks
t= 69  Pell   thought again at 5/20t, wanted the same thing
      face #1 east
    round 31 turn #2 at (-143,135) facing=west hp=38/38 def=0 spear + boots(4/4)
t= 70  Odo    began go_to(offset=(3.000, 0.000)), 3 ticks
      face #2 west
    round 32 turn #1 at (-145,135) facing=east hp=38/38 def=0 sword + boots(4/4)
      face #1 east
    round 32 turn #2 at (-143,135) facing=west hp=38/38 def=0 spear + boots(4/4)
t= 72  Rook   finished say(text="then let us be off — east, toward the open ground" target=1) -> say ok shout=false heard_by=1 check=17 context=persuade:#1
t= 72  Rook   has not decided yet, and waits in the world
t= 72  Sable  began say(text="East, toward that rise — the land looks promising that way." target=3), 5 ticks
t= 72  Wren   interrupted (spoken to), abandoned wait(ticks=24) 19/24t
t= 72  Wren   began wait(ticks=24), 24 ticks
      face #2 west
    round 33 turn #1 at (-145,135) facing=east hp=38/38 def=0 sword + boots(4/4)
t= 73  Odo    finished go_to(offset=(3.000, 0.000)) -> go_to ok at=(-450.100, 472.000) walked=2.7 steps=3
t= 73  Odo    has not decided yet, and waits in the world
      face #1 east
    round 33 turn #2 at (-143,135) facing=west hp=38/38 def=0 spear + boots(4/4)
t= 74  Bram   finished say(text="East looks promising — let's head that way." target=4) -> say ok shout=false heard_by=1 check=18 context=persuade:#4
t= 74  Pell   thought again at 10/20t, wanted the same thing
t= 74  Sable  interrupted (spoken to), abandoned say(text="East, toward that rise — the land looks promising that way." target=3) 2/5t
t= 74  Sable  began say(text="East, toward that rise — the land looks promising that way." target=3), 5 ticks
      face #2 west
    round 34 turn #1 at (-145,135) facing=east hp=38/38 def=0 sword + boots(4/4)
t= 75  Rook   began go_to(offset=(6.000, 0.000)), 7 ticks
t= 75  Bram   has not decided yet, and waits in the world
      face #1 east
    round 34 turn #2 at (-143,135) facing=west hp=38/38 def=0 spear + boots(4/4)
t= 76  Odo    began go_to(offset=(3.000, 0.000)), 3 ticks
      face #2 west
    round 35 turn #1 at (-145,135) facing=east hp=38/38 def=0 sword + boots(4/4)
t= 77  Wren   thought again at 5/24t, wanted the same thing
      face #1 east
    round 35 turn #2 at (-143,135) facing=west hp=38/38 def=0 spear + boots(4/4)
      face #2 west
    round 36 turn #1 at (-145,135) facing=east hp=38/38 def=0 sword + boots(4/4)
t= 79  Bram   began go_to(offset=(6.000, 0.000)), 7 ticks
t= 79  Sable  finished say(text="East, toward that rise — the land looks promising that way." target=3) -> say ok shout=false heard_by=1 check=19 context=persuade:#3
t= 79  Odo    finished go_to(offset=(3.000, 0.000)) -> go_to ok at=(-447.400, 472.000) walked=2.7 steps=3
t= 79  Odo    has not decided yet, and waits in the world
t= 79  Pell   thought again at 15/20t, wanted the same thing
t= 79  Bram   interrupted (spoken to), abandoned go_to(offset=(6.000, 0.000)) 0/7t
      face #1 east
    round 36 turn #2 at (-143,135) facing=west hp=38/38 def=0 spear + boots(4/4)
t= 80  Rook   thought again at 5/7t, wanted the same thing
t= 80  Sable  has not decided yet, and waits in the world
      face #2 west
    round 37 turn #1 at (-145,135) facing=east hp=38/38 def=0 sword + boots(4/4)
t= 81  Bram   began go_to(offset=(6.000, 0.000)), 7 ticks
      face #1 east
    round 37 turn #2 at (-143,135) facing=west hp=38/38 def=0 spear + boots(4/4)
t= 82  Wren   thought again at 10/24t, wanted the same thing
t= 82  Rook   finished go_to(offset=(6.000, 0.000)) -> go_to ok at=(-472.000, 416.000) walked=6.0 steps=7
t= 82  Rook   has not decided yet, and waits in the world
t= 82  Odo    began go_to(offset=(3.000, 0.000)), 3 ticks
      face #2 west
    round 38 turn #1 at (-145,135) facing=east hp=38/38 def=0 sword + boots(4/4)
      face #1 east
    round 38 turn #2 at (-143,135) facing=west hp=38/38 def=0 spear + boots(4/4)
t= 84  Sable  began go_to(offset=(6.000, 0.000)), 7 ticks
t= 84  Pell   finished go_to(target=6) -> go_to refused: there is nothing with id 6
t= 84  Pell   has not decided yet, and waits in the world
      face #2 west
    round 39 turn #1 at (-145,135) facing=east hp=38/38 def=0 sword + boots(4/4)
t= 85  Rook   began go_to(offset=(3.000, 0.000)), 3 ticks
t= 85  Odo    finished go_to(offset=(3.000, 0.000)) -> go_to ok at=(-444.700, 472.000) walked=2.7 steps=3
t= 85  Odo    has not decided yet, and waits in the world
      face #1 east
    round 39 turn #2 at (-143,135) facing=west hp=38/38 def=0 spear + boots(4/4)
t= 86  Bram   thought again at 5/7t, wanted the same thing
      face #2 west
    round 40 turn #1 at (-145,135) facing=east hp=38/38 def=0 sword + boots(4/4)
t= 87  Wren   thought again at 15/24t, wanted the same thing
t= 87  Pell   began say(text="Aye, Rook — let the three of us head out together." target=2), 5 ticks
      face #1 east
    round 40 turn #2 at (-143,135) facing=west hp=38/38 def=0 spear + boots(4/4)
t= 88  Rook   finished go_to(offset=(3.000, 0.000)) -> go_to ok at=(-469.300, 416.000) walked=2.7 steps=3
t= 88  Rook   has not decided yet, and waits in the world
t= 88  Bram   finished go_to(offset=(6.000, 0.000)) -> go_to refused: the board decides where a fighter goes
t= 88  Odo    began go_to(offset=(3.000, 0.000)), 3 ticks
      face #2 west
    round 41 turn #1 at (-145,135) facing=east hp=38/38 def=0 sword + boots(4/4)
t= 88  --     the fight is over; real time again
    over turns=80 rounds=41 ending=limit survivors=2 fallen=0
    snap-out #3 cell (-145,135) -> (-433.500, 1.164, 406.500) back to cell (-145,135) hp=38/38
    snap-out #4 cell (-143,135) -> (-427.500, 1.609, 406.500) back to cell (-143,135) hp=38/38
t= 89  Bram   has not decided yet, and waits in the world
t= 89  Sable  thought again at 5/7t, wanted the same thing
t= 91  Rook   began go_to(offset=(3.000, 0.000)), 3 ticks
t= 91  Sable  finished go_to(offset=(6.000, 0.000)) -> go_to ok at=(-421.500, 406.500) walked=6.0 steps=7
t= 91  Sable  has not decided yet, and waits in the world
t= 91  Odo    finished go_to(offset=(3.000, 0.000)) -> go_to ok at=(-442.000, 472.000) walked=2.7 steps=3
t= 91  Odo    has not decided yet, and waits in the world
t= 92  Wren   thought again at 20/24t, wanted the same thing
t= 92  Bram   began go_to(offset=(3.000, 0.000)), 3 ticks
t= 92  Pell   finished say(text="Aye, Rook — let the three of us head out together." target=2) -> say ok shout=false heard_by=1 check=20 context=persuade:#2
t= 92  Pell   has not decided yet, and waits in the world
t= 92  Rook   interrupted (spoken to), abandoned go_to(offset=(3.000, 0.000)) 1/3t
t= 92  Rook   began go_to(offset=(3.000, 0.000)), 3 ticks
t= 94  Sable  began go_to(offset=(3.000, 0.000)), 3 ticks
t= 94  Odo    began go_to(offset=(3.000, 0.000)), 3 ticks
t= 95  Rook   finished go_to(offset=(3.000, 0.000)) -> go_to ok at=(-465.700, 416.000) walked=2.7 steps=3
t= 95  Rook   has not decided yet, and waits in the world
t= 95  Bram   finished go_to(offset=(3.000, 0.000)) -> go_to ok at=(-430.800, 406.500) walked=2.7 steps=3
t= 95  Bram   has not decided yet, and waits in the world
t= 95  Pell   began go_to(target=6), 20 ticks
t= 96  Wren   finished wait(ticks=24) -> wait ok ticks=24 until=120
t= 96  Wren   began say(text=what was that noise?), 5 ticks
t= 97  Sable  finished go_to(offset=(3.000, 0.000)) -> go_to ok at=(-418.800, 406.500) walked=2.7 steps=3
t= 97  Sable  has not decided yet, and waits in the world
t= 97  Odo    finished go_to(offset=(3.000, 0.000)) -> go_to ok at=(-439.300, 472.000) walked=2.7 steps=3
t= 97  Odo    has not decided yet, and waits in the world
t= 98  Rook   began go_to(offset=(10.000, 0.000)), 11 ticks
t= 98  Bram   began go_to(offset=(3.000, 0.000)), 3 ticks
t=100  Sable  began go_to(offset=(3.000, 0.000)), 3 ticks
t=100  Odo    began go_to(offset=(3.000, 0.000)), 3 ticks
t=100  Pell   thought again at 5/20t, wanted the same thing
t=101  Wren   finished say(text=what was that noise?) -> say ok shout=true heard_by=2
t=101  Wren   has not decided yet, and waits in the world
t=101  Bram   finished go_to(offset=(3.000, 0.000)) -> go_to ok at=(-428.100, 406.500) walked=2.7 steps=3
t=101  Bram   has not decided yet, and waits in the world
t=103  Rook   thought again at 5/11t, wanted the same thing
t=103  Sable  finished go_to(offset=(3.000, 0.000)) -> go_to ok at=(-416.100, 406.500) walked=2.7 steps=3
t=103  Sable  has not decided yet, and waits in the world
t=103  Odo    finished go_to(offset=(3.000, 0.000)) -> go_to ok at=(-436.600, 472.000) walked=2.7 steps=3
t=103  Odo    has not decided yet, and waits in the world
t=104  Bram   began go_to(offset=(3.000, 0.000)), 3 ticks
t=105  Pell   thought again at 10/20t, wanted the same thing
t=106  Sable  began go_to(offset=(3.000, 0.000)), 3 ticks
t=106  Odo    began go_to(offset=(3.000, 0.000)), 3 ticks
t=107  Bram   finished go_to(offset=(3.000, 0.000)) -> go_to ok at=(-425.400, 406.500) walked=2.7 steps=3
t=107  Bram   has not decided yet, and waits in the world
t=108  Rook   thought again at 10/11t, wanted the same thing
t=109  Rook   finished go_to(offset=(10.000, 0.000)) -> go_to ok at=(-455.800, 416.000) walked=9.9 steps=11
t=109  Rook   has not decided yet, and waits in the world
t=109  Sable  finished go_to(offset=(3.000, 0.000)) -> go_to ok at=(-413.400, 406.500) walked=2.7 steps=3
t=109  Sable  has not decided yet, and waits in the world
t=109  Odo    finished go_to(offset=(3.000, 0.000)) -> go_to ok at=(-433.900, 472.000) walked=2.7 steps=3
t=109  Odo    has not decided yet, and waits in the world
t=110  Bram   began go_to(offset=(3.000, 0.000)), 3 ticks
t=110  Pell   thought again at 15/20t, wanted the same thing
t=112  Rook   began go_to(offset=(3.000, 0.000)), 3 ticks
t=112  Sable  began go_to(offset=(3.000, 0.000)), 3 ticks
t=112  Odo    began go_to(offset=(3.000, 0.000)), 3 ticks
t=113  Bram   finished go_to(offset=(3.000, 0.000)) -> go_to ok at=(-422.700, 406.500) walked=2.7 steps=3
t=113  Bram   has not decided yet, and waits in the world
t=115  Rook   finished go_to(offset=(3.000, 0.000)) -> go_to ok at=(-453.100, 416.000) walked=2.7 steps=3
t=115  Rook   has not decided yet, and waits in the world
t=115  Sable  finished go_to(offset=(3.000, 0.000)) -> go_to ok at=(-410.700, 406.500) walked=2.7 steps=3
t=115  Sable  has not decided yet, and waits in the world
t=115  Odo    finished go_to(offset=(3.000, 0.000)) -> go_to ok at=(-431.200, 472.000) walked=2.7 steps=3
t=115  Odo    has not decided yet, and waits in the world
t=115  Pell   finished go_to(target=6) -> go_to refused: there is nothing with id 6
t=115  Pell   has not decided yet, and waits in the world
t=116  Bram   began go_to(offset=(3.000, 0.000)), 3 ticks
t=118  Rook   began say(text="Wren, Pell — I heard it too. Stay sharp; let's move east together and find what made that noise." target=1), 5 ticks
t=118  Sable  began go_to(offset=(3.000, 0.000)), 3 ticks
t=118  Odo    began go_to(offset=(6.000, 0.000)), 7 ticks
t=118  Pell   began say(text="What noise, Wren? I heard nothing but the wind." target=1), 5 ticks
t=119  Bram   finished go_to(offset=(3.000, 0.000)) -> go_to ok at=(-420.000, 406.500) walked=2.7 steps=3
t=119  Bram   has not decided yet, and waits in the world
t=121  Sable  finished go_to(offset=(3.000, 0.000)) -> go_to ok at=(-408.000, 406.500) walked=2.7 steps=3
t=121  Sable  has not decided yet, and waits in the world
t=122  Bram   began go_to(offset=(3.000, 0.000)), 3 ticks
t=123  Rook   finished say(text="Wren, Pell — I heard it too. Stay sharp; let's move east together and find what made that noise." target=1) -> say refused: Wren is out of earshot (23.00 > 20.00)
t=123  Rook   has not decided yet, and waits in the world
t=123  Odo    thought again at 5/7t, wanted the same thing
t=123  Pell   finished say(text="What noise, Wren? I heard nothing but the wind." target=1) -> say ok shout=false heard_by=1 check=21 context=persuade:#1
t=123  Pell   has not decided yet, and waits in the world
t=124  Sable  began go_to(offset=(3.000, 0.000)), 3 ticks
t=125  Bram   finished go_to(offset=(3.000, 0.000)) -> go_to ok at=(-417.300, 406.500) walked=2.7 steps=3
t=125  Bram   has not decided yet, and waits in the world
t=125  Odo    finished go_to(offset=(6.000, 0.000)) -> go_to ok at=(-425.200, 472.000) walked=6.0 steps=7
t=125  Odo    has not decided yet, and waits in the world
t=126  Rook   began say(text=I heard nothing myself — perhaps #3, the armed one moving east? target=1), 5 ticks
t=126  Pell   began say(text=Shall we set off, then? Rook, Wren — the road waits. target=2), 5 ticks
t=127  Sable  finished go_to(offset=(3.000, 0.000)) -> go_to ok at=(-405.300, 406.500) walked=2.7 steps=3
t=127  Sable  has not decided yet, and waits in the world
t=128  Bram   began go_to(offset=(3.000, 0.000)), 3 ticks
t=128  Odo    began go_to(offset=(3.000, 0.000)), 3 ticks
t=130  Sable  began go_to(offset=(3.000, 0.000)), 3 ticks
t=131  Rook   finished say(text=I heard nothing myself — perhaps #3, the armed one moving east? target=1) -> say refused: Wren is out of earshot (23.00 > 20.00)
t=131  Rook   has not decided yet, and waits in the world
t=131  Bram   finished go_to(offset=(3.000, 0.000)) -> go_to ok at=(-414.600, 406.500) walked=2.7 steps=3
t=131  Bram   has not decided yet, and waits in the world
t=131  Odo    finished go_to(offset=(3.000, 0.000)) -> go_to ok at=(-422.500, 472.000) walked=2.7 steps=3
t=131  Odo    has not decided yet, and waits in the world
t=131  Pell   finished say(text=Shall we set off, then? Rook, Wren — the road waits. target=2) -> say ok shout=false heard_by=1 check=22 context=persuade:#2
t=131  Pell   has not decided yet, and waits in the world
t=133  Sable  finished go_to(offset=(3.000, 0.000)) -> go_to ok at=(-402.600, 406.500) walked=2.7 steps=3
t=133  Sable  has not decided yet, and waits in the world
t=134  Rook   began say(text="Wren, Pell — I heard it too. Let us move east together and find what made that noise." target=1), 5 ticks
t=134  Bram   began go_to(offset=(3.000, 0.000)), 3 ticks
t=134  Odo    began go_to(offset=(3.000, 0.000)), 3 ticks
t=134  Pell   began say(text=Set off east, then — keep together, and mind the edge south of here. target=2), 5 ticks
t=136  Sable  began go_to(offset=(3.000, 0.000)), 3 ticks
t=137  Bram   finished go_to(offset=(3.000, 0.000)) -> go_to ok at=(-411.900, 406.500) walked=2.7 steps=3
t=137  Bram   has not decided yet, and waits in the world
t=137  Odo    finished go_to(offset=(3.000, 0.000)) -> go_to ok at=(-419.800, 472.000) walked=2.7 steps=3
t=137  Odo    has not decided yet, and waits in the world
t=139  Rook   finished say(text="Wren, Pell — I heard it too. Let us move east together and find what made that noise." target=1) -> say refused: Wren is out of earshot (23.00 > 20.00)
t=139  Rook   has not decided yet, and waits in the world
t=139  Sable  finished go_to(offset=(3.000, 0.000)) -> go_to ok at=(-399.900, 406.500) walked=2.7 steps=3
t=139  Sable  has not decided yet, and waits in the world
t=139  Pell   finished say(text=Set off east, then — keep together, and mind the edge south of here. target=2) -> say ok shout=false heard_by=1 check=23 context=persuade:#2
t=139  Pell   has not decided yet, and waits in the world
t=140  Bram   began go_to(offset=(3.000, 0.000)), 3 ticks
t=140  Odo    began go_to(offset=(3.000, 0.000)), 3 ticks
t=142  Rook   began say(text=the three of us are set — east, toward that open ground, and let us find what made that noise target=1), 5 ticks
t=142  Sable  began go_to(offset=(3.000, 0.000)), 3 ticks
t=142  Pell   began say(text="Rook, Wren — eastward, and mind the drop south of here." target=2), 5 ticks
t=143  Bram   finished go_to(offset=(3.000, 0.000)) -> go_to ok at=(-409.200, 406.500) walked=2.7 steps=3
t=143  Bram   has not decided yet, and waits in the world
t=143  Odo    finished go_to(offset=(3.000, 0.000)) -> go_to ok at=(-417.100, 472.000) walked=2.7 steps=3
t=143  Odo    has not decided yet, and waits in the world
t=145  Sable  finished go_to(offset=(3.000, 0.000)) -> go_to ok at=(-397.200, 406.500) walked=2.7 steps=3
t=145  Sable  has not decided yet, and waits in the world
t=146  Bram   began say(text="East it is — after you, Sable." target=4), 5 ticks
t=146  Odo    began go_to(offset=(3.000, 0.000)), 3 ticks
t=147  Rook   finished say(text=the three of us are set — east, toward that open ground, and let us find what made that noise target=1) -> say refused: Wren is out of earshot (23.00 > 20.00)
t=147  Rook   has not decided yet, and waits in the world
t=147  Pell   finished say(text="Rook, Wren — eastward, and mind the drop south of here." target=2) -> say ok shout=false heard_by=1 check=24 context=persuade:#2
t=147  Pell   has not decided yet, and waits in the world
t=148  Sable  began go_to(offset=(3.000, 0.000)), 3 ticks
t=149  Odo    finished go_to(offset=(3.000, 0.000)) -> go_to ok at=(-414.400, 472.000) walked=2.7 steps=3
t=149  Odo    has not decided yet, and waits in the world
t=150  Rook   began go_to(offset=(3.000, 0.000)), 3 ticks
t=150  Pell   began go_to(offset=(3.000, 0.000)), 3 ticks
t=151  Bram   finished say(text="East it is — after you, Sable." target=4) -> say ok shout=false heard_by=1 check=25 context=persuade:#4
t=151  Bram   has not decided yet, and waits in the world
t=151  Sable  finished go_to(offset=(3.000, 0.000)) -> go_to ok at=(-394.500, 406.500) walked=2.7 steps=3
t=151  Sable  has not decided yet, and waits in the world
t=152  Odo    began go_to(offset=(3.000, 0.000)), 3 ticks
t=153  Rook   finished go_to(offset=(3.000, 0.000)) -> go_to ok at=(-450.400, 416.000) walked=2.7 steps=3
t=153  Rook   has not decided yet, and waits in the world
t=153  Pell   finished go_to(offset=(3.000, 0.000)) -> go_to ok at=(-470.378, 416.560) walked=2.7 steps=3
t=153  Pell   has not decided yet, and waits in the world
t=154  Bram   began go_to(target=4), 14 ticks
t=154  Sable  began go_to(offset=(3.000, 0.000)), 3 ticks
t=155  Odo    finished go_to(offset=(3.000, 0.000)) -> go_to refused: the way to the position is blocked
t=155  Odo    has not decided yet, and waits in the world
t=156  Rook   began go_to(offset=(3.000, 0.000)), 3 ticks
t=156  Pell   began go_to(offset=(3.000, 0.000)), 3 ticks
t=157  Sable  finished go_to(offset=(3.000, 0.000)) -> go_to ok at=(-391.800, 406.500) walked=2.7 steps=3
t=157  Sable  has not decided yet, and waits in the world
t=158  Odo    began go_to(offset=(3.000, 0.000)), 3 ticks
t=159  Rook   finished go_to(offset=(3.000, 0.000)) -> go_to ok at=(-447.700, 416.000) walked=2.7 steps=3
t=159  Rook   has not decided yet, and waits in the world
t=159  Bram   thought again at 5/14t, wanted the same thing
t=159  Pell   finished go_to(offset=(3.000, 0.000)) -> go_to ok at=(-467.678, 416.560) walked=2.7 steps=3
t=159  Pell   has not decided yet, and waits in the world
t=160  Sable  began go_to(offset=(3.000, 0.000)), 3 ticks

the model cast's turns -- 96 questions across 5 characters, 96 chose an action
  who    turn asked answered  observed          the model said                 which read back as           what the engine answered
  Rook   1        1        4  d57c079e4523569b  examine target=#6              examine(target=6)            examine ok id=6 name=pile kind=pile shut=false holds=1 money=0 distance=7.0  (chosen again after 1 interruption)
  Bram   1        1        4  2acd0558cc216f1e  say text=Hail, traveler! targ… say(text=Hail, traveler! ta… say ok shout=false heard_by=1 check=2 context=persuade:#4
  Sable  1        1        4  0e6d0e82fc2c07ad  go_to target=#3                go_to(target=3)              go_to refused: the board decides where a fighter goes  (chosen again after 1 interruption)
  Odo    1        1        4  20fb01e892b856df  go_to offset=(6, 0)            go_to(offset=(6.000, 0.000)) go_to ok at=(-478.000, 472.000) walked=6.0 steps=7
  Pell   1        1        4  eef3cf3be6bc38d1  go_to target=#2                go_to(target=2)              go_to ok at=(-477.423, 417.731) walked=4.5 steps=5
  Pell   2        9       12  99f51048d8332491  go_to target=#6                go_to(target=6)              go_to ok at=(-473.078, 416.560) walked=4.5 steps=5
  Rook   2       10       13  a101dd92ff055c8e  say text=good morning target=… say(text=good morning targe… say ok shout=false heard_by=1 check=3 context=persuade:#1
  Bram   2        9       13  2dfaa5bcd139b857  say text="What brings you thi… say(text="What brings you t… say ok shout=false heard_by=1 check=4 context=persuade:#4
  Odo    2       11       14  de2e0b8fc60ff590  examine target=x               examine(target=x)            examine refused: Odo carries no x
  Sable  2       14       18  d526450fbce3023e  say text=Hail, Bram! What bri… say(text=Hail, Bram! What b… say ok shout=false heard_by=1 check=5 context=persuade:#3  (chosen again after 1 interruption)
  Pell   3       17       20  fcefc65e021990fc  pick_up item=brass lantern ta… pick_up(item=brass lantern … pick_up refused: there is nothing with id 6
  Rook   3       18       21  1eac7c6127f661f2  say text="a fine morning for … say(text="a fine morning fo… say ok shout=false heard_by=1 check=6 context=persuade:#1
  Odo    3       18       21  2afc6fba09080146  go_to offset=(3, 0)            go_to(offset=(3.000, 0.000)) go_to ok at=(-475.300, 472.000) walked=2.7 steps=3
  Bram   3       19       23  827023e12e4952b4  say text="Fine day for a walk… say(text="Fine day for a wa… say ok shout=false heard_by=1 check=7 context=persuade:#4  (chosen again after 1 interruption)
  Pell   4       23       26  e62060b5f49496ee  go_to target=#6                go_to(target=6)              go_to refused: there is nothing with id 6
  Odo    4       24       27  27fd022e6c0e342d  go_to offset=(3, 0)            go_to(offset=(3.000, 0.000)) go_to ok at=(-472.600, 472.000) walked=2.7 steps=3
  Rook   4       26       29  66ae05d6a02a55a7  say text="a fine morning for … say(text="a fine morning fo… say ok shout=false heard_by=1 check=8 context=persuade:#1
  Sable  3       26       30  9890205b18752825  say text="Just wandering, see… say(text="Just wandering, s… say ok shout=false heard_by=1 check=9 context=persuade:#3  (chosen again after 1 interruption)
  Odo    5       30       33  0ee0a8e76b8bdaea  go_to offset=(3, 0)            go_to(offset=(3.000, 0.000)) go_to ok at=(-469.900, 472.000) walked=2.7 steps=3
  Bram   4       31       35  b45a3e2664fbdeae  say text="Aye, it is. Safe tr… say(text="Aye, it is. Safe … say ok shout=false heard_by=1 check=10 context=persuade:#4  (chosen again after 1 interruption)
  Rook   5       34       37  b541858c4fa84273  trade_accept target=#1         trade_accept(target=1)       trade_accept ok from=1 took=0 took_money=12 gave=1 gave_money=0
  Odo    6       36       39  c16f53d66bb9b492  go_to offset=(3, 0)            go_to(offset=(3.000, 0.000)) go_to ok at=(-467.200, 472.000) walked=2.7 steps=3
  Sable  4       38       42  03bf3a359f84cc17  say text="Then let's wander t… say(text="Then let's wander… say ok shout=false heard_by=1 check=12 context=persuade:#3  (chosen again after 1 interruption)
  Rook   6       40       43  b63acd2233abe329  say text="shall we head out a… say(text="shall we head out… say ok shout=false heard_by=1 check=11 context=persuade:#1
  Odo    7       42       45  e001c733876adaf9  go_to offset=(3, 0)            go_to(offset=(3.000, 0.000)) go_to ok at=(-464.500, 472.000) walked=2.7 steps=3
  Bram   5       43       47  14a265274ced7a75  say text="Traveling together … say(text="Traveling togethe… say ok shout=false heard_by=1 check=13 context=persuade:#4  (chosen again after 1 interruption)
  Pell   5       46       49  17df3e0d7e61f8a7  go_to target=#6                go_to(target=6)              go_to refused: there is nothing with id 6  (chosen again after 2 interruptions)
  Rook   7       48       51  c176164ee1a4f0d1  say text="shall we head out a… say(text="shall we head out… say ok shout=false heard_by=1 check=14 context=persuade:#7
  Odo    8       48       51  e3c9eb1bf9ea43e2  go_to offset=(9, 0)            go_to(offset=(9.000, 0.000)) go_to ok at=(-455.500, 472.000) walked=9.0 steps=10
  Sable  5       50       54  c4ff591038f8b69e  go_to offset=(0.0, -3.0)       go_to(offset=(0.000, -3.000… go_to refused: the board decides where a fighter goes  (chosen again after 1 interruption)
  Rook   8       56       59  ba085acb7c579dc2  say text="Pell, Wren and I co… say(text="Pell, Wren and I … say ok shout=false heard_by=1 check=15 context=persuade:#7
  Bram   6       55       59  9956048d1175456a  say text="After you, then — w… say(text="After you, then —… say ok shout=false heard_by=1 check=16 context=persuade:#4
  Sable  6       60       64  5ea071d18274b1b7  go_to offset=(2.0, 0.0)        go_to(offset=(2.000, 0.000)) go_to refused: the board decides where a fighter goes  (chosen again after 1 interruption)
  Odo    9       61       64  bb5aff6edd54449a  go_to offset=(3, 0)            go_to(offset=(3.000, 0.000)) go_to ok at=(-452.800, 472.000) walked=2.7 steps=3
  Rook   9       64       67  d562a6c5229dd967  say text="then let us be off … say(text="then let us be of… say ok shout=false heard_by=1 check=17 context=persuade:#1
  Bram   7       65       69  04f77cb3cd176925  say text="East looks promisin… say(text="East looks promis… say ok shout=false heard_by=1 check=18 context=persuade:#4
  Odo    10      67       70  47dab3c170c8dbe2  go_to offset=(3, 0)            go_to(offset=(3.000, 0.000)) go_to ok at=(-450.100, 472.000) walked=2.7 steps=3
  Sable  7       68       72  39040033216ef927  say text="East, toward that r… say(text="East, toward that… say ok shout=false heard_by=1 check=19 context=persuade:#3  (chosen again after 1 interruption)
  Rook   10      72       75  e80dd52b916e401e  go_to offset=(6.0, 0.0)        go_to(offset=(6.000, 0.000)) go_to ok at=(-472.000, 416.000) walked=6.0 steps=7
  Odo    11      73       76  1f9a4907cb720820  go_to offset=(3, 0)            go_to(offset=(3.000, 0.000)) go_to ok at=(-447.400, 472.000) walked=2.7 steps=3
  Bram   8       75       79  dd4689b9d9fcdc0e  go_to offset=(6.0, 0.0)        go_to(offset=(6.000, 0.000)) go_to refused: the board decides where a fighter goes  (chosen again after 1 interruption)
  Odo    12      79       82  da20d87769bcc2da  go_to offset=(3, 0)            go_to(offset=(3.000, 0.000)) go_to ok at=(-444.700, 472.000) walked=2.7 steps=3
  Sable  8       80       84  51d5532cdb0e1134  go_to offset=(6.0, 0.0)        go_to(offset=(6.000, 0.000)) go_to ok at=(-421.500, 406.500) walked=6.0 steps=7
  Rook   11      82       85  9078f72f6fbdf5b0  go_to offset=(3, 0)            go_to(offset=(3.000, 0.000)) go_to ok at=(-469.300, 416.000) walked=2.7 steps=3
  Pell   6       84       87  dd296f36b8006bd9  say text="Aye, Rook — let the… say(text="Aye, Rook — let t… say ok shout=false heard_by=1 check=20 context=persuade:#2
  Odo    13      85       88  e891795e68462442  go_to offset=(3, 0)            go_to(offset=(3.000, 0.000)) go_to ok at=(-442.000, 472.000) walked=2.7 steps=3
  Rook   12      88       91  fdd52559f8e5207c  go_to offset=(3.0, 0.0)        go_to(offset=(3.000, 0.000)) go_to ok at=(-465.700, 416.000) walked=2.7 steps=3  (chosen again after 1 interruption)
  Bram   9       89       92  e4c62081b5a9d957  go_to offset=(+3.0, +0.0)      go_to(offset=(3.000, 0.000)) go_to ok at=(-430.800, 406.500) walked=2.7 steps=3
  Sable  9       91       94  be02ae7ebe659c59  go_to offset=(3.0, 0.0)        go_to(offset=(3.000, 0.000)) go_to ok at=(-418.800, 406.500) walked=2.7 steps=3
  Odo    14      91       94  778376b23ff6c10d  go_to offset=(3, 0)            go_to(offset=(3.000, 0.000)) go_to ok at=(-439.300, 472.000) walked=2.7 steps=3
  Pell   7       92       95  f8d353e1607b972b  go_to target=#6                go_to(target=6)              go_to refused: there is nothing with id 6
  Rook   13      95       98  ea7a0de2f4459fd7  go_to offset=(10, 0)           go_to(offset=(10.000, 0.000… go_to ok at=(-455.800, 416.000) walked=9.9 steps=11
  Bram   10      95       98  9072de4f046f951f  go_to offset=(3.0, 0.0)        go_to(offset=(3.000, 0.000)) go_to ok at=(-428.100, 406.500) walked=2.7 steps=3
  Sable  10      97      100  c2d02d4b6c66b0b5  go_to offset=(3.0, 0.0)        go_to(offset=(3.000, 0.000)) go_to ok at=(-416.100, 406.500) walked=2.7 steps=3
  Odo    15      97      100  8ae0b166bf093a1c  go_to offset=(3, 0)            go_to(offset=(3.000, 0.000)) go_to ok at=(-436.600, 472.000) walked=2.7 steps=3
  Bram   11     101      104  ed4bea38c3da10ac  go_to offset=(3.0, 0.0)        go_to(offset=(3.000, 0.000)) go_to ok at=(-425.400, 406.500) walked=2.7 steps=3
  Sable  11     103      106  4547304a3ffdd204  go_to offset=(3.0, 0.0)        go_to(offset=(3.000, 0.000)) go_to ok at=(-413.400, 406.500) walked=2.7 steps=3
  Odo    16     103      106  20155c7377d87048  go_to offset=(3, 0)            go_to(offset=(3.000, 0.000)) go_to ok at=(-433.900, 472.000) walked=2.7 steps=3
  Bram   12     107      110  7e4f8465cf5c6b31  go_to offset=(3.0, 0.0)        go_to(offset=(3.000, 0.000)) go_to ok at=(-422.700, 406.500) walked=2.7 steps=3
  Rook   14     109      112  597f29fad6947605  go_to offset=(3.0, 0.0)        go_to(offset=(3.000, 0.000)) go_to ok at=(-453.100, 416.000) walked=2.7 steps=3
  Sable  12     109      112  89539528eaf8b1cf  go_to offset=(3.0, 0.0)        go_to(offset=(3.000, 0.000)) go_to ok at=(-410.700, 406.500) walked=2.7 steps=3
  Odo    17     109      112  17c734677698d2eb  go_to offset=(3, 0)            go_to(offset=(3.000, 0.000)) go_to ok at=(-431.200, 472.000) walked=2.7 steps=3
  Bram   13     113      116  e7e86df71fc9abd6  go_to offset=(3.0, 0.0)        go_to(offset=(3.000, 0.000)) go_to ok at=(-420.000, 406.500) walked=2.7 steps=3
  Rook   15     115      118  892f4f4c94b350b7  say text="Wren, Pell — I hear… say(text="Wren, Pell — I he… say refused: Wren is out of earshot (23.00 > 20.00)
  Sable  13     115      118  c2ed61f78128fb72  go_to offset=(3.0, 0.0)        go_to(offset=(3.000, 0.000)) go_to ok at=(-408.000, 406.500) walked=2.7 steps=3
  Odo    18     115      118  a2699bce8d6db10a  go_to offset=(6, 0)            go_to(offset=(6.000, 0.000)) go_to ok at=(-425.200, 472.000) walked=6.0 steps=7
  Pell   8      115      118  1cf732a9fca5d3e9  say text="What noise, Wren? I… say(text="What noise, Wren?… say ok shout=false heard_by=1 check=21 context=persuade:#1
  Bram   14     119      122  36b15363a9bbcdb7  go_to offset=(3.0, 0.0)        go_to(offset=(3.000, 0.000)) go_to ok at=(-417.300, 406.500) walked=2.7 steps=3
  Sable  14     121      124  b17a41b09821ee9f  go_to offset=(3.0, 0.0)        go_to(offset=(3.000, 0.000)) go_to ok at=(-405.300, 406.500) walked=2.7 steps=3
  Rook   16     123      126  2b63f07bb4bd7018  say text=I heard nothing myse… say(text=I heard nothing my… say refused: Wren is out of earshot (23.00 > 20.00)
  Pell   9      123      126  5953a888d4ceefc0  say text=Shall we set off, th… say(text=Shall we set off, … say ok shout=false heard_by=1 check=22 context=persuade:#2
  Bram   15     125      128  8af13b428916a5e8  go_to offset=(3, 0)            go_to(offset=(3.000, 0.000)) go_to ok at=(-414.600, 406.500) walked=2.7 steps=3
  Odo    19     125      128  65f0e70236c8d83d  go_to offset=(3, 0)            go_to(offset=(3.000, 0.000)) go_to ok at=(-422.500, 472.000) walked=2.7 steps=3
  Sable  15     127      130  6aef0ec2aa5afe37  go_to offset=(3.0, 0.0)        go_to(offset=(3.000, 0.000)) go_to ok at=(-402.600, 406.500) walked=2.7 steps=3
  Rook   17     131      134  75905133534f3431  say text="Wren, Pell — I hear… say(text="Wren, Pell — I he… say refused: Wren is out of earshot (23.00 > 20.00)
  Bram   16     131      134  c761b055eeada5cf  go_to offset=(3.0, 0.0)        go_to(offset=(3.000, 0.000)) go_to ok at=(-411.900, 406.500) walked=2.7 steps=3
  Odo    20     131      134  40c78e89baf16183  go_to offset=(3, 0)            go_to(offset=(3.000, 0.000)) go_to ok at=(-419.800, 472.000) walked=2.7 steps=3
  Pell   10     131      134  67d576070a64c1ce  say text=Set off east, then —… say(text=Set off east, then… say ok shout=false heard_by=1 check=23 context=persuade:#2
  Sable  16     133      136  a2d51cc2d02f1de2  go_to offset=(3.0, 0.0)        go_to(offset=(3.000, 0.000)) go_to ok at=(-399.900, 406.500) walked=2.7 steps=3
  Bram   17     137      140  3feadd258ea0662f  go_to offset=(3.0, 0.0)        go_to(offset=(3.000, 0.000)) go_to ok at=(-409.200, 406.500) walked=2.7 steps=3
  Odo    21     137      140  77bd5dc676c7b38d  go_to offset=(3, 0)            go_to(offset=(3.000, 0.000)) go_to ok at=(-417.100, 472.000) walked=2.7 steps=3
  Rook   18     139      142  e1a1d9029805fb84  say text=the three of us are … say(text=the three of us ar… say refused: Wren is out of earshot (23.00 > 20.00)
  Sable  17     139      142  7fec5d632947e1bd  go_to offset=(3.0, 0.0)        go_to(offset=(3.000, 0.000)) go_to ok at=(-397.200, 406.500) walked=2.7 steps=3
  Pell   11     139      142  74a5361324072407  say text="Rook, Wren — eastwa… say(text="Rook, Wren — east… say ok shout=false heard_by=1 check=24 context=persuade:#2
  Bram   18     143      146  a4e760831e8bd7fa  say text="East it is — after … say(text="East it is — afte… say ok shout=false heard_by=1 check=25 context=persuade:#4
  Odo    22     143      146  f1f153d28871e2ba  go_to offset=(3, 0)            go_to(offset=(3.000, 0.000)) go_to ok at=(-414.400, 472.000) walked=2.7 steps=3
  Sable  18     145      148  b1aa0c21cf99401b  go_to offset=(3.0, 0.0)        go_to(offset=(3.000, 0.000)) go_to ok at=(-394.500, 406.500) walked=2.7 steps=3
  Rook   19     147      150  ed722640d14fca91  go_to offset=(3, 0)            go_to(offset=(3.000, 0.000)) go_to ok at=(-450.400, 416.000) walked=2.7 steps=3
  Pell   12     147      150  df40d293234a4c83  go_to offset=(3.0, 0.0)        go_to(offset=(3.000, 0.000)) go_to ok at=(-470.378, 416.560) walked=2.7 steps=3
  Odo    23     149      152  abe530db37086033  go_to offset=(3, 0)            go_to(offset=(3.000, 0.000)) go_to refused: the way to the position is blocked
  Bram   19     151      154  5410dd99a7ad6f8f  go_to target=#4                go_to(target=4)              still running when the run ended
  Sable  19     151      154  8c760536b47df752  go_to offset=(3.0, 0.0)        go_to(offset=(3.000, 0.000)) go_to ok at=(-391.800, 406.500) walked=2.7 steps=3
  Rook   20     153      156  06be2b4f54b891e5  go_to offset=(3.0, 0.0)        go_to(offset=(3.000, 0.000)) go_to ok at=(-447.700, 416.000) walked=2.7 steps=3
  Pell   13     153      156  7508cbd0bfb48dbf  go_to offset=(3.0, 0.0)        go_to(offset=(3.000, 0.000)) go_to ok at=(-467.678, 416.560) walked=2.7 steps=3
  Odo    24     155      158  4d3f7edcf37494f5  go_to offset=(3, 0)            go_to(offset=(3.000, 0.000)) still running when the run ended
  Sable  20     157      160  710a397e4127dc42  go_to offset=(3.0, 0.0)        go_to(offset=(3.000, 0.000)) still running when the run ended

nobody waits on anybody
  who    turn asked answered waited alongside  ticks each of the others was serviced for      actions
        (a character that has fallen out of the world is serviced no further, and shows 0)
  Rook   1        1        4      3         4  Wren 3 Bram 3 Sable 3 Odo 3 Pell 3             0
  Bram   1        1        4      3         4  Wren 3 Rook 3 Sable 3 Odo 3 Pell 3             0
  Sable  1        1        4      3         4  Wren 3 Rook 3 Bram 3 Odo 3 Pell 3              0
  Odo    1        1        4      3         4  Wren 3 Rook 3 Bram 3 Sable 3 Pell 3            0
  Pell   1        1        4      3         4  Wren 3 Rook 3 Bram 3 Sable 3 Odo 3             0
  Pell   2        9       12      3         3  Wren 3 Rook 3 Bram 3 Sable 3 Odo 3             2
  Rook   2       10       13      3         3  Wren 3 Bram 3 Sable 3 Odo 3 Pell 3             1
  Bram   2        9       13      4         3  Wren 4 Rook 4 Sable 4 Odo 4 Pell 4             2
  Odo    2       11       14      3         4  Wren 3 Rook 3 Bram 3 Sable 3 Pell 3            1
  Sable  2       14       18      4         3  Wren 4 Rook 4 Bram 4 Odo 4 Pell 4              4
  Pell   3       17       20      3         4  Wren 3 Rook 3 Bram 3 Sable 3 Odo 3             4
  Rook   3       18       21      3         3  Wren 3 Bram 3 Sable 3 Odo 3 Pell 3             1
  Odo    3       18       21      3         3  Wren 3 Rook 3 Bram 3 Sable 3 Pell 3            1
  Bram   3       19       23      4         3  Wren 4 Rook 4 Sable 4 Odo 4 Pell 4             3
  Pell   4       23       26      3         3  Wren 3 Rook 3 Bram 3 Sable 3 Odo 3             4
  Odo    4       24       27      3         3  Wren 3 Rook 3 Bram 3 Sable 3 Pell 3            3
  Rook   4       26       29      3         2  Wren 3 Bram 3 Sable 3 Odo 3 Pell 3             0
  Sable  3       26       30      4         2  Wren 4 Rook 4 Bram 4 Odo 4 Pell 4              3
  Odo    5       30       33      3         1  Wren 3 Rook 3 Bram 3 Sable 3 Pell 3            0
  Bram   4       31       35      4         2  Wren 4 Rook 4 Sable 4 Odo 4 Pell 4             1
  Rook   5       34       37      3         2  Wren 3 Bram 3 Sable 3 Odo 3 Pell 3             2
  Odo    6       36       39      3         2  Wren 3 Rook 3 Bram 3 Sable 3 Pell 3            1
  Sable  4       38       42      4         2  Wren 4 Rook 4 Bram 4 Odo 4 Pell 4              4
  Rook   6       40       43      3         3  Wren 3 Bram 3 Sable 3 Odo 3 Pell 3             3
  Odo    7       42       45      3         2  Wren 3 Rook 3 Bram 3 Sable 3 Pell 3            0
  Bram   5       43       47      4         2  Wren 4 Rook 4 Sable 4 Odo 4 Pell 4             2
  Pell   5       46       49      3         3  Wren 3 Rook 3 Bram 3 Sable 3 Odo 3             3
  Rook   7       48       51      3         3  Wren 3 Bram 3 Sable 3 Odo 3 Pell 3             1
  Odo    8       48       51      3         3  Wren 3 Rook 3 Bram 3 Sable 3 Pell 3            1
  Sable  5       50       54      4         2  Wren 4 Rook 4 Bram 4 Odo 4 Pell 4              2
  Rook   8       56       59      3         1  Wren 3 Bram 3 Sable 3 Odo 3 Pell 3             1
  Bram   6       55       59      4         1  Wren 4 Rook 4 Sable 4 Odo 4 Pell 4             2
  Sable  6       60       64      4         2  Wren 4 Rook 4 Bram 4 Odo 4 Pell 4              3
  Odo    9       61       64      3         2  Wren 3 Rook 3 Bram 3 Sable 3 Pell 3            2
  Rook   9       64       67      3         2  Wren 3 Bram 3 Sable 3 Odo 3 Pell 3             1
  Bram   7       65       69      4         3  Wren 4 Rook 4 Sable 4 Odo 4 Pell 4             2
  Odo    10      67       70      3         2  Wren 3 Rook 3 Bram 3 Sable 3 Pell 3            1
  Sable  7       68       72      4         3  Wren 4 Rook 4 Bram 4 Odo 4 Pell 4              1
  Rook   10      72       75      3         2  Wren 3 Bram 3 Sable 3 Odo 3 Pell 3             2
  Odo    11      73       76      3         2  Wren 3 Rook 3 Bram 3 Sable 3 Pell 3            1
  Bram   8       75       79      4         1  Wren 4 Rook 4 Sable 4 Odo 4 Pell 4             2
  Odo    12      79       82      3         2  Wren 3 Rook 3 Bram 3 Sable 3 Pell 3            1
  Sable  8       80       84      4         3  Wren 4 Rook 4 Bram 4 Odo 4 Pell 4              2
  Rook   11      82       85      3         3  Wren 3 Bram 3 Sable 3 Odo 3 Pell 3             2
  Pell   6       84       87      3         2  Wren 3 Rook 3 Bram 3 Sable 3 Odo 3             1
  Odo    13      85       88      3         2  Wren 3 Rook 3 Bram 3 Sable 3 Pell 3            2
  Rook   12      88       91      3         3  Wren 3 Bram 3 Sable 3 Odo 3 Pell 3             2
  Bram   9       89       92      3         4  Wren 3 Rook 3 Sable 3 Odo 3 Pell 3             3
  Sable  9       91       94      3         3  Wren 3 Rook 3 Bram 3 Odo 3 Pell 3              1
  Odo    14      91       94      3         3  Wren 3 Rook 3 Bram 3 Sable 3 Pell 3            1
  Pell   7       92       95      3         4  Wren 3 Rook 3 Bram 3 Sable 3 Odo 3             2
  Rook   13      95       98      3         3  Wren 3 Bram 3 Sable 3 Odo 3 Pell 3             3
  Bram   10      95       98      3         3  Wren 3 Rook 3 Sable 3 Odo 3 Pell 3             3
  Sable  10      97      100      3         3  Wren 3 Rook 3 Bram 3 Odo 3 Pell 3              0
  Odo    15      97      100      3         3  Wren 3 Rook 3 Bram 3 Sable 3 Pell 3            0
  Bram   11     101      104      3         2  Wren 3 Rook 3 Sable 3 Odo 3 Pell 3             2
  Sable  11     103      106      3         2  Wren 3 Rook 3 Bram 3 Odo 3 Pell 3              0
  Odo    16     103      106      3         2  Wren 3 Rook 3 Bram 3 Sable 3 Pell 3            0
  Bram   12     107      110      3         3  Wren 3 Rook 3 Sable 3 Odo 3 Pell 3             3
  Rook   14     109      112      3         3  Wren 3 Bram 3 Sable 3 Odo 3 Pell 3             0
  Sable  12     109      112      3         3  Wren 3 Rook 3 Bram 3 Odo 3 Pell 3              0
  Odo    17     109      112      3         3  Wren 3 Rook 3 Bram 3 Sable 3 Pell 3            0
  Bram   13     113      116      3         4  Wren 3 Rook 3 Sable 3 Odo 3 Pell 3             4
  Rook   15     115      118      3         4  Wren 3 Bram 3 Sable 3 Odo 3 Pell 3             0
  Sable  13     115      118      3         4  Wren 3 Rook 3 Bram 3 Odo 3 Pell 3              0
  Odo    18     115      118      3         4  Wren 3 Rook 3 Bram 3 Sable 3 Pell 3            0
  Pell   8      115      118      3         4  Wren 3 Rook 3 Bram 3 Sable 3 Odo 3             0
  Bram   14     119      122      3         1  Wren 3 Rook 3 Sable 3 Odo 3 Pell 3             1
  Sable  14     121      124      3         3  Wren 3 Rook 3 Bram 3 Odo 3 Pell 3              2
  Rook   16     123      126      3         4  Wren 3 Bram 3 Sable 3 Odo 3 Pell 3             2
  Pell   9      123      126      3         4  Wren 3 Rook 3 Bram 3 Sable 3 Odo 3             2
  Bram   15     125      128      3         4  Wren 3 Rook 3 Sable 3 Odo 3 Pell 3             1
  Odo    19     125      128      3         4  Wren 3 Rook 3 Bram 3 Sable 3 Pell 3            1
  Sable  15     127      130      3         2  Wren 3 Rook 3 Bram 3 Odo 3 Pell 3              0
  Rook   17     131      134      3         4  Wren 3 Bram 3 Sable 3 Odo 3 Pell 3             1
  Bram   16     131      134      3         4  Wren 3 Rook 3 Sable 3 Odo 3 Pell 3             1
  Odo    20     131      134      3         4  Wren 3 Rook 3 Bram 3 Sable 3 Pell 3            1
  Pell   10     131      134      3         4  Wren 3 Rook 3 Bram 3 Sable 3 Odo 3             1
  Sable  16     133      136      3         4  Wren 3 Rook 3 Bram 3 Odo 3 Pell 3              0
  Bram   17     137      140      3         4  Wren 3 Rook 3 Sable 3 Odo 3 Pell 3             3
  Odo    21     137      140      3         4  Wren 3 Rook 3 Bram 3 Sable 3 Pell 3            3
  Rook   18     139      142      3         4  Wren 3 Bram 3 Sable 3 Odo 3 Pell 3             0
  Sable  17     139      142      3         4  Wren 3 Rook 3 Bram 3 Odo 3 Pell 3              0
  Pell   11     139      142      3         4  Wren 3 Rook 3 Bram 3 Sable 3 Odo 3             0
  Bram   18     143      146      3         2  Wren 3 Rook 3 Sable 3 Odo 3 Pell 3             1
  Odo    22     143      146      3         2  Wren 3 Rook 3 Bram 3 Sable 3 Pell 3            1
  Sable  18     145      148      3         4  Wren 3 Rook 3 Bram 3 Odo 3 Pell 3              2
  Rook   19     147      150      3         3  Wren 3 Bram 3 Sable 3 Odo 3 Pell 3             1
  Pell   12     147      150      3         3  Wren 3 Rook 3 Bram 3 Sable 3 Odo 3             1
  Odo    23     149      152      3         4  Wren 3 Rook 3 Bram 3 Sable 3 Pell 3            2
  Bram   19     151      154      3         4  Wren 3 Rook 3 Sable 3 Odo 3 Pell 3             2
  Sable  19     151      154      3         4  Wren 3 Rook 3 Bram 3 Odo 3 Pell 3              2
  Rook   20     153      156      3         4  Wren 3 Bram 3 Sable 3 Odo 3 Pell 3             1
  Pell   13     153      156      3         4  Wren 3 Rook 3 Bram 3 Sable 3 Odo 3             1
  Odo    24     155      158      3         3  Wren 3 Rook 3 Bram 3 Sable 3 Pell 3            1
  Sable  20     157      160      3         3  Wren 3 Rook 3 Bram 3 Odo 3 Pell 3              2
  ticks with more than one answer outstanding  98 of 160
  the most outstanding at once                 5
  ticks by how many were outstanding           0:14 1:48 2:58 3:24 4:10 5:6
  spans: 82 of 96 took the stated 3 ticks, the longest took 4
  the longest span, by how many other answers were outstanding across it
    1:4 2:4 3:4 4:3
    this is the line that says the answers do not queue: a channel that served them
    in turn would make a question put while 5 others were outstanding
    take about 18 ticks, not 3. A span longer than the stated 3 is a
    character that was not serviced on the tick its answer was ready -- a
    commander waiting for its turn on the board -- and not an answer waiting
    for another answer.

what the run cost in model calls
  who     calls  answered  resolved calls per 100 ticks
  Rook       21        20        20                13.1
  Bram       19        19        18                11.9
  Sable      20        20        19                12.5
  Odo        24        24        23                15.0
  Pell       14        13        13                 8.8
  total      98        96
  the run                    160 ticks, 98 calls -> 0.613 calls a tick
  an hour of play at that rate  20 ticks a second, so 72000 ticks an hour
                                44100 calls an hour for 5 characters, 8820 each

being asked again is not a new call
  who       asked  calls    held  polled  re-evaluations re-evaluations per call
  Rook         87     21       5      61               3                    0.14
  Bram         75     19       6      50               2                    0.11
  Sable        82     20       9      53               2                    0.10
  Odo          99     24       3      72               3                    0.12
  Pell         67     14      13      40              11                    0.79
  total       410     98      36     276              21                    0.21
  re-evaluations to model calls  21 : 98 = 0.21 -- the loop asks again every 5 ticks an action runs, and none of those asks is a call
  asks that cost a call          98 of 410 (23.9%)
  the loop's own counts          reviews=31 changes=0 finished=103 attacked=0 combat began=1 spoken to=19

what the first run of this file measured, measured again
  turns                      96, across 5 characters
  lines of speech chosen     28, 26 of them different
  the most-repeated line     2 times: ""a fine morning for exploring""
  turns asked with the same observation as the one before  0
  turns that chose a position 57

what each of them came to remember
  who    driven by  entries   events   lessons  characters  recalls lessons written
  Wren   a person       21       21         0         868        -               -
  Rook   a model        42       42         0        1860        0               0
  Bram   a model        29       29         0        1250        0               0
  Sable  a model        27       27         0        1151        0               0
  Odo    a model         8        8         0         134        0               0
  Pell   a model        27       27         0        1361        0               0

what the world recorded between them
  4 edges, made of 30 happenings, and not one of them on anybody's sheet
  sentiment is familiarity x (trust - fear), which is the one number section 6 reads
  who    driven by with     trust    fear   respect   familiarity  sentiment
  Wren   a person  Rook      0.20    0.00      0.10          0.92      +0.18
  Wren   a person  Pell      0.00    0.00      0.00          0.58      +0.00
  Rook   a model   Wren      0.20    0.00      0.10          0.92      +0.18
  Rook   a model   Pell      0.00    0.00      0.00          0.82      +0.00
  Bram   a model   Sable     0.00    0.00      0.00          0.97      +0.00
  Sable  a model   Bram      0.00    0.00      0.00          0.97      +0.00
  Odo    a model   nothing has passed between it and anybody
  Pell   a model   Wren      0.00    0.00      0.00          0.58      +0.00
  Pell   a model   Rook      0.00    0.00      0.00          0.82      +0.00
  and what each edge is made of, in the world's own words
    #1 <-> #2 9 happenings | #1 trust 0.20 fear 0.00 respect 0.10 familiarity 0.92 | #2 trust 0.20 fear 0.00 respect 0.10 familiarity 0.92
    #3 <-> #4 12 happenings | #3 trust 0.00 fear 0.00 respect 0.00 familiarity 0.97 | #4 trust 0.00 fear 0.00 respect 0.00 familiarity 0.97
    #1 <-> #7 3 happenings | #1 trust 0.00 fear 0.00 respect 0.00 familiarity 0.58 | #7 trust 0.00 fear 0.00 respect 0.00 familiarity 0.58
    #2 <-> #7 6 happenings | #2 trust 0.00 fear 0.00 respect 0.00 familiarity 0.82 | #7 trust 0.00 fear 0.00 respect 0.00 familiarity 0.82

what Pell came to remember
  entries                    27 (27 events, 0 lessons)
  events by kind             saw 14 heard 9 changed 4 lesson 0
  characters held            1361
  characters a packet carries 418 of 1361 (31%), being every lesson and the last 8 events
  the last question put      4644 characters, of which 611 (13%) are what it remembers
  tools used                 0 recalls, 0 lessons written
  everything it remembers
    lessons 0
    events 27
      I saw Rook (#2), a commander, about 6m away.
      I saw a pile (#6) about 8m away, open, holding 1 thing and 0 coins.
      I saw Rook (#2), a commander, about 2m away.
      I saw Wren (#1), a commander, about 5m away.
      I saw a pile (#6) about 7m away, open, holding 1 thing and 0 coins.
      I moved 0.9m north.
      I dropped 0.1m.
      I saw Wren (#1), a commander, about 2m away.
      I saw Rook (#2), a commander, about 5m away.
      I saw a pile (#6) about 2m away, open, holding 1 thing and 0 coins.
      I moved 0.9m east.
      I saw Wren (#1), a commander, about 1m away.
      I saw Wren (#1), a commander, about 3m away.
      I saw Rook (#2), a commander, about 1m away.
      Wren (#1) shouted: "a fair bargain"
      Rook (#2) said to me: ""shall we head out and explore together?""
      Rook (#2) said to me: ""Pell, Wren and I could make a fine exploring party — shall we three head out together?""
      I said: ""Aye, Rook — let the three of us head out together.""
      I saw Rook (#2), a commander, about 20m away.
      Wren (#1) shouted: "what was that noise?"
      I said: ""What noise, Wren? I heard nothing but the wind.""
      I said: "Shall we set off, then? Rook, Wren — the road waits."
      I said: "Set off east, then — keep together, and mind the edge south of here."
      I said: ""Rook, Wren — eastward, and mind the drop south of here.""
      I saw Wren (#1), a commander, about 6m away.
      I saw Wren (#1), a commander, about 8m away.
      I climbed 0.1m.

what they were after -- scenario setup, not game content
  Pell, driven by a model
  no  over  what it is after                           answered by              where it stands now
  1   short be beside #2                               the world                closed at tick 10: #2 is 1.8 away
  2   short be carrying brass lantern                  the world                open -- brass lantern is not in the pack
  3   long  be thought well of in this market          the character itself     open -- nothing in the world answers this one
  closings                   1
    t=10   be beside #2                               closed by the world: #2 is 1.8 away
  refused closings           0 (the character asked to close a goal and was told it could not)
  Wren, driven by a person
  no  over  what it is after                           answered by              where it stands now
  1   short be carrying 1 money or more                the world                closed at tick 1: 30 money in the pack
  closings                   1
    t=1    be carrying 1 money or more                closed by the world: 30 money in the pack
  refused closings           0 (the character asked to close a goal and was told it could not)

after 160 ticks
    tick 160 actors=6 objects=0 offers=0
      #1 commander band=1 at (-476.100, -2.373, 416.000) hp=32/32 walking
        carries money=18 carried=[common armour chestplate L2 P=8 mov=4 def=4 eff=0 dex [] silk cloak | common weapon hand L1 P=4 mov=0 def=0 eff=4 dex [brass lantern:4] brass lantern] worn=[]
      #2 commander band=1 at (-447.700, -0.514, 416.000) hp=32/32 walking
        carries money=20 carried=[] worn=[]
      #3 commander band=3 at (-403.800, 2.793, 406.500) hp=38/38 walking
        carries money=0 carried=[common armour boots L2 P=8 mov=4 def=4 eff=0 dex [] common boots | common weapon hand L3 P=12 mov=0 def=0 eff=12 str [sword:12] common sword] worn=[boots=common armour boots L2 P=8 mov=4 def=4 eff=0 dex [] common boots hand=common weapon hand L3 P=12 mov=0 def=0 eff=12 str [sword:12] common sword]
      #4 commander band=4 at (-391.800, -0.515, 406.500) hp=38/38 walking
        carries money=0 carried=[common armour boots L2 P=8 mov=4 def=4 eff=0 dex [] common boots | common weapon hand L3 P=12 mov=0 def=0 eff=12 str [spear:12] common spear] worn=[boots=common armour boots L2 P=8 mov=4 def=4 eff=0 dex [] common boots hand=common weapon hand L3 P=12 mov=0 def=0 eff=12 str [spear:12] common spear]
      #5 commander band=5 at (-412.600, -4.729, 472.000) hp=26/26 walking
        carries money=0 carried=[] worn=[]
      #7 commander band=1 at (-467.678, -2.186, 416.560) hp=32/32 walking
        carries money=9 carried=[] worn=[]
      check #1 persuade:#2 -- raised
      check #2 persuade:#4 -- raised
      check #3 persuade:#1 -- raised
      check #4 persuade:#4 -- raised
      check #5 persuade:#3 -- raised
      check #6 persuade:#1 -- raised
      check #7 persuade:#4 -- raised
      check #8 persuade:#1 -- raised
      check #9 persuade:#3 -- raised
      check #10 persuade:#4 -- raised
      check #11 persuade:#1 -- raised
      check #12 persuade:#3 -- raised
      check #13 persuade:#4 -- raised
      check #14 persuade:#7 -- raised
      check #15 persuade:#7 -- raised
      check #16 persuade:#4 -- raised
      check #17 persuade:#1 -- raised
      check #18 persuade:#4 -- raised
      check #19 persuade:#3 -- raised
      check #20 persuade:#2 -- raised
      check #21 persuade:#1 -- raised
      check #22 persuade:#2 -- raised
      check #23 persuade:#2 -- raised
      check #24 persuade:#2 -- raised
      check #25 persuade:#4 -- raised
      said #1 to #2 "good morning" heard by [2]
      said #3 to #4 "Hail, traveler!" heard by [4]
      said #2 to #1 "good morning" heard by [1]
      said #3 to #4 ""What brings you this way?"" heard by [4]
      said #4 to #3 "Hail, Bram! What brings you out here?" heard by [3]
      said #2 to #1 ""a fine morning for exploring"" heard by [1]
      said #3 to #4 ""Fine day for a walk, isn't it?"" heard by [4]
      said #2 to #1 ""a fine morning for exploring"" heard by [1]
      said #4 to #3 ""Just wandering, seeing what the land holds. Care to travel together?"" heard by [3]
      said #3 to #4 ""Aye, it is. Safe travels, friend."" heard by [4]
      said #2 to #1 ""shall we head out and explore together?"" heard by [1]
      said #4 to #3 ""Then let's wander together, friend."" heard by [3]
      said #1 aloud "a fair bargain" heard by [2, 7]
      said #3 to #4 ""Traveling together sounds good to me. Lead the way?"" heard by [4]
      said #2 to #7 ""shall we head out and explore together?"" heard by [7]
      said #2 to #7 ""Pell, Wren and I could make a fine exploring party — shall we three head out together?"" heard by [7]
      said #3 to #4 ""After you, then — which way shall we wander?"" heard by [4]
      said #2 to #1 ""then let us be off — east, toward the open ground"" heard by [1]
      said #3 to #4 ""East looks promising — let's head that way."" heard by [4]
      said #4 to #3 ""East, toward that rise — the land looks promising that way."" heard by [3]
      said #7 to #2 ""Aye, Rook — let the three of us head out together."" heard by [2]
      said #1 aloud "what was that noise?" heard by [2, 7]
      said #7 to #1 ""What noise, Wren? I heard nothing but the wind."" heard by [1]
      said #7 to #2 "Shall we set off, then? Rook, Wren — the road waits." heard by [2]
      said #7 to #2 "Set off east, then — keep together, and mind the edge south of here." heard by [2]
      said #7 to #2 ""Rook, Wren — eastward, and mind the drop south of here."" heard by [2]
      said #3 to #4 ""East it is — after you, Sable."" heard by [4]
  reviews=31 changes=0 finished=103 attacked=0 combat began=1 spoken to=19
  fingerprint ca456621cd9e1c17

the first question in full -- 3536 characters, digest 62f4269849130446

    You are Rook, one character in a world of many.
    
    Choose the one thing your character does next.
    
    The actions, and the keys each one takes:
      go_to          target=#<id> or (<x>, <z>)
      go_to          offset=(<x from here>, <z from here>)
      jump           target=(<x>, <z>)
      attack         target=#<id> item=<what you mean>
      say            text=<what you mean> target=#<id> (may be left out)
      trade_propose  target=#<id> give=[<a name>, <another name>] (may be left out) give_money=<a whole number> (may be left out) want=[<a name>, <another name>] (may be left out) want_money=<a whole number> (may be left out)
      trade_accept   target=#<id>
      trade_deny     target=#<id>
      pick_up        item=<what you mean> target=#<id> (may be left out)
      drop           item=<what you mean> target=#<id> (may be left out)
      examine        target=#<id> or <a name>
      interact       target=#<id> item=<what you mean> (may be left out)
      wait           ticks=<a whole number>
      equip          item=<what you mean>
      unequip        item=<what you mean>
      use            item=<what you mean>
    
    Or answer with one of these three instead, which are not actions and touch only what you remember and what you are after:
      recall         about=<what you mean>   -- look back through everything you remember for anything about it
      learn          text=<what you mean>   -- keep one sentence in mind from now on, in every later moment
      done           goal=<a whole number>   -- say that one of the things you are after, by its number, is done
    
    A key marked (may be left out) can be left out.
    An action printed on more than one line has that many shapes: write one of the lines, not two.
    Values are written like this: id is #<id>; position is (<x>, <z>); offset is (<x from here>, <z from here>); id-or-position is #<id> or (<x>, <z>); id-or-name is #<id> or <a name>; text is <what you mean>; count is <a whole number>; names is [<a name>, <another name>].
    
    What you can see from where you are standing:
    
    observation for #2 Rook
      you        commander level 2 status 2 hp 32/32 at (-478, -2, 416) facing 0.00 in the world
      carrying   silk cloak (8 coins)
      wearing    nothing
      entities   2 within 40.0
        #7   commander  Pell     (+2.0, +0.2, +6.0)   6.32 seen   doing nothing        health unhurt     wearing -
        #1   commander  Wren     (-8.0, -0.1, +0.0)   8.00 seen   doing say you        health unhurt     wearing -
      objects    1 within 40.0
        #6   pile       pile     (+7.0, +0.0, +0.0)   7.00 seen   open holds 1, 0 coins
      ground     7x7 cells of 3.0, north up, east right; each mark is followed by how far that cell stands above you
      legend     @ where you stand; ~ a hole with nothing to stand on; x a building; # a face of ground too tall to climb; ! the edge of a drop; . ground to walk on; ? not read
        .0   .0   x0   .0   .0   .1   .1  
        .0   .0   x0   .0   .0   .0   .1  
        .0   .0   .0   .0   .0   .0   .0  
        .0   x0   .0   @0   .0   .0   .0  
        !-1  !0   x0   .0   .0   .0   .0  
        ~-   ~-   !0   .0   .0   .0   .0  
        ~-   ~-   ~-   !-1  !-1  .-1  .-1 
      heard      0 lines of speech, oldest first
      recently   0 changes
    
    What you are after: nothing in particular.
    
    What you remember:
      lessons    0 you have kept
      lately     the last 3 of 3 things you remember
        - I saw Pell (#7), a commander, about 6m away.
        - I saw Wren (#1), a commander, about 8m away.
        - I saw a pile (#6) about 7m away, open, holding 1 thing and 0 coins.
    
    Answer with one line: the action or the tool, then its keys. Nothing else.

what this run cost, by suite -- memory held by every engine on the machine,
wall time, and the longest stretch in which the transcript did not grow:
  --  (starting)             peak   0.29 GiB     0.0 min  quiet up to     0 s
   1  test_walk_motion       peak   5.08 GiB     1.4 min  quiet up to    54 s
   2  test_scenario          peak  10.06 GiB     7.2 min  quiet up to   174 s
   3  test_agent             peak  10.04 GiB     8.7 min  quiet up to   214 s
  peak of the whole run: 10.06 GiB, in suite 2 (test_scenario)
  longest quiet stretch: 214 s, in suite 3 (test_agent)
  wall time of the whole run: 17.4 min (0.29 h)
  the silence budget this run ran under: 3600s
  recorded in /home/ryko/proj/game/.testruns/memory.20260918-155528.log

1 of 3 suites failed (2 failed checks of 1756)
