Godot Engine v4.7.2.stable.official.ed1daf0bf - https://godotengine.org

RUN   test_rng
PASS  rng            1325 checks
RUN   test_determinism
PASS  determinism    15 checks
RUN   test_terrain
PASS  terrain        32 checks
RUN   test_streaming
PASS  streaming      4702 checks
RUN   test_terrain_lod
PASS  terrain_lod    59 checks
RUN   test_mountains
PASS  mountains      3030 checks
RUN   test_biomes
PASS  biomes         212 checks
RUN   test_water
PASS  water          6358 checks
RUN   test_islands
        islands: candidate bound ruled out 515 of 968 asks, 213 had an island
        islands: cell gate matched the ungated scan on 10800 asks, 1958 with an island, building 317 cells against 1984
PASS  islands        105334 checks
RUN   test_island_cover
        island cover: 11 overlapping storey pairs, 33 things in the laps, 0 coincidences
        island cover: 4509 placements over 4 seeds -- 0 hovering, 0 past the lip, 0 in water, 0 on a face
        island cover: 194 islands over 4 seeds -- 58 with a basin, 58 overflowing, 58 dipping below their own rim, 0 boundary samples below it
PASS  island cover   4922 checks
RUN   test_settlements
        settlements: 20 of 110 villages (18.2%) sited by the shore rule over 8 seeds
        settlements: 36 wide upper storeys swept, 4 spots the old padded rule let through
PASS  settlements    19829 checks
RUN   test_scatter
PASS  scatter        295 checks
RUN   test_combat_board
PASS  combat board   25505 checks
RUN   test_combat_pieces
PASS  combat pieces  361 checks
RUN   test_combat_resolution
PASS  combat resolution 1762 checks
RUN   test_combat_snap
PASS  combat snap    885 checks
RUN   test_live_world
PASS  live world     82 checks
RUN   test_layering
PASS  layering       63 checks
RUN   test_asset_tags
PASS  asset tags     1679 checks
RUN   test_characters
PASS  characters     1315 checks
RUN   test_character_sheet
PASS  character sheet 109 checks
RUN   test_items
PASS  items          179 checks
RUN   test_inventory
PASS  inventory      90 checks
RUN   test_drops
PASS  drops          65 checks
RUN   test_ground_items
PASS  ground items   2612 checks
RUN   test_effects
PASS  effects        1555 checks
RUN   test_actions
PASS  actions        351 checks
RUN   test_control_loop
PASS  control loop   138 checks
RUN   test_walk_motion
FAIL  walk motion    93 checks, 2 failed
        - exactly two files in the project advance a character across the ground:
      res://sim/combatant.gd:145 x += cos(heading) * speed
      res://sim/combatant.gd:146 z += sin(heading) * speed
      res://sim/walk.gd:131 actor.x += step.x
      res://sim/walk.gd:132 actor.z += step.y
      res://tools/measure_ui.gd:500 pen.x += font.get_glyph_advance(0, size, glyph).x
      expected: ["res://sim/combatant.gd", "res://sim/walk.gd"]
      actual:   ["res://sim/combatant.gd", "res://sim/walk.gd", "res://tools/measure_ui.gd"]
        - and each of the two does it once, in x and in z:
      res://sim/combatant.gd:145 x += cos(heading) * speed
      res://sim/combatant.gd:146 z += sin(heading) * speed
      res://sim/walk.gd:131 actor.x += step.x
      res://sim/walk.gd:132 actor.z += step.y
      res://tools/measure_ui.gd:500 pen.x += font.get_glyph_advance(0, size, glyph).x
      expected: 4
      actual:   5
RUN   test_observation
PASS  observation    248 checks
RUN   test_scenario
FAIL  scenario       160 checks, 1 failed
        - and the checked-in transcript is what the command prints
      expected: Godot Engine v4.7.2.stable.official.ed1daf0bf - https://godotengine.org

scenario seed=1234 ticks=160 where=(-480.0, 420.0) engage=9.0 join=24.0
    Wren   #1 market   driven by a person Wren level=2 status=2 hp=32/32 [str 5 con 4 cha 3 dex 4 wis 3 int 2]
    Rook   #2 market   driven by a rule   Rook level=2 status=2 hp=32/32 [str 5 con 4 cha 3 dex 4 wis 3 int 2]
    Bram   #3 green    driven by a rule   Bram level=3 status=3 hp=38/38 [str 5 con 4 cha 3 dex 4 wis 3 int 2]
    Sable  #4 amber    driven by a rule   Sable level=3 status=3 hp=38/38 [str 5 con 4 cha 3 dex 4 wis 3 int 2]
    Odo    #5 alone    driven by a rule   Odo level=1 status=1 hp=26/26 [str 5 con 4 cha 3 dex 4 wis 3 int 2]
    tick 0 actors=5 objects=1 offers=0
      #1 commander band=1 at (-486.000, -2.460, 416.000) hp=32/32 walking
        carries money=30 carried=[] worn=[]
      #2 commander band=1 at (-478.000, -2.352, 416.000) hp=32/32 walking
        carries money=8 carried=[common armour chestplate L2 P=8 mov=4 def=4 eff=0 dex [] silk cloak] worn=[]
      #3 commander band=3 at (-436.000, 0.952, 407.000) hp=38/38 walking
        carries money=0 carried=[common armour boots L2 P=8 mov=4 def=4 eff=0 dex [] common boots | common weapon hand L3 P=12 mov=0 def=0 eff=12 str [sword:12] common sword] worn=[boots=common armour boots L2 P=8 mov=4 def=4 eff=0 dex [] common boots hand=common weapon hand L3 P=12 mov=0 def=0 eff=12 str [sword:12] common sword]
      #4 commander band=4 at (-424.000, 2.169, 407.000) hp=38/38 walking
        carries money=0 carried=[common armour boots L2 P=8 mov=4 def=4 eff=0 dex [] common boots | common weapon hand L3 P=12 mov=0 def=0 eff=12 str [spear:12] common spear] worn=[boots=common armour boots L2 P=8 mov=4 def=4 eff=0 dex [] common boots hand=common weapon hand L3 P=12 mov=0 def=0 eff=12 str [spear:12] common spear]
      #5 commander band=5 at (-484.000, 0.568, 472.000) hp=26/26 walking
        carries money=0 carried=[] worn=[]
      #6 pile at (-471.000, -2.340, 416.000) open [1 carried, 0 equipped, 0 money]

t=  1  Wren   began say(text=good morning target=2), 5 ticks
t=  1  Rook   began wait(ticks=4), 4 ticks
t=  1  Bram   began wait(ticks=4), 4 ticks
t=  1  Sable  began wait(ticks=4), 4 ticks
t=  1  Odo    began go_to(target=(-484.000, 514.000)), 20 ticks
t=  5  Rook   finished wait(ticks=4) -> wait ok ticks=4 until=9
t=  5  Rook   began wait(ticks=4), 4 ticks
t=  5  Bram   finished wait(ticks=4) -> wait ok ticks=4 until=9
t=  5  Bram   began wait(ticks=4), 4 ticks
t=  5  Sable  finished wait(ticks=4) -> wait ok ticks=4 until=9
t=  5  Sable  began wait(ticks=4), 4 ticks
t=  6  Wren   finished say(text=good morning target=2) -> say ok shout=false heard_by=1 check=1 context=persuade:#2
t=  6  Wren   began go_to(target=6), 14 ticks
t=  6  Odo    thought again at 5/20t, wanted the same thing
t=  6  Rook   interrupted (spoken to), abandoned wait(ticks=4) 1/4t
t=  6  Rook   began say(text=what will it be? target=1), 5 ticks
t=  9  Bram   finished wait(ticks=4) -> wait ok ticks=4 until=13
t=  9  Bram   began wait(ticks=4), 4 ticks
t=  9  Sable  finished wait(ticks=4) -> wait ok ticks=4 until=13
t=  9  Sable  began wait(ticks=4), 4 ticks
t= 11  Wren   thought again at 5/14t, wanted the same thing
t= 11  Rook   finished say(text=what will it be? target=1) -> say ok shout=false heard_by=1 check=2 context=persuade:#1
t= 11  Rook   began wait(ticks=4), 4 ticks
t= 11  Odo    thought again at 10/20t, wanted the same thing
t= 11  Wren   interrupted (spoken to), abandoned go_to(target=6) 5/14t
t= 11  Wren   began go_to(target=6), 9 ticks
t= 13  Bram   finished wait(ticks=4) -> wait ok ticks=4 until=17
t= 13  Bram   began wait(ticks=4), 4 ticks
t= 13  Sable  finished wait(ticks=4) -> wait ok ticks=4 until=17
t= 13  Sable  began wait(ticks=4), 4 ticks
t= 15  Rook   finished wait(ticks=4) -> wait ok ticks=4 until=19
t= 15  Rook   began wait(ticks=4), 4 ticks
t= 16  Wren   thought again at 5/9t, wanted the same thing
t= 16  Odo    thought again at 15/20t, wanted the same thing
t= 17  Bram   finished wait(ticks=4) -> wait ok ticks=4 until=21
t= 17  Bram   began wait(ticks=4), 4 ticks
t= 17  Sable  finished wait(ticks=4) -> wait ok ticks=4 until=21
t= 17  Sable  began wait(ticks=4), 4 ticks
t= 19  Rook   finished wait(ticks=4) -> wait ok ticks=4 until=23
t= 19  Rook   began wait(ticks=4), 4 ticks
t= 20  Wren   finished go_to(target=6) -> go_to ok at=(-473.400, 416.000) walked=8.1 steps=9
t= 20  Wren   began pick_up(item=brass lantern), 3 ticks
t= 21  Bram   finished wait(ticks=4) -> wait ok ticks=4 until=25
t= 21  Bram   began wait(ticks=4), 4 ticks
t= 21  Sable  finished wait(ticks=4) -> wait ok ticks=4 until=25
t= 21  Sable  began wait(ticks=4), 4 ticks
t= 21  Odo    finished go_to(target=(-484.000, 514.000)) -> go_to ok at=(-484.000, 514.000) walked=42.0 steps=47
t= 21  Odo    began wait(ticks=30), 30 ticks
t= 23  Wren   finished pick_up(item=brass lantern) -> pick_up ok item=brass lantern from=6
t= 23  Wren   began go_to(target=2), 3 ticks
t= 23  Rook   finished wait(ticks=4) -> wait ok ticks=4 until=27
t= 23  Rook   began wait(ticks=4), 4 ticks
t= 25  Bram   finished wait(ticks=4) -> wait ok ticks=4 until=29
t= 25  Bram   began wait(ticks=4), 4 ticks
t= 25  Sable  finished wait(ticks=4) -> wait ok ticks=4 until=29
t= 25  Sable  began wait(ticks=4), 4 ticks
t= 26  Wren   finished go_to(target=2) -> go_to ok at=(-476.100, 416.000) walked=2.7 steps=3
t= 26  Wren   began trade_propose(target=2 give=[] give_money=12 want=[silk cloak] want_money=0), 4 ticks
t= 26  Odo    thought again at 5/30t, wanted the same thing
t= 27  Rook   finished wait(ticks=4) -> wait ok ticks=4 until=31
t= 27  Rook   began wait(ticks=4), 4 ticks
t= 29  Bram   finished wait(ticks=4) -> wait ok ticks=4 until=33
t= 29  Bram   began wait(ticks=4), 4 ticks
t= 29  Sable  finished wait(ticks=4) -> wait ok ticks=4 until=33
t= 29  Sable  began wait(ticks=4), 4 ticks
t= 30  Wren   finished trade_propose(target=2 give=[] give_money=12 want=[silk cloak] want_money=0) -> trade_propose ok to=2 give=0 give_money=12 want=1 want_money=0
t= 30  Wren   began wait(ticks=8), 8 ticks
t= 31  Rook   finished wait(ticks=4) -> wait ok ticks=4 until=35
t= 31  Rook   began trade_accept(target=1), 3 ticks
t= 31  Odo    thought again at 10/30t, wanted the same thing
t= 33  Bram   finished wait(ticks=4) -> wait ok ticks=4 until=37
t= 33  Bram   began wait(ticks=4), 4 ticks
t= 33  Sable  finished wait(ticks=4) -> wait ok ticks=4 until=37
t= 33  Sable  began wait(ticks=4), 4 ticks
t= 34  Rook   finished trade_accept(target=1) -> trade_accept ok from=1 took=0 took_money=12 gave=1 gave_money=0
t= 34  Rook   began wait(ticks=4), 4 ticks
t= 35  Wren   thought again at 5/8t, wanted the same thing
t= 36  Odo    thought again at 15/30t, wanted the same thing
t= 37  Bram   finished wait(ticks=4) -> wait ok ticks=4 until=41
t= 37  Bram   began wait(ticks=4), 4 ticks
t= 37  Sable  finished wait(ticks=4) -> wait ok ticks=4 until=41
t= 37  Sable  began wait(ticks=4), 4 ticks
t= 38  Wren   finished wait(ticks=8) -> wait ok ticks=8 until=46
t= 38  Wren   began examine(target=silk cloak), 4 ticks
t= 38  Rook   finished wait(ticks=4) -> wait ok ticks=4 until=42
t= 38  Rook   began wait(ticks=4), 4 ticks
t= 41  Bram   finished wait(ticks=4) -> wait ok ticks=4 until=45
t= 41  Bram   began wait(ticks=4), 4 ticks
t= 41  Sable  finished wait(ticks=4) -> wait ok ticks=4 until=45
t= 41  Sable  began wait(ticks=4), 4 ticks
t= 41  Odo    thought again at 20/30t, wanted the same thing
t= 42  Wren   finished examine(target=silk cloak) -> examine ok item=silk cloak seen=common armour chestplate L2 P=8 mov=4 def=4 eff=0 dex [] silk cloak
t= 42  Wren   began say(text=a fair bargain), 5 ticks
t= 42  Rook   finished wait(ticks=4) -> wait ok ticks=4 until=46
t= 42  Rook   began wait(ticks=4), 4 ticks
t= 45  Bram   finished wait(ticks=4) -> wait ok ticks=4 until=49
t= 45  Bram   began wait(ticks=4), 4 ticks
t= 45  Sable  finished wait(ticks=4) -> wait ok ticks=4 until=49
t= 45  Sable  began wait(ticks=4), 4 ticks
t= 46  Rook   finished wait(ticks=4) -> wait ok ticks=4 until=50
t= 46  Rook   began wait(ticks=4), 4 ticks
t= 46  Odo    thought again at 25/30t, wanted the same thing
t= 47  Wren   finished say(text=a fair bargain) -> say ok shout=true heard_by=1
t= 47  Wren   began wait(ticks=24), 24 ticks
t= 49  Bram   finished wait(ticks=4) -> wait ok ticks=4 until=53
t= 49  Bram   began wait(ticks=4), 4 ticks
t= 49  Sable  finished wait(ticks=4) -> wait ok ticks=4 until=53
t= 49  Sable  began wait(ticks=4), 4 ticks
t= 50  Rook   finished wait(ticks=4) -> wait ok ticks=4 until=54
t= 50  Rook   began wait(ticks=4), 4 ticks
t= 51  Odo    finished wait(ticks=30) -> wait ok ticks=30 until=81
t= 51  Odo    began wait(ticks=30), 30 ticks
t= 52  Wren   thought again at 5/24t, wanted the same thing
t= 53  Bram   finished wait(ticks=4) -> wait ok ticks=4 until=57
t= 53  Bram   began wait(ticks=4), 4 ticks
t= 53  Sable  finished wait(ticks=4) -> wait ok ticks=4 until=57
t= 53  Sable  began wait(ticks=4), 4 ticks
t= 54  Rook   finished wait(ticks=4) -> wait ok ticks=4 until=58
t= 54  Rook   began wait(ticks=4), 4 ticks
t= 56  Odo    thought again at 5/30t, wanted the same thing
t= 57  Wren   thought again at 10/24t, wanted the same thing
t= 57  Bram   finished wait(ticks=4) -> wait ok ticks=4 until=61
t= 57  Bram   began go_to(target=4), 11 ticks
t= 57  Sable  finished wait(ticks=4) -> wait ok ticks=4 until=61
t= 57  Sable  began go_to(target=3), 11 ticks
t= 58  Rook   finished wait(ticks=4) -> wait ok ticks=4 until=62
t= 58  Rook   began wait(ticks=4), 4 ticks
t= 59  --     Bram and somebody of another band have met
    snap-in around #3 at (-434.200, 1.098, 407.000) radius=24.0 span=30.0 storey=0 joined=2
    snap-in board 8a3c063646afb984 cells=441 standable=437 holes=4 cliffs=8
    snap-in #3 (-434.200, 407.000) -> cell (-145,135) centre (-433.500, 406.500) moved 0.860 rings=0
    snap-in #4 (-425.800, 407.000) -> cell (-142,135) centre (-424.500, 406.500) moved 1.393 rings=0
    board 8a3c063646afb984 cells=441 standable=437 holes=4 cliffs=8
    dice seed=3050574282 swing=92..108
    commanders 2
      #1 commander owner=1 level=3 hp=38/38 def=0 power=0
      #2 commander owner=2 level=3 hp=38/38 def=0 power=0
    round 1 turn #1 at (-145,135) facing=north hp=38/38 def=0 sword + boots(4/4)
t= 60  Bram   interrupted (combat began), abandoned go_to(target=4) 3/11t
t= 60  Bram   began attack(target=4 item=common sword), 6 ticks
t= 60  Sable  interrupted (combat began), abandoned go_to(target=3) 3/11t
t= 61  Odo    thought again at 10/30t, wanted the same thing
t= 62  Wren   thought again at 15/24t, wanted the same thing
t= 62  Rook   finished wait(ticks=4) -> wait ok ticks=4 until=66
t= 62  Rook   began wait(ticks=4), 4 ticks
t= 65  Bram   thought again at 5/6t, wanted the same thing
t= 66  Rook   finished wait(ticks=4) -> wait ok ticks=4 until=70
t= 66  Rook   began wait(ticks=4), 4 ticks
t= 66  Bram   finished attack(target=4 item=common sword) -> attack refused: Sable is outside the pattern of a common sword from here
t= 66  Odo    thought again at 15/30t, wanted the same thing
      move #1 (-145,135)->(-144,135)
      face #1 east
    round 1 turn #2 at (-142,135) facing=north hp=38/38 def=0 spear + boots(4/4)
t= 67  Wren   thought again at 20/24t, wanted the same thing
t= 67  Sable  began attack(target=3 item=common spear), 6 ticks
t= 70  Rook   finished wait(ticks=4) -> wait ok ticks=4 until=74
t= 70  Rook   began wait(ticks=4), 4 ticks
t= 71  Wren   finished wait(ticks=24) -> wait ok ticks=24 until=95
t= 71  Wren   began say(text=what was that noise?), 5 ticks
t= 71  Odo    thought again at 20/30t, wanted the same thing
t= 72  Sable  thought again at 5/6t, wanted the same thing
t= 73  Sable  finished attack(target=3 item=common spear) -> attack ok target=Bram attack=thrust cells=2 hits=1 dealt=12
      attack #2 thrust cells=2 hits=1
        hit #2->#1 power=12 x100 swing=103 front def=0 dealt=12 hp=26/38
      face #2 west
    round 2 turn #1 at (-144,135) facing=east hp=26/38 def=0 sword + boots(4/4)
t= 74  Rook   finished wait(ticks=4) -> wait ok ticks=4 until=78
t= 74  Rook   began wait(ticks=4), 4 ticks
t= 74  Bram   began attack(target=4 item=common sword), 6 ticks
t= 76  Wren   finished say(text=what was that noise?) -> say ok shout=true heard_by=1
t= 76  Wren   has not decided yet, and waits in the world
t= 76  Odo    thought again at 25/30t, wanted the same thing
t= 78  Rook   finished wait(ticks=4) -> wait ok ticks=4 until=82
t= 78  Rook   began wait(ticks=4), 4 ticks
t= 79  Bram   thought again at 5/6t, wanted the same thing
t= 80  Bram   finished attack(target=4 item=common sword) -> attack ok target=Sable attack=cleave cells=6 hits=1 dealt=7
      attack #1 cleave cells=6 hits=1
        hit #1->#2 power=7 x100 swing=104 front def=0 dealt=7 hp=31/38
      face #1 east
    round 2 turn #2 at (-142,135) facing=west hp=31/38 def=0 spear + boots(4/4)
t= 81  Sable  began attack(target=3 item=common spear), 6 ticks
t= 81  Odo    finished wait(ticks=30) -> wait ok ticks=30 until=111
t= 81  Odo    began wait(ticks=30), 30 ticks
t= 82  Rook   finished wait(ticks=4) -> wait ok ticks=4 until=86
t= 82  Rook   began wait(ticks=4), 4 ticks
t= 86  Rook   finished wait(ticks=4) -> wait ok ticks=4 until=90
t= 86  Rook   began wait(ticks=4), 4 ticks
t= 86  Sable  thought again at 5/6t, wanted the same thing
t= 86  Odo    thought again at 5/30t, wanted the same thing
t= 87  Sable  finished attack(target=3 item=common spear) -> attack ok target=Bram attack=thrust cells=2 hits=1 dealt=11
      attack #2 thrust cells=2 hits=1
        hit #2->#1 power=12 x100 swing=94 front def=0 dealt=11 hp=15/38
      face #2 west
    round 3 turn #1 at (-144,135) facing=east hp=15/38 def=0 sword + boots(4/4)
t= 88  Bram   began attack(target=4 item=common sword), 6 ticks
t= 90  Rook   finished wait(ticks=4) -> wait ok ticks=4 until=94
t= 90  Rook   began wait(ticks=4), 4 ticks
t= 91  Odo    thought again at 10/30t, wanted the same thing
t= 93  Bram   thought again at 5/6t, wanted the same thing
t= 94  Rook   finished wait(ticks=4) -> wait ok ticks=4 until=98
t= 94  Rook   began wait(ticks=4), 4 ticks
t= 94  Bram   finished attack(target=4 item=common sword) -> attack refused: every attack of the common sword that reaches is on cooldown
      face #1 east
    round 3 turn #2 at (-142,135) facing=west hp=31/38 def=0 spear + boots(4/4)
t= 95  Sable  began attack(target=3 item=common spear), 6 ticks
t= 96  Odo    thought again at 15/30t, wanted the same thing
t= 98  Rook   finished wait(ticks=4) -> wait ok ticks=4 until=102
t= 98  Rook   began wait(ticks=4), 4 ticks
t=100  Sable  thought again at 5/6t, wanted the same thing
t=101  Sable  finished attack(target=3 item=common spear) -> attack ok target=Bram attack=thrust cells=2 hits=1 dealt=12
t=101  Odo    thought again at 20/30t, wanted the same thing
      attack #2 thrust cells=2 hits=1
        hit #2->#1 power=12 x100 swing=102 front def=0 dealt=12 hp=3/38
      face #2 west
    round 4 turn #1 at (-144,135) facing=east hp=3/38 def=0 sword + boots(4/4)
t=102  Rook   finished wait(ticks=4) -> wait ok ticks=4 until=106
t=102  Rook   began wait(ticks=4), 4 ticks
t=102  Bram   began attack(target=4 item=common sword), 6 ticks
t=106  Rook   finished wait(ticks=4) -> wait ok ticks=4 until=110
t=106  Rook   began wait(ticks=4), 4 ticks
t=106  Odo    thought again at 25/30t, wanted the same thing
t=107  Bram   thought again at 5/6t, wanted the same thing
t=108  Bram   finished attack(target=4 item=common sword) -> attack refused: every attack of the common sword that reaches is on cooldown
      face #1 east
    round 4 turn #2 at (-142,135) facing=west hp=31/38 def=0 spear + boots(4/4)
t=109  Sable  began attack(target=3 item=common spear), 6 ticks
t=110  Rook   finished wait(ticks=4) -> wait ok ticks=4 until=114
t=110  Rook   began wait(ticks=4), 4 ticks
t=111  Odo    finished wait(ticks=30) -> wait ok ticks=30 until=141
t=111  Odo    began wait(ticks=30), 30 ticks
t=114  Rook   finished wait(ticks=4) -> wait ok ticks=4 until=118
t=114  Rook   began wait(ticks=4), 4 ticks
t=114  Sable  thought again at 5/6t, wanted the same thing
t=115  Sable  finished attack(target=3 item=common spear) -> attack ok target=Bram attack=thrust cells=2 hits=1 dealt=12
      attack #2 thrust cells=2 hits=1
        hit #2->#1 power=12 x100 swing=99 front def=0 dealt=12 hp=0/38 dead removed=1
      commander #1 is out
    over rounds=4 survivors=1 winner=#2
t=115  --     the fight is over; real time again
    over turns=8 rounds=4 ending=decided survivors=1 fallen=1
    snap-out #3 fell
    snap-out #4 cell (-142,135) -> (-424.500, 2.092, 406.500) back to cell (-142,135) hp=31/38
t=116  Sable  began wait(ticks=30), 30 ticks
t=116  Odo    thought again at 5/30t, wanted the same thing
t=118  Rook   finished wait(ticks=4) -> wait ok ticks=4 until=122
t=118  Rook   began wait(ticks=4), 4 ticks
t=121  Sable  thought again at 5/30t, wanted the same thing
t=121  Odo    thought again at 10/30t, wanted the same thing
t=122  Rook   finished wait(ticks=4) -> wait ok ticks=4 until=126
t=122  Rook   began wait(ticks=4), 4 ticks
t=126  Rook   finished wait(ticks=4) -> wait ok ticks=4 until=130
t=126  Rook   began wait(ticks=4), 4 ticks
t=126  Sable  thought again at 10/30t, wanted the same thing
t=126  Odo    thought again at 15/30t, wanted the same thing
t=130  Rook   finished wait(ticks=4) -> wait ok ticks=4 until=134
t=130  Rook   began wait(ticks=4), 4 ticks
t=131  Sable  thought again at 15/30t, wanted the same thing
t=131  Odo    thought again at 20/30t, wanted the same thing
t=134  Rook   finished wait(ticks=4) -> wait ok ticks=4 until=138
t=134  Rook   began wait(ticks=4), 4 ticks
t=136  Sable  thought again at 20/30t, wanted the same thing
t=136  Odo    thought again at 25/30t, wanted the same thing
t=138  Rook   finished wait(ticks=4) -> wait ok ticks=4 until=142
t=138  Rook   began wait(ticks=4), 4 ticks
t=141  Sable  thought again at 25/30t, wanted the same thing
t=141  Odo    finished wait(ticks=30) -> wait ok ticks=30 until=171
t=141  Odo    began wait(ticks=30), 30 ticks
t=142  Rook   finished wait(ticks=4) -> wait ok ticks=4 until=146
t=142  Rook   began wait(ticks=4), 4 ticks
t=146  Rook   finished wait(ticks=4) -> wait ok ticks=4 until=150
t=146  Rook   began wait(ticks=4), 4 ticks
t=146  Sable  finished wait(ticks=30) -> wait ok ticks=30 until=176
t=146  Sable  began wait(ticks=30), 30 ticks
t=146  Odo    thought again at 5/30t, wanted the same thing
t=150  Rook   finished wait(ticks=4) -> wait ok ticks=4 until=154
t=150  Rook   began wait(ticks=4), 4 ticks
t=151  Sable  thought again at 5/30t, wanted the same thing
t=151  Odo    thought again at 10/30t, wanted the same thing
t=154  Rook   finished wait(ticks=4) -> wait ok ticks=4 until=158
t=154  Rook   began wait(ticks=4), 4 ticks
t=156  Sable  thought again at 10/30t, wanted the same thing
t=156  Odo    thought again at 15/30t, wanted the same thing
t=158  Rook   finished wait(ticks=4) -> wait ok ticks=4 until=162
t=158  Rook   began wait(ticks=4), 4 ticks

what the world recorded between them (2 edges, 10 happenings)
  sentiment is familiarity x (trust - fear), the one number section 6 reads
  #1 -> #2 trust 0.20 fear 0.00 respect 0.10 familiarity 0.76 sentiment +0.15
  #2 -> #1 trust 0.20 fear 0.00 respect 0.10 familiarity 0.76 sentiment +0.15
    made of #2 said to #1 "what will it be?" ; #1 gave 12 coins to #2 for 1 thing ; #1 shouted where #2 "a fair bargain" ; #1 shouted where #2 "what was that noise?"
  #3 -> #4 trust 0.00 fear 0.77 respect 0.68 familiarity 0.76 sentiment -0.59
  #4 -> #3 trust 0.00 fear 0.18 respect 0.25 familiarity 0.76 sentiment -0.14
    made of #3 struck #4 for 7 of 38 ; #4 struck #3 for 11 of 38 ; #4 struck #3 for 12 of 38 ; #4 struck #3 for 12 of 38

after 160 ticks
    tick 160 actors=4 objects=1 offers=0
      #1 commander band=1 at (-476.100, -2.373, 416.000) hp=32/32 walking
        carries money=18 carried=[common armour chestplate L2 P=8 mov=4 def=4 eff=0 dex [] silk cloak | common weapon hand L1 P=4 mov=0 def=0 eff=4 dex [brass lantern:4] brass lantern] worn=[]
      #2 commander band=1 at (-478.000, -2.352, 416.000) hp=32/32 walking
        carries money=20 carried=[] worn=[]
      #4 commander band=4 at (-424.500, 2.092, 406.500) hp=31/38 walking
        carries money=0 carried=[common armour boots L2 P=8 mov=4 def=4 eff=0 dex [] common boots | common weapon hand L3 P=12 mov=0 def=0 eff=12 str [spear:12] common spear] worn=[boots=common armour boots L2 P=8 mov=4 def=4 eff=0 dex [] common boots hand=common weapon hand L3 P=12 mov=0 def=0 eff=12 str [spear:12] common spear]
      #5 commander band=5 at (-484.000, -0.816, 514.000) hp=26/26 walking
        carries money=0 carried=[] worn=[]
      #7 pile at (-430.500, 1.275, 406.500) open [1 carried, 0 equipped, 0 money]
      check #1 persuade:#2 -- raised
      check #2 persuade:#1 -- raised
      said #1 to #2 "good morning" heard by [2]
      said #2 to #1 "what will it be?" heard by [1]
      said #1 aloud "a fair bargain" heard by [2]
      said #1 aloud "what was that noise?" heard by [2]
  reviews=48 changes=0 finished=91 attacked=0 combat began=2 spoken to=2
  fingerprint c78c9c18a8c57e41
      actual:   Godot Engine v4.7.2.stable.official.ed1daf0bf - https://godotengine.org

scenario seed=1234 ticks=160 where=(-480.0, 420.0) engage=9.0 join=24.0
    Wren   #1 market   driven by a person Wren level=2 status=2 hp=32/32 [str 5 con 4 cha 3 dex 4 wis 3 int 2]
    Rook   #2 market   driven by a rule   Rook level=2 status=2 hp=32/32 [str 5 con 4 cha 3 dex 4 wis 3 int 2]
    Bram   #3 green    driven by a rule   Bram level=3 status=3 hp=38/38 [str 5 con 4 cha 3 dex 4 wis 3 int 2]
    Sable  #4 amber    driven by a rule   Sable level=3 status=3 hp=38/38 [str 5 con 4 cha 3 dex 4 wis 3 int 2]
    Odo    #5 alone    driven by a rule   Odo level=1 status=1 hp=26/26 [str 5 con 4 cha 3 dex 4 wis 3 int 2]
    tick 0 actors=5 objects=1 offers=0
      #1 commander band=1 at (-486.000, -2.460, 416.000) hp=32/32 walking
        carries money=30 carried=[] worn=[]
      #2 commander band=1 at (-478.000, -2.352, 416.000) hp=32/32 walking
        carries money=8 carried=[common armour chestplate L2 P=8 mov=4 def=4 eff=0 dex [] silk cloak] worn=[]
      #3 commander band=3 at (-436.000, 0.952, 407.000) hp=38/38 walking
        carries money=0 carried=[common armour boots L2 P=8 mov=4 def=4 eff=0 dex [] common boots | common weapon hand L3 P=12 mov=0 def=0 eff=12 str [sword:12] common sword] worn=[boots=common armour boots L2 P=8 mov=4 def=4 eff=0 dex [] common boots hand=common weapon hand L3 P=12 mov=0 def=0 eff=12 str [sword:12] common sword]
      #4 commander band=4 at (-424.000, 2.169, 407.000) hp=38/38 walking
        carries money=0 carried=[common armour boots L2 P=8 mov=4 def=4 eff=0 dex [] common boots | common weapon hand L3 P=12 mov=0 def=0 eff=12 str [spear:12] common spear] worn=[boots=common armour boots L2 P=8 mov=4 def=4 eff=0 dex [] common boots hand=common weapon hand L3 P=12 mov=0 def=0 eff=12 str [spear:12] common spear]
      #5 commander band=5 at (-484.000, 0.568, 472.000) hp=26/26 walking
        carries money=0 carried=[] worn=[]
      #6 pile at (-471.000, -2.340, 416.000) open [1 carried, 0 equipped, 0 money]

t=  1  Wren   began say(text=good morning target=2), 5 ticks
t=  1  Rook   began wait(ticks=4), 4 ticks
t=  1  Bram   began wait(ticks=4), 4 ticks
t=  1  Sable  began wait(ticks=4), 4 ticks
t=  1  Odo    began go_to(target=(-484.000, 514.000)), 20 ticks
t=  5  Rook   finished wait(ticks=4) -> wait ok ticks=4 until=9
t=  5  Rook   began wait(ticks=4), 4 ticks
t=  5  Bram   finished wait(ticks=4) -> wait ok ticks=4 until=9
t=  5  Bram   began wait(ticks=4), 4 ticks
t=  5  Sable  finished wait(ticks=4) -> wait ok ticks=4 until=9
t=  5  Sable  began wait(ticks=4), 4 ticks
t=  6  Wren   finished say(text=good morning target=2) -> say ok shout=false heard_by=1 check=1 context=persuade:#2
t=  6  Wren   began go_to(target=6), 14 ticks
t=  6  Odo    thought again at 5/20t, wanted the same thing
t=  6  Rook   interrupted (spoken to), abandoned wait(ticks=4) 1/4t
t=  6  Rook   began say(text=what will it be? target=1), 5 ticks
t=  9  Bram   finished wait(ticks=4) -> wait ok ticks=4 until=13
t=  9  Bram   began wait(ticks=4), 4 ticks
t=  9  Sable  finished wait(ticks=4) -> wait ok ticks=4 until=13
t=  9  Sable  began wait(ticks=4), 4 ticks
t= 11  Wren   thought again at 5/14t, wanted the same thing
t= 11  Rook   finished say(text=what will it be? target=1) -> say ok shout=false heard_by=1 check=2 context=persuade:#1
t= 11  Rook   began wait(ticks=4), 4 ticks
t= 11  Odo    thought again at 10/20t, wanted the same thing
t= 11  Wren   interrupted (spoken to), abandoned go_to(target=6) 5/14t
t= 11  Wren   began go_to(target=6), 9 ticks
t= 13  Bram   finished wait(ticks=4) -> wait ok ticks=4 until=17
t= 13  Bram   began wait(ticks=4), 4 ticks
t= 13  Sable  finished wait(ticks=4) -> wait ok ticks=4 until=17
t= 13  Sable  began wait(ticks=4), 4 ticks
t= 15  Rook   finished wait(ticks=4) -> wait ok ticks=4 until=19
t= 15  Rook   began wait(ticks=4), 4 ticks
t= 16  Wren   thought again at 5/9t, wanted the same thing
t= 16  Odo    thought again at 15/20t, wanted the same thing
t= 17  Bram   finished wait(ticks=4) -> wait ok ticks=4 until=21
t= 17  Bram   began wait(ticks=4), 4 ticks
t= 17  Sable  finished wait(ticks=4) -> wait ok ticks=4 until=21
t= 17  Sable  began wait(ticks=4), 4 ticks
t= 19  Rook   finished wait(ticks=4) -> wait ok ticks=4 until=23
t= 19  Rook   began wait(ticks=4), 4 ticks
t= 20  Wren   finished go_to(target=6) -> go_to ok at=(-473.400, 416.000) walked=8.1 steps=9
t= 20  Wren   began pick_up(item=brass lantern), 3 ticks
t= 21  Bram   finished wait(ticks=4) -> wait ok ticks=4 until=25
t= 21  Bram   began wait(ticks=4), 4 ticks
t= 21  Sable  finished wait(ticks=4) -> wait ok ticks=4 until=25
t= 21  Sable  began wait(ticks=4), 4 ticks
t= 21  Odo    finished go_to(target=(-484.000, 514.000)) -> go_to ok at=(-484.000, 514.000) walked=42.0 steps=47
t= 21  Odo    began wait(ticks=30), 30 ticks
t= 23  Wren   finished pick_up(item=brass lantern) -> pick_up ok item=brass lantern from=6
t= 23  Wren   began go_to(target=2), 3 ticks
t= 23  Rook   finished wait(ticks=4) -> wait ok ticks=4 until=27
t= 23  Rook   began wait(ticks=4), 4 ticks
t= 25  Bram   finished wait(ticks=4) -> wait ok ticks=4 until=29
t= 25  Bram   began wait(ticks=4), 4 ticks
t= 25  Sable  finished wait(ticks=4) -> wait ok ticks=4 until=29
t= 25  Sable  began wait(ticks=4), 4 ticks
t= 26  Wren   finished go_to(target=2) -> go_to ok at=(-476.100, 416.000) walked=2.7 steps=3
t= 26  Wren   began trade_propose(target=2 give=[] give_money=12 want=[silk cloak] want_money=0), 4 ticks
t= 26  Odo    thought again at 5/30t, wanted the same thing
t= 27  Rook   finished wait(ticks=4) -> wait ok ticks=4 until=31
t= 27  Rook   began wait(ticks=4), 4 ticks
t= 29  Bram   finished wait(ticks=4) -> wait ok ticks=4 until=33
t= 29  Bram   began wait(ticks=4), 4 ticks
t= 29  Sable  finished wait(ticks=4) -> wait ok ticks=4 until=33
t= 29  Sable  began wait(ticks=4), 4 ticks
t= 30  Wren   finished trade_propose(target=2 give=[] give_money=12 want=[silk cloak] want_money=0) -> trade_propose ok to=2 give=0 give_money=12 want=1 want_money=0
t= 30  Wren   began wait(ticks=8), 8 ticks
t= 31  Rook   finished wait(ticks=4) -> wait ok ticks=4 until=35
t= 31  Rook   began trade_accept(target=1), 3 ticks
t= 31  Odo    thought again at 10/30t, wanted the same thing
t= 33  Bram   finished wait(ticks=4) -> wait ok ticks=4 until=37
t= 33  Bram   began wait(ticks=4), 4 ticks
t= 33  Sable  finished wait(ticks=4) -> wait ok ticks=4 until=37
t= 33  Sable  began wait(ticks=4), 4 ticks
t= 34  Rook   finished trade_accept(target=1) -> trade_accept ok from=1 took=0 took_money=12 gave=1 gave_money=0
t= 34  Rook   began wait(ticks=4), 4 ticks
t= 35  Wren   thought again at 5/8t, wanted the same thing
t= 36  Odo    thought again at 15/30t, wanted the same thing
t= 37  Bram   finished wait(ticks=4) -> wait ok ticks=4 until=41
t= 37  Bram   began wait(ticks=4), 4 ticks
t= 37  Sable  finished wait(ticks=4) -> wait ok ticks=4 until=41
t= 37  Sable  began wait(ticks=4), 4 ticks
t= 38  Wren   finished wait(ticks=8) -> wait ok ticks=8 until=46
t= 38  Wren   began examine(target=silk cloak), 4 ticks
t= 38  Rook   finished wait(ticks=4) -> wait ok ticks=4 until=42
t= 38  Rook   began wait(ticks=4), 4 ticks
t= 41  Bram   finished wait(ticks=4) -> wait ok ticks=4 until=45
t= 41  Bram   began wait(ticks=4), 4 ticks
t= 41  Sable  finished wait(ticks=4) -> wait ok ticks=4 until=45
t= 41  Sable  began wait(ticks=4), 4 ticks
t= 41  Odo    thought again at 20/30t, wanted the same thing
t= 42  Wren   finished examine(target=silk cloak) -> examine ok item=silk cloak seen=common armour chestplate L2 P=8 mov=4 def=4 eff=0 dex [] silk cloak
t= 42  Wren   began say(text=a fair bargain), 5 ticks
t= 42  Rook   finished wait(ticks=4) -> wait ok ticks=4 until=46
t= 42  Rook   began wait(ticks=4), 4 ticks
t= 45  Bram   finished wait(ticks=4) -> wait ok ticks=4 until=49
t= 45  Bram   began wait(ticks=4), 4 ticks
t= 45  Sable  finished wait(ticks=4) -> wait ok ticks=4 until=49
t= 45  Sable  began wait(ticks=4), 4 ticks
t= 46  Rook   finished wait(ticks=4) -> wait ok ticks=4 until=50
t= 46  Rook   began wait(ticks=4), 4 ticks
t= 46  Odo    thought again at 25/30t, wanted the same thing
t= 47  Wren   finished say(text=a fair bargain) -> say ok shout=true heard_by=1
t= 47  Wren   began wait(ticks=24), 24 ticks
t= 49  Bram   finished wait(ticks=4) -> wait ok ticks=4 until=53
t= 49  Bram   began wait(ticks=4), 4 ticks
t= 49  Sable  finished wait(ticks=4) -> wait ok ticks=4 until=53
t= 49  Sable  began wait(ticks=4), 4 ticks
t= 50  Rook   finished wait(ticks=4) -> wait ok ticks=4 until=54
t= 50  Rook   began wait(ticks=4), 4 ticks
t= 51  Odo    finished wait(ticks=30) -> wait ok ticks=30 until=81
t= 51  Odo    began wait(ticks=30), 30 ticks
t= 52  Wren   thought again at 5/24t, wanted the same thing
t= 53  Bram   finished wait(ticks=4) -> wait ok ticks=4 until=57
t= 53  Bram   began wait(ticks=4), 4 ticks
t= 53  Sable  finished wait(ticks=4) -> wait ok ticks=4 until=57
t= 53  Sable  began wait(ticks=4), 4 ticks
t= 54  Rook   finished wait(ticks=4) -> wait ok ticks=4 until=58
t= 54  Rook   began wait(ticks=4), 4 ticks
t= 56  Odo    thought again at 5/30t, wanted the same thing
t= 57  Wren   thought again at 10/24t, wanted the same thing
t= 57  Bram   finished wait(ticks=4) -> wait ok ticks=4 until=61
t= 57  Bram   began go_to(target=4), 11 ticks
t= 57  Sable  finished wait(ticks=4) -> wait ok ticks=4 until=61
t= 57  Sable  began go_to(target=3), 11 ticks
t= 58  Rook   finished wait(ticks=4) -> wait ok ticks=4 until=62
t= 58  Rook   began wait(ticks=4), 4 ticks
t= 59  --     Bram and somebody of another band have met
    snap-in around #3 at (-434.200, 1.098, 407.000) radius=24.0 span=30.0 storey=0 joined=2
    snap-in board 8a3c063646afb984 cells=441 standable=437 holes=4 cliffs=8
    snap-in #3 (-434.200, 407.000) -> cell (-145,135) centre (-433.500, 406.500) moved 0.860 rings=0
    snap-in #4 (-425.800, 407.000) -> cell (-142,135) centre (-424.500, 406.500) moved 1.393 rings=0
    board 8a3c063646afb984 cells=441 standable=437 holes=4 cliffs=8
    dice seed=3050574282 swing=92..108
    commanders 2
      #1 commander owner=1 level=3 hp=38/38 def=0 power=0
      #2 commander owner=2 level=3 hp=38/38 def=0 power=0
    round 1 turn #1 at (-145,135) facing=north hp=38/38 def=0 sword + boots(4/4)
t= 60  Bram   interrupted (combat began), abandoned go_to(target=4) 3/11t
t= 60  Bram   began attack(target=4 item=common sword), 6 ticks
t= 60  Sable  interrupted (combat began), abandoned go_to(target=3) 3/11t
t= 61  Odo    thought again at 10/30t, wanted the same thing
t= 62  Wren   thought again at 15/24t, wanted the same thing
t= 62  Rook   finished wait(ticks=4) -> wait ok ticks=4 until=66
t= 62  Rook   began wait(ticks=4), 4 ticks
t= 65  Bram   thought again at 5/6t, wanted the same thing
t= 66  Rook   finished wait(ticks=4) -> wait ok ticks=4 until=70
t= 66  Rook   began wait(ticks=4), 4 ticks
t= 66  Bram   finished attack(target=4 item=common sword) -> attack refused: Sable is outside the pattern of a common sword from here
t= 66  Odo    thought again at 15/30t, wanted the same thing
      move #1 (-145,135)->(-144,135)
      face #1 east
    round 1 turn #2 at (-142,135) facing=north hp=38/38 def=0 spear + boots(4/4)
t= 67  Wren   thought again at 20/24t, wanted the same thing
t= 67  Sable  began attack(target=3 item=common spear), 6 ticks
t= 70  Rook   finished wait(ticks=4) -> wait ok ticks=4 until=74
t= 70  Rook   began wait(ticks=4), 4 ticks
t= 71  Wren   finished wait(ticks=24) -> wait ok ticks=24 until=95
t= 71  Wren   began say(text=what was that noise?), 5 ticks
t= 71  Odo    thought again at 20/30t, wanted the same thing
t= 72  Sable  thought again at 5/6t, wanted the same thing
t= 73  Sable  finished attack(target=3 item=common spear) -> attack ok attack=thrust cells=2 hits=1 dealt=12
      attack #2 thrust cells=2 hits=1
        hit #2->#1 power=12 x100 swing=103 front def=0 dealt=12 hp=26/38
      face #2 west
    round 2 turn #1 at (-144,135) facing=east hp=26/38 def=0 sword + boots(4/4)
t= 74  Rook   finished wait(ticks=4) -> wait ok ticks=4 until=78
t= 74  Rook   began wait(ticks=4), 4 ticks
t= 74  Bram   began attack(target=4 item=common sword), 6 ticks
t= 76  Wren   finished say(text=what was that noise?) -> say ok shout=true heard_by=1
t= 76  Wren   has not decided yet, and waits in the world
t= 76  Odo    thought again at 25/30t, wanted the same thing
t= 78  Rook   finished wait(ticks=4) -> wait ok ticks=4 until=82
t= 78  Rook   began wait(ticks=4), 4 ticks
t= 79  Bram   thought again at 5/6t, wanted the same thing
t= 80  Bram   finished attack(target=4 item=common sword) -> attack ok attack=cleave cells=6 hits=1 dealt=7
      attack #1 cleave cells=6 hits=1
        hit #1->#2 power=7 x100 swing=104 front def=0 dealt=7 hp=31/38
      face #1 east
    round 2 turn #2 at (-142,135) facing=west hp=31/38 def=0 spear + boots(4/4)
t= 81  Sable  began attack(target=3 item=common spear), 6 ticks
t= 81  Odo    finished wait(ticks=30) -> wait ok ticks=30 until=111
t= 81  Odo    began wait(ticks=30), 30 ticks
t= 82  Rook   finished wait(ticks=4) -> wait ok ticks=4 until=86
t= 82  Rook   began wait(ticks=4), 4 ticks
t= 86  Rook   finished wait(ticks=4) -> wait ok ticks=4 until=90
t= 86  Rook   began wait(ticks=4), 4 ticks
t= 86  Sable  thought again at 5/6t, wanted the same thing
t= 86  Odo    thought again at 5/30t, wanted the same thing
t= 87  Sable  finished attack(target=3 item=common spear) -> attack ok attack=thrust cells=2 hits=1 dealt=11
      attack #2 thrust cells=2 hits=1
        hit #2->#1 power=12 x100 swing=94 front def=0 dealt=11 hp=15/38
      face #2 west
    round 3 turn #1 at (-144,135) facing=east hp=15/38 def=0 sword + boots(4/4)
t= 88  Bram   began attack(target=4 item=common sword), 6 ticks
t= 90  Rook   finished wait(ticks=4) -> wait ok ticks=4 until=94
t= 90  Rook   began wait(ticks=4), 4 ticks
t= 91  Odo    thought again at 10/30t, wanted the same thing
t= 93  Bram   thought again at 5/6t, wanted the same thing
t= 94  Rook   finished wait(ticks=4) -> wait ok ticks=4 until=98
t= 94  Rook   began wait(ticks=4), 4 ticks
t= 94  Bram   finished attack(target=4 item=common sword) -> attack refused: every attack of the common sword that reaches is on cooldown
      face #1 east
    round 3 turn #2 at (-142,135) facing=west hp=31/38 def=0 spear + boots(4/4)
t= 95  Sable  began attack(target=3 item=common spear), 6 ticks
t= 96  Odo    thought again at 15/30t, wanted the same thing
t= 98  Rook   finished wait(ticks=4) -> wait ok ticks=4 until=102
t= 98  Rook   began wait(ticks=4), 4 ticks
t=100  Sable  thought again at 5/6t, wanted the same thing
t=101  Sable  finished attack(target=3 item=common spear) -> attack ok attack=thrust cells=2 hits=1 dealt=12
t=101  Odo    thought again at 20/30t, wanted the same thing
      attack #2 thrust cells=2 hits=1
        hit #2->#1 power=12 x100 swing=102 front def=0 dealt=12 hp=3/38
      face #2 west
    round 4 turn #1 at (-144,135) facing=east hp=3/38 def=0 sword + boots(4/4)
t=102  Rook   finished wait(ticks=4) -> wait ok ticks=4 until=106
t=102  Rook   began wait(ticks=4), 4 ticks
t=102  Bram   began attack(target=4 item=common sword), 6 ticks
t=106  Rook   finished wait(ticks=4) -> wait ok ticks=4 until=110
t=106  Rook   began wait(ticks=4), 4 ticks
t=106  Odo    thought again at 25/30t, wanted the same thing
t=107  Bram   thought again at 5/6t, wanted the same thing
t=108  Bram   finished attack(target=4 item=common sword) -> attack refused: every attack of the common sword that reaches is on cooldown
      face #1 east
    round 4 turn #2 at (-142,135) facing=west hp=31/38 def=0 spear + boots(4/4)
t=109  Sable  began attack(target=3 item=common spear), 6 ticks
t=110  Rook   finished wait(ticks=4) -> wait ok ticks=4 until=114
t=110  Rook   began wait(ticks=4), 4 ticks
t=111  Odo    finished wait(ticks=30) -> wait ok ticks=30 until=141
t=111  Odo    began wait(ticks=30), 30 ticks
t=114  Rook   finished wait(ticks=4) -> wait ok ticks=4 until=118
t=114  Rook   began wait(ticks=4), 4 ticks
t=114  Sable  thought again at 5/6t, wanted the same thing
t=115  Sable  finished attack(target=3 item=common spear) -> attack ok attack=thrust cells=2 hits=1 dealt=12
      attack #2 thrust cells=2 hits=1
        hit #2->#1 power=12 x100 swing=99 front def=0 dealt=12 hp=0/38 dead removed=1
      commander #1 is out
    over rounds=4 survivors=1 winner=#2
t=115  --     the fight is over; real time again
    over turns=8 rounds=4 ending=decided survivors=1 fallen=1
    snap-out #3 fell
    snap-out #4 cell (-142,135) -> (-424.500, 2.092, 406.500) back to cell (-142,135) hp=31/38
t=116  Sable  began wait(ticks=30), 30 ticks
t=116  Odo    thought again at 5/30t, wanted the same thing
t=118  Rook   finished wait(ticks=4) -> wait ok ticks=4 until=122
t=118  Rook   began wait(ticks=4), 4 ticks
t=121  Sable  thought again at 5/30t, wanted the same thing
t=121  Odo    thought again at 10/30t, wanted the same thing
t=122  Rook   finished wait(ticks=4) -> wait ok ticks=4 until=126
t=122  Rook   began wait(ticks=4), 4 ticks
t=126  Rook   finished wait(ticks=4) -> wait ok ticks=4 until=130
t=126  Rook   began wait(ticks=4), 4 ticks
t=126  Sable  thought again at 10/30t, wanted the same thing
t=126  Odo    thought again at 15/30t, wanted the same thing
t=130  Rook   finished wait(ticks=4) -> wait ok ticks=4 until=134
t=130  Rook   began wait(ticks=4), 4 ticks
t=131  Sable  thought again at 15/30t, wanted the same thing
t=131  Odo    thought again at 20/30t, wanted the same thing
t=134  Rook   finished wait(ticks=4) -> wait ok ticks=4 until=138
t=134  Rook   began wait(ticks=4), 4 ticks
t=136  Sable  thought again at 20/30t, wanted the same thing
t=136  Odo    thought again at 25/30t, wanted the same thing
t=138  Rook   finished wait(ticks=4) -> wait ok ticks=4 until=142
t=138  Rook   began wait(ticks=4), 4 ticks
t=141  Sable  thought again at 25/30t, wanted the same thing
t=141  Odo    finished wait(ticks=30) -> wait ok ticks=30 until=171
t=141  Odo    began wait(ticks=30), 30 ticks
t=142  Rook   finished wait(ticks=4) -> wait ok ticks=4 until=146
t=142  Rook   began wait(ticks=4), 4 ticks
t=146  Rook   finished wait(ticks=4) -> wait ok ticks=4 until=150
t=146  Rook   began wait(ticks=4), 4 ticks
t=146  Sable  finished wait(ticks=30) -> wait ok ticks=30 until=176
t=146  Sable  began wait(ticks=30), 30 ticks
t=146  Odo    thought again at 5/30t, wanted the same thing
t=150  Rook   finished wait(ticks=4) -> wait ok ticks=4 until=154
t=150  Rook   began wait(ticks=4), 4 ticks
t=151  Sable  thought again at 5/30t, wanted the same thing
t=151  Odo    thought again at 10/30t, wanted the same thing
t=154  Rook   finished wait(ticks=4) -> wait ok ticks=4 until=158
t=154  Rook   began wait(ticks=4), 4 ticks
t=156  Sable  thought again at 10/30t, wanted the same thing
t=156  Odo    thought again at 15/30t, wanted the same thing
t=158  Rook   finished wait(ticks=4) -> wait ok ticks=4 until=162
t=158  Rook   began wait(ticks=4), 4 ticks

what the world recorded between them (2 edges, 10 happenings)
  sentiment is familiarity x (trust - fear), the one number section 6 reads
  #1 -> #2 trust 0.20 fear 0.00 respect 0.10 familiarity 0.76 sentiment +0.15
  #2 -> #1 trust 0.20 fear 0.00 respect 0.10 familiarity 0.76 sentiment +0.15
    made of #2 said to #1 "what will it be?" ; #1 gave 12 coins to #2 for 1 thing ; #1 shouted where #2 "a fair bargain" ; #1 shouted where #2 "what was that noise?"
  #3 -> #4 trust 0.00 fear 0.77 respect 0.68 familiarity 0.76 sentiment -0.59
  #4 -> #3 trust 0.00 fear 0.18 respect 0.25 familiarity 0.76 sentiment -0.14
    made of #3 struck #4 for 7 of 38 ; #4 struck #3 for 11 of 38 ; #4 struck #3 for 12 of 38 ; #4 struck #3 for 12 of 38

after 160 ticks
    tick 160 actors=4 objects=1 offers=0
      #1 commander band=1 at (-476.100, -2.373, 416.000) hp=32/32 walking
        carries money=18 carried=[common armour chestplate L2 P=8 mov=4 def=4 eff=0 dex [] silk cloak | common weapon hand L1 P=4 mov=0 def=0 eff=4 dex [brass lantern:4] brass lantern] worn=[]
      #2 commander band=1 at (-478.000, -2.352, 416.000) hp=32/32 walking
        carries money=20 carried=[] worn=[]
      #4 commander band=4 at (-424.500, 2.092, 406.500) hp=31/38 walking
        carries money=0 carried=[common armour boots L2 P=8 mov=4 def=4 eff=0 dex [] common boots | common weapon hand L3 P=12 mov=0 def=0 eff=12 str [spear:12] common spear] worn=[boots=common armour boots L2 P=8 mov=4 def=4 eff=0 dex [] common boots hand=common weapon hand L3 P=12 mov=0 def=0 eff=12 str [spear:12] common spear]
      #5 commander band=5 at (-484.000, -0.816, 514.000) hp=26/26 walking
        carries money=0 carried=[] worn=[]
      #7 pile at (-430.500, 1.275, 406.500) open [1 carried, 0 equipped, 0 money]
      check #1 persuade:#2 -- raised
      check #2 persuade:#1 -- raised
      said #1 to #2 "good morning" heard by [2]
      said #2 to #1 "what will it be?" heard by [1]
      said #1 aloud "a fair bargain" heard by [2]
      said #1 aloud "what was that noise?" heard by [2]
  reviews=48 changes=0 finished=91 attacked=0 combat began=2 spoken to=2
  fingerprint c78c9c18a8c57e41
RUN   test_agent
FAIL  agent          1238 checks, 2 failed
        - the run ran out of recorded replies: Odo: this reply was recorded for another question: the prompt put here fingerprints 55b5d45199928b02 and the recorded one 960dfa4c11d560df
      expected: []
      actual:   ["Odo: this reply was recorded for another question: the prompt put here fingerprints 55b5d45199928b02 and the recorded one 960dfa4c11d560df"]
        - the checked-in transcript is not what the command prints
      expected: Godot Engine v4.7.2.stable.official.ed1daf0bf - https://godotengine.org

model cast run seed=1234 ticks=160 where=(-480.0, 420.0)
  cast       5 of the 6 characters decide through a model; Wren is driven by a person's choices written down in advance
  channel    replay -- the shipped run replays the recorded exchange, so it needs no key, no network and no model, and two processes print the same bytes
  recording  recorded 2026-09-10 from z-ai/glm-5.3-flash at https://openrouter.ai/api/v1/chat/completions, 91 replies
  prompt     every action of the one list, the observation packet,
             and what this character remembers -- every lesson it has kept
             and the last few lines of its own log, with the three tools
             that look further back, keep a new lesson and close a goal;
             no rule about distance, reach, cost, damage or possibility;
             and what this character is after, as several structured goals
             off its own sheet -- wanted states of the world, in the order
             they press, with no step, no giver and no reward. Only Pell
             was set out after anything; the rest are told, in one line,
             that they are after nothing in particular.
    Wren   #1 driven by a person Wren level=2 status=2 hp=32/32 [str 5 con 4 cha 3 dex 4 wis 3 int 2]
    Rook   #2 driven by a model  Rook level=2 status=2 hp=32/32 [str 5 con 4 cha 3 dex 4 wis 3 int 2]
    Bram   #3 driven by a model  Bram level=3 status=3 hp=38/38 [str 5 con 4 cha 3 dex 4 wis 3 int 2]
    Sable  #4 driven by a model  Sable level=3 status=3 hp=38/38 [str 5 con 4 cha 3 dex 4 wis 3 int 2]
    Odo    #5 driven by a model  Odo level=1 status=1 hp=26/26 [str 5 con 4 cha 3 dex 4 wis 3 int 2]
    Pell   #7 driven by a model  Pell level=2 status=2 hp=32/32 [str 5 con 4 cha 3 dex 4 wis 3 int 2]
    tick 0 actors=6 objects=1 offers=0
      #1 commander band=1 at (-486.000, -2.460, 416.000) hp=32/32 walking
        carries money=30 carried=[] worn=[]
      #2 commander band=1 at (-478.000, -2.352, 416.000) hp=32/32 walking
        carries money=8 carried=[common armour chestplate L2 P=8 mov=4 def=4 eff=0 dex [] silk cloak] worn=[]
      #3 commander band=3 at (-436.000, 0.952, 407.000) hp=38/38 walking
        carries money=0 carried=[common armour boots L2 P=8 mov=4 def=4 eff=0 dex [] common boots | common weapon hand L3 P=12 mov=0 def=0 eff=12 str [sword:12] common sword] worn=[boots=common armour boots L2 P=8 mov=4 def=4 eff=0 dex [] common boots hand=common weapon hand L3 P=12 mov=0 def=0 eff=12 str [sword:12] common sword]
      #4 commander band=4 at (-424.000, 2.169, 407.000) hp=38/38 walking
        carries money=0 carried=[common armour boots L2 P=8 mov=4 def=4 eff=0 dex [] common boots | common weapon hand L3 P=12 mov=0 def=0 eff=12 str [spear:12] common spear] worn=[boots=common armour boots L2 P=8 mov=4 def=4 eff=0 dex [] common boots hand=common weapon hand L3 P=12 mov=0 def=0 eff=12 str [spear:12] common spear]
      #5 commander band=5 at (-484.000, 0.568, 472.000) hp=26/26 walking
        carries money=0 carried=[] worn=[]
      #7 commander band=1 at (-476.000, -2.195, 422.000) hp=32/32 walking
        carries money=9 carried=[] worn=[]
      #6 pile at (-471.000, -2.340, 416.000) open [1 carried, 0 equipped, 0 money]

t=  1  Wren   began say(text=good morning target=2), 5 ticks
t=  1  Rook   has not decided yet, and waits in the world
t=  1  Bram   has not decided yet, and waits in the world
t=  1  Sable  has not decided yet, and waits in the world
t=  1  Odo    has not decided yet, and waits in the world
t=  1  Pell   has not decided yet, and waits in the world
t=  4  Rook   began say(text=Hello, Pell and Wren. What's in that pile? target=7), 5 ticks
t=  4  Bram   began examine(target=6), 4 ticks
t=  4  Sable  began go_to(target=3), 11 ticks
t=  4  Odo    began go_to(offset=(6.000, 0.000)), 7 ticks
t=  4  Pell   began go_to(target=2), 5 ticks
t=  6  Wren   finished say(text=good morning target=2) -> say ok shout=false heard_by=1 check=1 context=persuade:#2
t=  6  Wren   began go_to(target=6), 14 ticks
t=  6  Rook   interrupted (spoken to), abandoned say(text=Hello, Pell and Wren. What's in that pile? target=7) 2/5t
t=  6  Rook   began say(text=Hello, Pell and Wren. What's in that pile? target=7), 5 ticks
t=  8  Bram   finished examine(target=6) -> examine ok id=6 name=pile kind=pile shut=false holds=1 money=0 distance=36.139
t=  8  Bram   has not decided yet, and waits in the world
t=  8  --     Bram and somebody of another band have met
    snap-in around #3 at (-436.000, 0.952, 407.000) radius=24.0 span=30.0 storey=0 joined=2
    snap-in board d28edee217164a8f cells=441 standable=435 holes=6 cliffs=8
    snap-in #3 (-436.000, 407.000) -> cell (-146,135) centre (-436.500, 406.500) moved 0.707 rings=0
    snap-in #4 (-427.600, 407.000) -> cell (-143,135) centre (-427.500, 406.500) moved 0.510 rings=0
    board d28edee217164a8f cells=441 standable=435 holes=6 cliffs=8
    dice seed=2756302612 swing=92..108
    commanders 2
      #1 commander owner=1 level=3 hp=38/38 def=0 power=0
      #2 commander owner=2 level=3 hp=38/38 def=0 power=0
    round 1 turn #1 at (-146,135) facing=north hp=38/38 def=0 sword + boots(4/4)
t=  9  Sable  thought again at 5/11t, wanted the same thing
t=  9  Odo    thought again at 5/7t, wanted the same thing
t=  9  Pell   finished go_to(target=2) -> go_to ok at=(-477.423, 417.731) walked=4.5 steps=5
t=  9  Pell   has not decided yet, and waits in the world
t=  9  Sable  interrupted (combat began), abandoned go_to(target=3) 5/11t
      move #1 (-146,135)->(-145,135)
      face #1 east
    round 1 turn #2 at (-143,135) facing=north hp=38/38 def=0 spear + boots(4/4)
t= 10  Sable  began go_to(target=3), 4 ticks
      face #2 west
    round 2 turn #1 at (-145,135) facing=east hp=38/38 def=0 sword + boots(4/4)
t= 11  Wren   thought again at 5/14t, wanted the same thing
t= 11  Rook   finished say(text=Hello, Pell and Wren. What's in that pile? target=7) -> say ok shout=false heard_by=1 check=2 context=persuade:#7
t= 11  Rook   has not decided yet, and waits in the world
t= 11  Bram   began say(text=Hail, traveler! What brings you here? target=4), 5 ticks
t= 11  Odo    finished go_to(offset=(6.000, 0.000)) -> go_to ok at=(-478.000, 472.000) walked=6.0 steps=7
t= 11  Odo    has not decided yet, and waits in the world
      face #1 east
    round 2 turn #2 at (-143,135) facing=west hp=38/38 def=0 spear + boots(4/4)
t= 12  Pell   began go_to(target=2), 1 ticks
      face #2 west
    round 3 turn #1 at (-145,135) facing=east hp=38/38 def=0 sword + boots(4/4)
t= 13  Pell   finished go_to(target=2) -> go_to ok at=(-477.423, 417.731) walked=0.0 steps=0
t= 13  Pell   has not decided yet, and waits in the world
      face #1 east
    round 3 turn #2 at (-143,135) facing=west hp=38/38 def=0 spear + boots(4/4)
t= 14  Rook   began examine(target=6), 4 ticks
t= 14  Sable  finished go_to(target=3) -> go_to refused: the board decides where a fighter goes
t= 14  Sable  has not decided yet, and waits in the world
t= 14  Odo    began go_to(offset=(3.000, 0.000)), 3 ticks
      face #2 west
    round 4 turn #1 at (-145,135) facing=east hp=38/38 def=0 sword + boots(4/4)
      face #1 east
    round 4 turn #2 at (-143,135) facing=west hp=38/38 def=0 spear + boots(4/4)
t= 16  Wren   thought again at 10/14t, wanted the same thing
t= 16  Bram   finished say(text=Hail, traveler! What brings you here? target=4) -> say ok shout=false heard_by=1 check=3 context=persuade:#4
t= 16  Pell   began say(text=Let's look. I'll check the pile. target=2), 5 ticks
      face #2 west
    round 5 turn #1 at (-145,135) facing=east hp=38/38 def=0 sword + boots(4/4)
t= 17  Bram   has not decided yet, and waits in the world
t= 17  Odo    finished go_to(offset=(3.000, 0.000)) -> go_to ok at=(-475.300, 472.000) walked=2.7 steps=3
t= 17  Odo    has not decided yet, and waits in the world
      face #1 east
    round 5 turn #2 at (-143,135) facing=west hp=38/38 def=0 spear + boots(4/4)
t= 18  Rook   finished examine(target=6) -> examine ok id=6 name=pile kind=pile shut=false holds=1 money=0 distance=7.0
t= 18  Rook   has not decided yet, and waits in the world
t= 18  Sable  began say(text=Hail, traveler! I am Sable. target=3), 5 ticks
      face #2 west
    round 6 turn #1 at (-145,135) facing=east hp=38/38 def=0 sword + boots(4/4)
      face #1 east
    round 6 turn #2 at (-143,135) facing=west hp=38/38 def=0 spear + boots(4/4)
t= 20  Wren   finished go_to(target=6) -> go_to ok at=(-473.400, 416.000) walked=12.6 steps=14
t= 20  Wren   began pick_up(item=brass lantern), 3 ticks
t= 20  Odo    began go_to(offset=(3.000, 0.000)), 3 ticks
      face #2 west
    round 7 turn #1 at (-145,135) facing=east hp=38/38 def=0 sword + boots(4/4)
t= 21  Rook   began examine(target=6), 4 ticks
t= 21  Bram   began wait(ticks=5), 5 ticks
t= 21  Pell   finished say(text=Let's look. I'll check the pile. target=2) -> say ok shout=false heard_by=1 check=4 context=persuade:#2
t= 21  Pell   has not decided yet, and waits in the world
t= 21  Rook   interrupted (spoken to), abandoned examine(target=6) 0/4t
t= 21  Rook   began examine(target=6), 4 ticks
      face #1 east
    round 7 turn #2 at (-143,135) facing=west hp=38/38 def=0 spear + boots(4/4)
      face #2 west
    round 8 turn #1 at (-145,135) facing=east hp=38/38 def=0 sword + boots(4/4)
t= 23  Wren   finished pick_up(item=brass lantern) -> pick_up ok item=brass lantern from=6
t= 23  Wren   began go_to(target=2), 3 ticks
t= 23  Sable  finished say(text=Hail, traveler! I am Sable. target=3) -> say ok shout=false heard_by=1 check=5 context=persuade:#3
t= 23  Odo    finished go_to(offset=(3.000, 0.000)) -> go_to ok at=(-472.600, 472.000) walked=2.7 steps=3
t= 23  Odo    has not decided yet, and waits in the world
t= 23  Bram   interrupted (spoken to), abandoned wait(ticks=5) 2/5t
t= 23  Bram   began wait(ticks=5), 5 ticks
      face #1 east
    round 8 turn #2 at (-143,135) facing=west hp=38/38 def=0 spear + boots(4/4)
t= 24  Sable  has not decided yet, and waits in the world
t= 24  Pell   began examine(target=6), 4 ticks
      face #2 west
    round 9 turn #1 at (-145,135) facing=east hp=38/38 def=0 sword + boots(4/4)
t= 25  Rook   finished examine(target=6) -> examine refused: there is nothing with id 6
t= 25  Rook   has not decided yet, and waits in the world
      face #1 east
    round 9 turn #2 at (-143,135) facing=west hp=38/38 def=0 spear + boots(4/4)
t= 26  Wren   finished go_to(target=2) -> go_to ok at=(-476.100, 416.000) walked=2.7 steps=3
t= 26  Wren   began trade_propose(target=2 give=[] give_money=12 want=[silk cloak] want_money=0), 4 ticks
t= 26  Odo    began go_to(offset=(3.000, 0.000)), 3 ticks
      face #2 west
    round 10 turn #1 at (-145,135) facing=east hp=38/38 def=0 sword + boots(4/4)
      face #1 east
    round 10 turn #2 at (-143,135) facing=west hp=38/38 def=0 spear + boots(4/4)
t= 28  Rook   began say(text="Let me know what you find in it." target=7), 5 ticks
t= 28  Bram   finished wait(ticks=5) -> wait ok ticks=5 until=33
t= 28  Sable  began say(text="I wander these lands seeking purpose, friend. What of you?" target=3), 5 ticks
t= 28  Pell   finished examine(target=6) -> examine refused: there is nothing with id 6
t= 28  Pell   has not decided yet, and waits in the world
      face #2 west
    round 11 turn #1 at (-145,135) facing=east hp=38/38 def=0 sword + boots(4/4)
t= 29  Bram   has not decided yet, and waits in the world
t= 29  Odo    finished go_to(offset=(3.000, 0.000)) -> go_to ok at=(-469.900, 472.000) walked=2.7 steps=3
t= 29  Odo    has not decided yet, and waits in the world
      face #1 east
    round 11 turn #2 at (-143,135) facing=west hp=38/38 def=0 spear + boots(4/4)
t= 30  Wren   finished trade_propose(target=2 give=[] give_money=12 want=[silk cloak] want_money=0) -> trade_propose ok to=2 give=0 give_money=12 want=1 want_money=0
t= 30  Wren   began wait(ticks=8), 8 ticks
      face #2 west
    round 12 turn #1 at (-145,135) facing=east hp=38/38 def=0 sword + boots(4/4)
t= 31  Pell   began go_to(target=6), 20 ticks
      face #1 east
    round 12 turn #2 at (-143,135) facing=west hp=38/38 def=0 spear + boots(4/4)
t= 32  Odo    began go_to(offset=(3.000, 0.000)), 3 ticks
      face #2 west
    round 13 turn #1 at (-145,135) facing=east hp=38/38 def=0 sword + boots(4/4)
t= 33  Rook   finished say(text="Let me know what you find in it." target=7) -> say ok shout=false heard_by=1 check=6 context=persuade:#7
t= 33  Rook   has not decided yet, and waits in the world
t= 33  Bram   began say(text=Well met, Sable. I am Bram. Might you have goods to trade, or news of the road? target=4), 5 ticks
t= 33  Sable  finished say(text="I wander these lands seeking purpose, friend. What of you?" target=3) -> say ok shout=false heard_by=1 check=7 context=persuade:#3
t= 33  Bram   interrupted (spoken to), abandoned say(text=Well met, Sable. I am Bram. Might you have goods to trade, or news of the road? target=4) 0/5t
t= 33  Pell   interrupted (spoken to), abandoned go_to(target=6) 2/20t
t= 33  Pell   began go_to(target=6), 20 ticks
      face #1 east
    round 13 turn #2 at (-143,135) facing=west hp=38/38 def=0 spear + boots(4/4)
t= 34  Sable  has not decided yet, and waits in the world
      face #2 west
    round 14 turn #1 at (-145,135) facing=east hp=38/38 def=0 sword + boots(4/4)
t= 35  Wren   thought again at 5/8t, wanted the same thing
t= 35  Bram   began say(text=Well met, Sable. I am Bram. Might you have goods to trade, or news of the road? target=4), 5 ticks
t= 35  Odo    finished go_to(offset=(3.000, 0.000)) -> go_to ok at=(-467.200, 472.000) walked=2.7 steps=3
t= 35  Odo    has not decided yet, and waits in the world
      face #1 east
    round 14 turn #2 at (-143,135) facing=west hp=38/38 def=0 spear + boots(4/4)
t= 36  Rook   began trade_accept(target=1), 3 ticks
      face #2 west
    round 15 turn #1 at (-145,135) facing=east hp=38/38 def=0 sword + boots(4/4)
      face #1 east
    round 15 turn #2 at (-143,135) facing=west hp=38/38 def=0 spear + boots(4/4)
t= 38  Wren   finished wait(ticks=8) -> wait ok ticks=8 until=46
t= 38  Wren   began examine(target=silk cloak), 4 ticks
t= 38  Sable  began say(text="I seek a purpose worth a spear, Bram. Might you know of work or trouble nearby?" target=3), 5 ticks
t= 38  Odo    began go_to(offset=(6.000, 0.000)), 7 ticks
t= 38  Pell   thought again at 5/20t, wanted the same thing
      face #2 west
    round 16 turn #1 at (-145,135) facing=east hp=38/38 def=0 sword + boots(4/4)
t= 39  Rook   finished trade_accept(target=1) -> trade_accept ok from=1 took=0 took_money=12 gave=1 gave_money=0
t= 39  Rook   has not decided yet, and waits in the world
      face #1 east
    round 16 turn #2 at (-143,135) facing=west hp=38/38 def=0 spear + boots(4/4)
t= 40  Bram   finished say(text=Well met, Sable. I am Bram. Might you have goods to trade, or news of the road? target=4) -> say ok shout=false heard_by=1 check=8 context=persuade:#4
t= 40  Sable  interrupted (spoken to), abandoned say(text="I seek a purpose worth a spear, Bram. Might you know of work or trouble nearby?" target=3) 2/5t
t= 40  Sable  began say(text="I seek a purpose worth a spear, Bram. Might you know of work or trouble nearby?" target=3), 5 ticks
      face #2 west
    round 17 turn #1 at (-145,135) facing=east hp=38/38 def=0 sword + boots(4/4)
t= 41  Bram   has not decided yet, and waits in the world
      face #1 east
    round 17 turn #2 at (-143,135) facing=west hp=38/38 def=0 spear + boots(4/4)
t= 42  Wren   finished examine(target=silk cloak) -> examine ok item=silk cloak seen=common armour chestplate L2 P=8 mov=4 def=4 eff=0 dex [] silk cloak
t= 42  Wren   began say(text=a fair bargain), 5 ticks
t= 42  Rook   began say(text="Good morning, Wren. Pell's checking that pile over there." target=1), 5 ticks
      face #2 west
    round 18 turn #1 at (-145,135) facing=east hp=38/38 def=0 sword + boots(4/4)
t= 43  Odo    thought again at 5/7t, wanted the same thing
t= 43  Pell   thought again at 10/20t, wanted the same thing
      face #1 east
    round 18 turn #2 at (-143,135) facing=west hp=38/38 def=0 spear + boots(4/4)
      face #2 west
    round 19 turn #1 at (-145,135) facing=east hp=38/38 def=0 sword + boots(4/4)
t= 45  Bram   began trade_propose(target=4 give=[common sword] want=[common spear]), 4 ticks
t= 45  Sable  finished say(text="I seek a purpose worth a spear, Bram. Might you know of work or trouble nearby?" target=3) -> say ok shout=false heard_by=1 check=9 context=persuade:#3
t= 45  Odo    finished go_to(offset=(6.000, 0.000)) -> go_to ok at=(-461.200, 472.000) walked=6.0 steps=7
t= 45  Odo    has not decided yet, and waits in the world
t= 45  Bram   interrupted (spoken to), abandoned trade_propose(target=4 give=[common sword] want=[common spear]) 0/4t
      face #1 east
    round 19 turn #2 at (-143,135) facing=west hp=38/38 def=0 spear + boots(4/4)
t= 46  Sable  has not decided yet, and waits in the world
      face #2 west
    round 20 turn #1 at (-145,135) facing=east hp=38/38 def=0 sword + boots(4/4)
t= 47  Wren   finished say(text=a fair bargain) -> say ok shout=true heard_by=2
t= 47  Wren   began wait(ticks=24), 24 ticks
t= 47  Rook   finished say(text="Good morning, Wren. Pell's checking that pile over there." target=1) -> say ok shout=false heard_by=1 check=10 context=persuade:#1
t= 47  Rook   has not decided yet, and waits in the world
t= 47  Bram   began trade_propose(target=4 give=[common sword] want=[common spear]), 4 ticks
t= 47  Wren   interrupted (spoken to), abandoned wait(ticks=24) 0/24t
t= 47  Wren   began wait(ticks=24), 24 ticks
      face #1 east
    round 20 turn #2 at (-143,135) facing=west hp=38/38 def=0 spear + boots(4/4)
t= 48  Odo    began go_to(offset=(6.000, 0.000)), 7 ticks
t= 48  Pell   thought again at 15/20t, wanted the same thing
      face #2 west
    round 21 turn #1 at (-145,135) facing=east hp=38/38 def=0 sword + boots(4/4)
      face #1 east
    round 21 turn #2 at (-143,135) facing=west hp=38/38 def=0 spear + boots(4/4)
t= 50  Rook   began wait(ticks=5), 5 ticks
t= 50  Sable  began say(text="I carry little but my spear and boots, friend. If you've work or coin, I'm your blade." target=3), 5 ticks
      face #2 west
    round 22 turn #1 at (-145,135) facing=east hp=38/38 def=0 sword + boots(4/4)
t= 51  Bram   finished trade_propose(target=4 give=[common sword] want=[common spear]) -> trade_propose refused: Sable is out of reach (6.00 > 2.50)
t= 51  Bram   has not decided yet, and waits in the world
      face #1 east
    round 22 turn #2 at (-143,135) facing=west hp=38/38 def=0 spear + boots(4/4)
t= 52  Wren   thought again at 5/24t, wanted the same thing
      face #2 west
    round 23 turn #1 at (-145,135) facing=east hp=38/38 def=0 sword + boots(4/4)
t= 53  Odo    thought again at 5/7t, wanted the same thing
t= 53  Pell   finished go_to(target=6) -> go_to refused: there is nothing with id 6
t= 53  Pell   has not decided yet, and waits in the world
      face #1 east
    round 23 turn #2 at (-143,135) facing=west hp=38/38 def=0 spear + boots(4/4)
      face #2 west
    round 24 turn #1 at (-145,135) facing=east hp=38/38 def=0 sword + boots(4/4)
t= 55  Rook   finished wait(ticks=5) -> wait ok ticks=5 until=60
t= 55  Rook   has not decided yet, and waits in the world
t= 55  Bram   began say(text="I've seen no trouble yet, but there's a pile of goods some 40 paces east of here, unclaimed. Care to walk with me and see what fortune holds?" target=4), 5 ticks
t= 55  Sable  finished say(text="I carry little but my spear and boots, friend. If you've work or coin, I'm your blade." target=3) -> say ok shout=false heard_by=1 check=11 context=persuade:#3
t= 55  Odo    finished go_to(offset=(6.000, 0.000)) -> go_to ok at=(-455.200, 472.000) walked=6.0 steps=7
t= 55  Odo    has not decided yet, and waits in the world
t= 55  Bram   interrupted (spoken to), abandoned say(text="I've seen no trouble yet, but there's a pile of goods some 40 paces east of here, unclaimed. Care to walk with me and see what fortune holds?" target=4) 0/5t
      face #1 east
    round 24 turn #2 at (-143,135) facing=west hp=38/38 def=0 spear + boots(4/4)
t= 56  Sable  has not decided yet, and waits in the world
t= 56  Pell   began go_to(target=6), 20 ticks
      face #2 west
    round 25 turn #1 at (-145,135) facing=east hp=38/38 def=0 sword + boots(4/4)
t= 57  Wren   thought again at 10/24t, wanted the same thing
t= 57  Bram   began say(text="I've seen no trouble yet, but there's a pile of goods some 40 paces east of here, unclaimed. Care to walk with me and see what fortune holds?" target=4), 5 ticks
      face #1 east
    round 25 turn #2 at (-143,135) facing=west hp=38/38 def=0 spear + boots(4/4)
t= 58  Rook   began wait(ticks=5), 5 ticks
t= 58  Odo    began go_to(offset=(3.000, 0.000)), 3 ticks
      face #2 west
    round 26 turn #1 at (-145,135) facing=east hp=38/38 def=0 sword + boots(4/4)
      face #1 east
    round 26 turn #2 at (-143,135) facing=west hp=38/38 def=0 spear + boots(4/4)
t= 60  Sable  began say(text="No goods worth coin, Bram - only this spear and these boots. Point me at work or trouble, and any news I gather on the road is yours to hear." target=3), 5 ticks
      face #2 west
    round 27 turn #1 at (-145,135) facing=east hp=38/38 def=0 sword + boots(4/4)
t= 61  Odo    finished go_to(offset=(3.000, 0.000)) -> go_to ok at=(-452.500, 472.000) walked=2.7 steps=3
t= 61  Odo    has not decided yet, and waits in the world
t= 61  Pell   thought again at 5/20t, wanted the same thing
      face #1 east
    round 27 turn #2 at (-143,135) facing=west hp=38/38 def=0 spear + boots(4/4)
t= 62  Wren   thought again at 15/24t, wanted the same thing
t= 62  Bram   finished say(text="I've seen no trouble yet, but there's a pile of goods some 40 paces east of here, unclaimed. Care to walk with me and see what fortune holds?" target=4) -> say ok shout=false heard_by=1 check=12 context=persuade:#4
t= 62  Sable  interrupted (spoken to), abandoned say(text="No goods worth coin, Bram - only this spear and these boots. Point me at work or trouble, and any news I gather on the road is yours to hear." target=3) 2/5t
t= 62  Sable  began say(text="No goods worth coin, Bram - only this spear and these boots. Point me at work or trouble, and any news I gather on the road is yours to hear." target=3), 5 ticks
      face #2 west
    round 28 turn #1 at (-145,135) facing=east hp=38/38 def=0 sword + boots(4/4)
t= 63  Rook   finished wait(ticks=5) -> wait ok ticks=5 until=68
t= 63  Rook   has not decided yet, and waits in the world
t= 63  Bram   has not decided yet, and waits in the world
      face #1 east
    round 28 turn #2 at (-143,135) facing=west hp=38/38 def=0 spear + boots(4/4)
t= 64  Odo    began go_to(offset=(6.000, 0.000)), 7 ticks
      face #2 west
    round 29 turn #1 at (-145,135) facing=east hp=38/38 def=0 sword + boots(4/4)
      face #1 east
    round 29 turn #2 at (-143,135) facing=west hp=38/38 def=0 spear + boots(4/4)
t= 66  Rook   began say(text=Did you find anything in the pile? target=7), 5 ticks
t= 66  Pell   thought again at 10/20t, wanted the same thing
      face #2 west
    round 30 turn #1 at (-145,135) facing=east hp=38/38 def=0 sword + boots(4/4)
t= 67  Wren   thought again at 20/24t, wanted the same thing
t= 67  Bram   began go_to(offset=(40.000, 0.000)), 20 ticks
t= 67  Sable  finished say(text="No goods worth coin, Bram - only this spear and these boots. Point me at work or trouble, and any news I gather on the road is yours to hear." target=3) -> say ok shout=false heard_by=1 check=13 context=persuade:#3
t= 67  Bram   interrupted (spoken to), abandoned go_to(offset=(40.000, 0.000)) 0/20t
      face #1 east
    round 30 turn #2 at (-143,135) facing=west hp=38/38 def=0 spear + boots(4/4)
t= 68  Sable  has not decided yet, and waits in the world
      face #2 west
    round 31 turn #1 at (-145,135) facing=east hp=38/38 def=0 sword + boots(4/4)
t= 69  Bram   began go_to(offset=(40.000, 0.000)), 20 ticks
t= 69  Odo    thought again at 5/7t, wanted the same thing
      face #1 east
    round 31 turn #2 at (-143,135) facing=west hp=38/38 def=0 spear + boots(4/4)
      face #2 west
    round 32 turn #1 at (-145,135) facing=east hp=38/38 def=0 sword + boots(4/4)
t= 71  Wren   finished wait(ticks=24) -> wait ok ticks=24 until=95
t= 71  Wren   began say(text=what was that noise?), 5 ticks
t= 71  Rook   finished say(text=Did you find anything in the pile? target=7) -> say ok shout=false heard_by=1 check=14 context=persuade:#7
t= 71  Rook   has not decided yet, and waits in the world
t= 71  Odo    finished go_to(offset=(6.000, 0.000)) -> go_to ok at=(-446.500, 472.000) walked=6.0 steps=7
t= 71  Odo    has not decided yet, and waits in the world
t= 71  Pell   thought again at 15/20t, wanted the same thing
t= 71  Pell   interrupted (spoken to), abandoned go_to(target=6) 15/20t
t= 71  Pell   began go_to(target=6), 20 ticks
      face #1 east
    round 32 turn #2 at (-143,135) facing=west hp=38/38 def=0 spear + boots(4/4)
t= 72  Sable  began say(text="Lead on, Bram - I'll walk east with you and we'll split whatever that pile holds." target=3), 5 ticks
      face #2 west
    round 33 turn #1 at (-145,135) facing=east hp=38/38 def=0 sword + boots(4/4)
      face #1 east
    round 33 turn #2 at (-143,135) facing=west hp=38/38 def=0 spear + boots(4/4)
t= 74  Rook   began say(text="What bargain is that, Wren?" target=1), 5 ticks
t= 74  Bram   thought again at 5/20t, wanted the same thing
t= 74  Odo    began go_to(offset=(6.000, 0.000)), 7 ticks
      face #2 west
    round 34 turn #1 at (-145,135) facing=east hp=38/38 def=0 sword + boots(4/4)
      face #1 east
    round 34 turn #2 at (-143,135) facing=west hp=38/38 def=0 spear + boots(4/4)
t= 76  Wren   finished say(text=what was that noise?) -> say ok shout=true heard_by=2
t= 76  Wren   has not decided yet, and waits in the world
t= 76  Pell   thought again at 5/20t, wanted the same thing
      face #2 west
    round 35 turn #1 at (-145,135) facing=east hp=38/38 def=0 sword + boots(4/4)
t= 77  Sable  finished say(text="Lead on, Bram - I'll walk east with you and we'll split whatever that pile holds." target=3) -> say ok shout=false heard_by=1 check=15 context=persuade:#3
t= 77  Bram   interrupted (spoken to), abandoned go_to(offset=(40.000, 0.000)) 8/20t
t= 77  Bram   began go_to(offset=(40.000, 0.000)), 20 ticks
      face #1 east
    round 35 turn #2 at (-143,135) facing=west hp=38/38 def=0 spear + boots(4/4)
t= 78  Sable  has not decided yet, and waits in the world
      face #2 west
    round 36 turn #1 at (-145,135) facing=east hp=38/38 def=0 sword + boots(4/4)
t= 79  Rook   finished say(text="What bargain is that, Wren?" target=1) -> say ok shout=false heard_by=1 check=16 context=persuade:#1
t= 79  Rook   has not decided yet, and waits in the world
t= 79  Odo    thought again at 5/7t, wanted the same thing
      face #1 east
    round 36 turn #2 at (-143,135) facing=west hp=38/38 def=0 spear + boots(4/4)
      face #2 west
    round 37 turn #1 at (-145,135) facing=east hp=38/38 def=0 sword + boots(4/4)
t= 81  Odo    finished go_to(offset=(6.000, 0.000)) -> go_to ok at=(-440.500, 472.000) walked=6.0 steps=7
t= 81  Odo    has not decided yet, and waits in the world
t= 81  Pell   thought again at 10/20t, wanted the same thing
      face #1 east
    round 37 turn #2 at (-143,135) facing=west hp=38/38 def=0 spear + boots(4/4)
t= 82  Rook   began say(text="Not sure what the noise was — maybe Pell rustling through that pile. Now, what bargain did you mean?" target=1), 5 ticks
t= 82  Bram   thought again at 5/20t, wanted the same thing
t= 82  Sable  began go_to(offset=(6.000, 0.000)), 7 ticks
      face #2 west
    round 38 turn #1 at (-145,135) facing=east hp=38/38 def=0 sword + boots(4/4)
      face #1 east
    round 38 turn #2 at (-143,135) facing=west hp=38/38 def=0 spear + boots(4/4)
t= 84  Odo    began go_to(offset=(3.000, 0.000)), 3 ticks
      face #2 west
    round 39 turn #1 at (-145,135) facing=east hp=38/38 def=0 sword + boots(4/4)
      face #1 east
    round 39 turn #2 at (-143,135) facing=west hp=38/38 def=0 spear + boots(4/4)
t= 86  Pell   thought again at 15/20t, wanted the same thing
      face #2 west
    round 40 turn #1 at (-145,135) facing=east hp=38/38 def=0 sword + boots(4/4)
t= 87  Rook   finished say(text="Not sure what the noise was — maybe Pell rustling through that pile. Now, what bargain did you mean?" target=1) -> say ok shout=false heard_by=1 check=17 context=persuade:#1
t= 87  Rook   has not decided yet, and waits in the world
t= 87  Bram   thought again at 10/20t, wanted the same thing
t= 87  Sable  thought again at 5/7t, wanted the same thing
t= 87  Odo    finished go_to(offset=(3.000, 0.000)) -> go_to ok at=(-437.800, 472.000) walked=2.7 steps=3
t= 87  Odo    has not decided yet, and waits in the world
      face #1 east
    round 40 turn #2 at (-143,135) facing=west hp=38/38 def=0 spear + boots(4/4)
      face #2 west
    round 41 turn #1 at (-145,135) facing=east hp=38/38 def=0 sword + boots(4/4)
t= 88  --     the fight is over; real time again
    over turns=80 rounds=41 ending=limit survivors=2 fallen=0
    snap-out #3 cell (-145,135) -> (-433.500, 1.164, 406.500) back to cell (-145,135) hp=38/38
    snap-out #4 cell (-143,135) -> (-427.500, 1.609, 406.500) back to cell (-143,135) hp=38/38
t= 89  Sable  finished go_to(offset=(6.000, 0.000)) -> go_to ok at=(-421.500, 406.500) walked=6.0 steps=7
t= 89  Sable  has not decided yet, and waits in the world
t= 90  Rook   began wait(ticks=3), 3 ticks
t= 90  Odo    began go_to(offset=(3.000, 0.000)), 3 ticks
t= 91  Pell   finished go_to(target=6) -> go_to refused: there is nothing with id 6
t= 91  Pell   has not decided yet, and waits in the world
t= 92  Bram   thought again at 15/20t, wanted the same thing
t= 92  Sable  began go_to(offset=(10.000, 0.000)), 11 ticks
t= 93  Rook   finished wait(ticks=3) -> wait ok ticks=3 until=96
t= 93  Rook   has not decided yet, and waits in the world
t= 93  Odo    finished go_to(offset=(3.000, 0.000)) -> go_to ok at=(-435.100, 472.000) walked=2.7 steps=3
t= 93  Odo    has not decided yet, and waits in the world
t= 94  Pell   began say(text="I don't see any pile from here — where is it?" target=2), 5 ticks
t= 96  Rook   began say(text="Ah — I take it the bargain was our trade, Wren. Fair indeed; enjoy the cloak." target=1), 5 ticks
t= 96  Odo    began go_to(offset=(3.000, 0.000)), 3 ticks
t= 97  Bram   finished go_to(offset=(40.000, 0.000)) -> go_to ok at=(-393.900, 406.500) walked=39.6 steps=44
t= 97  Bram   has not decided yet, and waits in the world
t= 97  Sable  thought again at 5/11t, wanted the same thing
t= 99  Odo    finished go_to(offset=(3.000, 0.000)) -> go_to ok at=(-432.400, 472.000) walked=2.7 steps=3
t= 99  Odo    has not decided yet, and waits in the world
t= 99  Pell   finished say(text="I don't see any pile from here — where is it?" target=2) -> say ok shout=false heard_by=1 check=18 context=persuade:#2
t= 99  Pell   has not decided yet, and waits in the world
t= 99  Rook   interrupted (spoken to), abandoned say(text="Ah — I take it the bargain was our trade, Wren. Fair indeed; enjoy the cloak." target=1) 3/5t
t= 99  Rook   began say(text="Ah — I take it the bargain was our trade, Wren. Fair indeed; enjoy the cloak." target=1), 5 ticks
t=100  Bram   began go_to(offset=(3.000, 0.000)), 3 ticks
t=102  Sable  thought again at 10/11t, wanted the same thing
t=102  Odo    began say(text="I don't see any pile nearby — maybe it's beyond the drop to the south. I'll head that way." target=2), 5 ticks
t=102  Pell   began say(text="Southwest of us, past the drop by the hole — though it looks picked clean now; I see nothing left of it." target=7), 5 ticks
t=103  Bram   finished go_to(offset=(3.000, 0.000)) -> go_to ok at=(-391.200, 406.500) walked=2.7 steps=3
t=103  Bram   has not decided yet, and waits in the world
t=103  Sable  finished go_to(offset=(10.000, 0.000)) -> go_to ok at=(-411.600, 406.500) walked=9.9 steps=11
t=103  Sable  has not decided yet, and waits in the world
t=104  Rook   finished say(text="Ah — I take it the bargain was our trade, Wren. Fair indeed; enjoy the cloak." target=1) -> say ok shout=false heard_by=1 check=19 context=persuade:#1
t=104  Rook   has not decided yet, and waits in the world
t=106  Bram   began go_to(offset=(12.000, 0.000)), 13 ticks
t=106  Sable  began go_to(offset=(6.000, 0.000)), 7 ticks
t=107  Rook   began go_to(offset=(0.000, -6.000)), 7 ticks
t=107  Odo    finished say(text="I don't see any pile nearby — maybe it's beyond the drop to the south. I'll head that way." target=2) -> say refused: Rook is out of earshot (72.22 > 20.00)
t=107  Odo    has not decided yet, and waits in the world
t=107  Pell   finished say(text="Southwest of us, past the drop by the hole — though it looks picked clean now; I see nothing left of it." target=7) -> say refused: nobody talks to themselves
t=107  Pell   has not decided yet, and waits in the world
t=110  Odo    began go_to(target=7), 20 ticks
t=110  Pell   began go_to(offset=(40.000, 0.000)), 20 ticks
t=111  Bram   thought again at 5/13t, wanted the same thing
t=111  Sable  thought again at 5/7t, wanted the same thing
t=112  Rook   thought again at 5/7t, wanted the same thing
t=113  Sable  finished go_to(offset=(6.000, 0.000)) -> go_to ok at=(-405.600, 406.500) walked=6.0 steps=7
t=113  Sable  has not decided yet, and waits in the world
t=114  Rook   finished go_to(offset=(0.000, -6.000)) -> go_to ok at=(-478.000, 410.000) walked=6.0 steps=7
t=114  Rook   has not decided yet, and waits in the world
t=115  Odo    thought again at 5/20t, wanted the same thing
t=115  Pell   thought again at 5/20t, wanted the same thing
t=116  Bram   thought again at 10/13t, wanted the same thing
t=116  Sable  began say(text="Careful, Pell — there's a hole just past the drop; don't fall in." target=7), 5 ticks
t=117  Rook   began go_to(offset=(6.000, 0.000)), 7 ticks
t=119  Bram   finished go_to(offset=(12.000, 0.000)) -> go_to ok at=(-379.500, 406.500) walked=11.7 steps=13
t=119  Bram   has not decided yet, and waits in the world
t=120  Odo    thought again at 10/20t, wanted the same thing
t=120  Pell   thought again at 10/20t, wanted the same thing
t=121  Sable  finished say(text="Careful, Pell — there's a hole just past the drop; don't fall in." target=7) -> say refused: Pell is out of earshot (63.82 > 20.00)
t=121  Sable  has not decided yet, and waits in the world
t=122  Rook   thought again at 5/7t, wanted the same thing
t=122  Bram   began say(text="Rook, the pile sounds picked clean — I'll head southwest past the drop and look for a brass lantern while I'm out." target=2), 5 ticks
t=124  Rook   finished go_to(offset=(6.000, 0.000)) -> go_to ok at=(-472.000, 410.000) walked=6.0 steps=7
t=124  Rook   has not decided yet, and waits in the world
t=124  Sable  began go_to(offset=(-6.000, 0.000)), 7 ticks
t=125  Odo    thought again at 15/20t, wanted the same thing
t=125  Pell   thought again at 15/20t, wanted the same thing
t=127  Rook   began go_to(target=7), 11 ticks
t=127  Bram   finished say(text="Rook, the pile sounds picked clean — I'll head southwest past the drop and look for a brass lantern while I'm out." target=2) -> say refused: Rook is out of earshot (92.57 > 20.00)
t=127  Bram   has not decided yet, and waits in the world
t=129  Sable  thought again at 5/7t, wanted the same thing
t=130  Bram   began go_to(offset=(-6.000, -6.000)), 9 ticks
t=130  Odo    finished go_to(target=7) -> go_to refused: the way to Pell is blocked
t=130  Odo    has not decided yet, and waits in the world
t=130  Pell   finished go_to(offset=(40.000, 0.000)) -> go_to ok at=(-437.823, 417.731) walked=39.6 steps=44
t=130  Pell   has not decided yet, and waits in the world
t=131  Sable  finished go_to(offset=(-6.000, 0.000)) -> go_to ok at=(-411.600, 406.500) walked=6.0 steps=7
t=131  Sable  has not decided yet, and waits in the world
t=132  Rook   thought again at 5/11t, wanted the same thing
t=133  Pell   began go_to(offset=(6.000, 0.000)), 7 ticks
t=134  Sable  began go_to(offset=(-6.000, 0.000)), 7 ticks
t=135  Bram   thought again at 5/9t, wanted the same thing
t=137  Rook   thought again at 10/11t, wanted the same thing
t=138  Rook   finished go_to(target=7) -> go_to ok at=(-463.495, 416.657) walked=10.8 steps=12
t=138  Rook   has not decided yet, and waits in the world
t=138  Pell   thought again at 5/7t, wanted the same thing
t=139  Bram   finished go_to(offset=(-6.000, -6.000)) -> go_to ok at=(-385.228, 400.772) walked=8.1 steps=9
t=139  Bram   has not decided yet, and waits in the world
t=139  Sable  thought again at 5/7t, wanted the same thing
t=140  Pell   finished go_to(offset=(6.000, 0.000)) -> go_to ok at=(-431.823, 417.731) walked=6.0 steps=7
t=140  Pell   has not decided yet, and waits in the world
t=141  Rook   began go_to(offset=(12.000, 0.000)), 13 ticks
t=141  Sable  finished go_to(offset=(-6.000, 0.000)) -> go_to ok at=(-417.600, 406.500) walked=6.0 steps=7
t=141  Sable  has not decided yet, and waits in the world
t=141  Odo    began go_to(offset=(-3.000, -3.000)), 5 ticks
t=142  Bram   began go_to(offset=(-3.000, 0.000)), 3 ticks
t=143  Pell   began go_to(offset=(-6.000, -6.000)), 9 ticks
t=144  Sable  began go_to(offset=(6.000, 0.000)), 7 ticks
t=145  Bram   finished go_to(offset=(-3.000, 0.000)) -> go_to ok at=(-387.928, 400.772) walked=2.7 steps=3
t=145  Bram   has not decided yet, and waits in the world
t=146  Rook   thought again at 5/13t, wanted the same thing
t=146  Odo    finished go_to(offset=(-3.000, -3.000)) -> go_to refused: the way to the position is blocked
t=146  Odo    has not decided yet, and waits in the world
t=148  Bram   began wait(ticks=5), 5 ticks
t=148  Pell   thought again at 5/9t, wanted the same thing
t=149  Sable  thought again at 5/7t, wanted the same thing
t=149  Odo    began go_to(offset=(9.000, 0.000)), 10 ticks
t=151  Rook   thought again at 10/13t, wanted the same thing
t=151  Sable  finished go_to(offset=(6.000, 0.000)) -> go_to ok at=(-411.600, 406.500) walked=6.0 steps=7
t=151  Sable  has not decided yet, and waits in the world
t=152  Pell   finished go_to(offset=(-6.000, -6.000)) -> go_to ok at=(-437.551, 412.003) walked=8.1 steps=9
t=152  Pell   has not decided yet, and waits in the world
t=153  Bram   finished wait(ticks=5) -> wait ok ticks=5 until=158
t=153  Bram   has not decided yet, and waits in the world
t=154  Rook   finished go_to(offset=(12.000, 0.000)) -> go_to ok at=(-451.795, 416.657) walked=11.7 steps=13
t=154  Rook   has not decided yet, and waits in the world
t=154  Sable  began go_to(offset=(-15.000, -15.000)), 20 ticks
t=154  Odo    thought again at 5/10t, wanted the same thing
t=155  Pell   began go_to(offset=(-6.000, -9.000)), 12 ticks
t=156  Bram   began go_to(offset=(6.000, 0.000)), 7 ticks
t=157  Rook   began go_to(offset=(35.000, 0.000)), 20 ticks
t=159  Sable  thought again at 5/20t, wanted the same thing
t=159  Odo    finished go_to(offset=(9.000, 0.000)) -> go_to refused: the way to the position is blocked
t=159  Odo    has not decided yet, and waits in the world
t=160  Pell   thought again at 5/12t, wanted the same thing

the model cast's turns -- 78 questions across 5 characters, 76 chose an action
  who    turn asked answered  observed          the model said                 which read back as           what the engine answered
  Rook   1        1        4  c075af3add949864  say text=Hello, Pell and Wren… say(text=Hello, Pell and Wr… say ok shout=false heard_by=1 check=2 context=persuade:#7  (chosen again after 1 interruption)
  Bram   1        1        4  42e2678aeea9c3d6  examine target=#6              examine(target=6)            examine ok id=6 name=pile kind=pile shut=false holds=1 money=0 distance=36.139
  Sable  1        1        4  177eddb243989a96  go_to target=#3                go_to(target=3)              go_to refused: the board decides where a fighter goes  (chosen again after 1 interruption)
  Odo    1        1        4  a7aa50cf231b773f  go_to offset=(6, 0)            go_to(offset=(6.000, 0.000)) go_to ok at=(-478.000, 472.000) walked=6.0 steps=7
  Pell   1        1        4  6ab0babc4ca88c2f  go_to target=#2                go_to(target=2)              go_to ok at=(-477.423, 417.731) walked=4.5 steps=5
  Bram   2        8       11  f432f29d64380a1a  say text=Hail, traveler! What… say(text=Hail, traveler! Wh… say ok shout=false heard_by=1 check=3 context=persuade:#4
  Pell   2        9       12  a413ad56161fb348  go_to target=#2                go_to(target=2)              go_to ok at=(-477.423, 417.731) walked=0.0 steps=0
  Rook   2       11       14  a7ce03e17ebbaee4  examine target=#6              examine(target=6)            examine ok id=6 name=pile kind=pile shut=false holds=1 money=0 distance=7.0
  Odo    2       11       14  cb6ba8cfbb16fca7  go_to offset=(3, 0)            go_to(offset=(3.000, 0.000)) go_to ok at=(-475.300, 472.000) walked=2.7 steps=3
  Pell   3       13       16  27e9be3b759625db  say text=Let's look. I'll che… say(text=Let's look. I'll c… say ok shout=false heard_by=1 check=4 context=persuade:#2
  Sable  2       14       18  5c4422c2eb695033  say text=Hail, traveler! I am… say(text=Hail, traveler! I … say ok shout=false heard_by=1 check=5 context=persuade:#3
  Odo    3       17       20  5a95ec4f37ad9032  go_to offset=(3, 0)            go_to(offset=(3.000, 0.000)) go_to ok at=(-472.600, 472.000) walked=2.7 steps=3
  Rook   3       18       21  422d598c8505e02c  examine target=#6              examine(target=6)            examine refused: there is nothing with id 6  (chosen again after 1 interruption)
  Bram   3       17       21  c569f2711667c10f  wait ticks=5                   wait(ticks=5)                wait ok ticks=5 until=33  (chosen again after 1 interruption)
  Pell   4       21       24  836561a2c4cccdf7  examine target=#6              examine(target=6)            examine refused: there is nothing with id 6
  Odo    4       23       26  82040db94e783b97  go_to offset=(3, 0)            go_to(offset=(3.000, 0.000)) go_to ok at=(-469.900, 472.000) walked=2.7 steps=3
  Rook   4       25       28  f166f4794c37e10d  say text="Let me know what yo… say(text="Let me know what … say ok shout=false heard_by=1 check=6 context=persuade:#7
  Sable  3       24       28  174dcf2da4382160  say text="I wander these land… say(text="I wander these la… say ok shout=false heard_by=1 check=7 context=persuade:#3
  Pell   5       28       31  7e8c44cfae817235  go_to target=#6                go_to(target=6)              go_to refused: there is nothing with id 6  (chosen again after 1 interruption)
  Odo    5       29       32  fed04cb8c935dae0  go_to offset=(3, 0)            go_to(offset=(3.000, 0.000)) go_to ok at=(-467.200, 472.000) walked=2.7 steps=3
  Bram   4       29       33  faad9436be0ec0c3  say text=Well met, Sable. I a… say(text=Well met, Sable. I… say ok shout=false heard_by=1 check=8 context=persuade:#4  (chosen again after 1 interruption)
  Rook   5       33       36  2edc6d156200a1f0  trade_accept target=#1         trade_accept(target=1)       trade_accept ok from=1 took=0 took_money=12 gave=1 gave_money=0
  Sable  4       34       38  189f372b8d20eef4  say text="I seek a purpose wo… say(text="I seek a purpose … say ok shout=false heard_by=1 check=9 context=persuade:#3  (chosen again after 1 interruption)
  Odo    6       35       38  c6d76c51ac5e8697  go_to offset=(6, 0)            go_to(offset=(6.000, 0.000)) go_to ok at=(-461.200, 472.000) walked=6.0 steps=7
  Rook   6       39       42  bbcaa27557747d28  say text="Good morning, Wren.… say(text="Good morning, Wre… say ok shout=false heard_by=1 check=10 context=persuade:#1
  Bram   5       41       45  013964403272db2b  trade_propose target=#4 give=… trade_propose(target=4 give… trade_propose refused: Sable is out of reach (6.00 > 2.50)  (chosen again after 1 interruption)
  Odo    7       45       48  0d36178c7bfc9c1b  go_to offset=(6, 0)            go_to(offset=(6.000, 0.000)) go_to ok at=(-455.200, 472.000) walked=6.0 steps=7
  Rook   7       47       50  8dcf3cc561669a6d  wait ticks=5                   wait(ticks=5)                wait ok ticks=5 until=60
  Sable  5       46       50  ac5e7518e7596d31  say text="I carry little but … say(text="I carry little bu… say ok shout=false heard_by=1 check=11 context=persuade:#3
  Bram   6       51       55  73751984f22e1466  say text="I've seen no troubl… say(text="I've seen no trou… say ok shout=false heard_by=1 check=12 context=persuade:#4  (chosen again after 1 interruption)
  Pell   6       53       56  bf21f82a2f0f97c2  go_to target=#6                go_to(target=6)              go_to refused: there is nothing with id 6  (chosen again after 1 interruption)
  Rook   8       55       58  2b2e248e650c83eb  wait ticks=5                   wait(ticks=5)                wait ok ticks=5 until=68
  Odo    8       55       58  d4cdc040c5fa3c93  go_to offset=(3, 0)            go_to(offset=(3.000, 0.000)) go_to ok at=(-452.500, 472.000) walked=2.7 steps=3
  Sable  6       56       60  369fcdc15e004913  say text="No goods worth coin… say(text="No goods worth co… say ok shout=false heard_by=1 check=13 context=persuade:#3  (chosen again after 1 interruption)
  Odo    9       61       64  acc070e55fce3862  go_to offset=(6, 0)            go_to(offset=(6.000, 0.000)) go_to ok at=(-446.500, 472.000) walked=6.0 steps=7
  Rook   9       63       66  8dcf3cc561669a6d  say text=Did you find anythin… say(text=Did you find anyth… say ok shout=false heard_by=1 check=14 context=persuade:#7
  Bram   7       63       67  c10bb99f122a542a  go_to offset=(40, 0)           go_to(offset=(40.000, 0.000… go_to ok at=(-393.900, 406.500) walked=39.6 steps=44  (chosen again after 2 interruptions)
  Sable  7       68       72  72e961188ab74f1a  say text="Lead on, Bram - I'l… say(text="Lead on, Bram - I… say ok shout=false heard_by=1 check=15 context=persuade:#3
  Rook   10      71       74  ba5fdea40e961bf2  say text="What bargain is tha… say(text="What bargain is t… say ok shout=false heard_by=1 check=16 context=persuade:#1
  Odo    10      71       74  6536e509ad2022b1  go_to offset=(6, 0)            go_to(offset=(6.000, 0.000)) go_to ok at=(-440.500, 472.000) walked=6.0 steps=7
  Rook   11      79       82  bdb02e68ad9d2e59  say text="Not sure what the n… say(text="Not sure what the… say ok shout=false heard_by=1 check=17 context=persuade:#1
  Sable  8       78       82  4dc0253d56d02f03  go_to offset=(6.0, 0.0)        go_to(offset=(6.000, 0.000)) go_to ok at=(-421.500, 406.500) walked=6.0 steps=7
  Odo    11      81       84  ce04c8da3a1fb530  go_to offset=(3, 0)            go_to(offset=(3.000, 0.000)) go_to ok at=(-437.800, 472.000) walked=2.7 steps=3
  Rook   12      87       90  9d37ede46ab9468a  wait ticks=3                   wait(ticks=3)                wait ok ticks=3 until=96
  Odo    12      87       90  26f0e3b8a4463ee1  go_to offset=(3, 0)            go_to(offset=(3.000, 0.000)) go_to ok at=(-435.100, 472.000) walked=2.7 steps=3
  Sable  9       89       92  a65a873994d34eba  go_to offset=(10.0, 0.0)       go_to(offset=(10.000, 0.000… go_to ok at=(-411.600, 406.500) walked=9.9 steps=11
  Pell   7       91       94  ad7c520d328571e2  say text="I don't see any pil… say(text="I don't see any p… say ok shout=false heard_by=1 check=18 context=persuade:#2
  Rook   13      93       96  f5b2a58ffeb75b26  say text="Ah — I take it the … say(text="Ah — I take it th… say ok shout=false heard_by=1 check=19 context=persuade:#1  (chosen again after 1 interruption)
  Odo    13      93       96  cd6c9de87b4fe2ac  go_to offset=(3, 0)            go_to(offset=(3.000, 0.000)) go_to ok at=(-432.400, 472.000) walked=2.7 steps=3
  Bram   8       97      100  7edc41b89e709a94  go_to offset=(3, 0)            go_to(offset=(3.000, 0.000)) go_to ok at=(-391.200, 406.500) walked=2.7 steps=3
  Odo    14      99      102  d2555f8049e81f76  say text="I don't see any pil… say(text="I don't see any p… say refused: Rook is out of earshot (72.22 > 20.00)
  Pell   8       99      102  20104ed225f57de7  say text="Southwest of us, pa… say(text="Southwest of us, … say refused: nobody talks to themselves
  Bram   9      103      106  37d9b34d0a769608  go_to offset=(12, 0)           go_to(offset=(12.000, 0.000… go_to ok at=(-379.500, 406.500) walked=11.7 steps=13
  Sable  10     103      106  70c2f53230bbda75  go_to offset=(6.0, 0.0)        go_to(offset=(6.000, 0.000)) go_to ok at=(-405.600, 406.500) walked=6.0 steps=7
  Rook   14     104      107  e34024a6afa95088  go_to offset=(0, -6)           go_to(offset=(0.000, -6.000… go_to ok at=(-478.000, 410.000) walked=6.0 steps=7
  Odo    15     107      110  74e893c928a4a85a  go_to target=#7                go_to(target=7)              go_to refused: the way to Pell is blocked
  Pell   9      107      110  a855c1d73c6e4883  go_to offset=(40, 0)           go_to(offset=(40.000, 0.000… go_to ok at=(-437.823, 417.731) walked=39.6 steps=44
  Sable  11     113      116  fc1bad1eca7fd332  say text="Careful, Pell — the… say(text="Careful, Pell — t… say refused: Pell is out of earshot (63.82 > 20.00)
  Rook   15     114      117  f71ff9c82256dc2a  go_to offset=(6.0, 0.0)        go_to(offset=(6.000, 0.000)) go_to ok at=(-472.000, 410.000) walked=6.0 steps=7
  Bram   10     119      122  4af028e1a5310e89  say text="Rook, the pile soun… say(text="Rook, the pile so… say refused: Rook is out of earshot (92.57 > 20.00)
  Sable  12     121      124  162c327ceee7c610  go_to offset=(-6, 0)           go_to(offset=(-6.000, 0.000… go_to ok at=(-411.600, 406.500) walked=6.0 steps=7
  Rook   16     124      127  8746d2891f058936  go_to target=#7                go_to(target=7)              go_to ok at=(-463.495, 416.657) walked=10.8 steps=12
  Bram   11     127      130  e29e51b41cdbd89b  go_to offset=(-6, -6)          go_to(offset=(-6.000, -6.00… go_to ok at=(-385.228, 400.772) walked=8.1 steps=9
  Odo    16     130      133  074f3e39c75af03d                                 -- nothing readable --       (nothing was chosen)
  Pell   10     130      133  c6777e2e01534703  go_to offset=(6.0, 0.0)        go_to(offset=(6.000, 0.000)) go_to ok at=(-431.823, 417.731) walked=6.0 steps=7
  Sable  13     131      134  a5b9dc22db6d9b98  go_to offset=(-6, 0)           go_to(offset=(-6.000, 0.000… go_to ok at=(-417.600, 406.500) walked=6.0 steps=7
  Odo    17     134      137  894f8b4eb9d98a7b  recall about=the brass lantern recall about=the brass lant… (a tool, not an action: 0 things came back)
  Rook   17     138      141  e4e9dc255e0d624a  go_to offset=(12, 0)           go_to(offset=(12.000, 0.000… go_to ok at=(-451.795, 416.657) walked=11.7 steps=13
  Odo    18     138      141  35591e02364bdc55  go_to offset=(-3, -3)          go_to(offset=(-3.000, -3.00… go_to refused: the way to the position is blocked
  Bram   12     139      142  0a650b94fde4e415  go_to offset=(-3, 0)           go_to(offset=(-3.000, 0.000… go_to ok at=(-387.928, 400.772) walked=2.7 steps=3
  Pell   11     140      143  b611ce1b46d9b8c8  go_to offset=(-6, -6)          go_to(offset=(-6.000, -6.00… go_to ok at=(-437.551, 412.003) walked=8.1 steps=9
  Sable  14     141      144  545b6acc2f30b285  go_to offset=(6.0, 0.0)        go_to(offset=(6.000, 0.000)) go_to ok at=(-411.600, 406.500) walked=6.0 steps=7
  Bram   13     145      148  93548ef0e0132817  wait ticks=5                   wait(ticks=5)                wait ok ticks=5 until=158
  Odo    19     146      149  02f33a6f6f053912  go_to offset=(9, 0)            go_to(offset=(9.000, 0.000)) go_to refused: the way to the position is blocked
  Sable  15     151      154  2bc535db5ef5f48a  go_to offset=(-15, -15)        go_to(offset=(-15.000, -15.… still running when the run ended
  Pell   12     152      155  0a51c2d6cb3fbbfd  go_to offset=(-6, -9)          go_to(offset=(-6.000, -9.00… still running when the run ended
  Bram   14     153      156  3513eb350c24250f  go_to offset=(6.0, 0.0)        go_to(offset=(6.000, 0.000)) still running when the run ended
  Rook   18     154      157  e58f97f4ad309795  go_to offset=(35, 0)           go_to(offset=(35.000, 0.000… still running when the run ended
  still waiting: Odo: this reply was recorded for another question: the prompt put here fingerprints 55b5d45199928b02 and the recorded one 960dfa4c11d560df

nobody waits on anybody
  who    turn asked answered waited alongside  ticks each of the others was serviced for      actions
        (a character that has fallen out of the world is serviced no further, and shows 0)
  Rook   1        1        4      3         4  Wren 3 Bram 3 Sable 3 Odo 3 Pell 3             0
  Bram   1        1        4      3         4  Wren 3 Rook 3 Sable 3 Odo 3 Pell 3             0
  Sable  1        1        4      3         4  Wren 3 Rook 3 Bram 3 Odo 3 Pell 3              0
  Odo    1        1        4      3         4  Wren 3 Rook 3 Bram 3 Sable 3 Pell 3            0
  Pell   1        1        4      3         4  Wren 3 Rook 3 Bram 3 Sable 3 Odo 3             0
  Bram   2        8       11      3         3  Wren 3 Rook 3 Sable 3 Odo 3 Pell 3             3
  Pell   2        9       12      3         3  Wren 3 Rook 3 Bram 3 Sable 3 Odo 3             2
  Rook   2       11       14      3         3  Wren 3 Bram 3 Sable 3 Odo 3 Pell 3             2
  Odo    2       11       14      3         3  Wren 3 Rook 3 Bram 3 Sable 3 Pell 3            2
  Pell   3       13       16      3         3  Wren 3 Rook 3 Bram 3 Sable 3 Odo 3             2
  Sable  2       14       18      4         4  Wren 4 Rook 4 Bram 4 Odo 4 Pell 4              3
  Odo    3       17       20      3         3  Wren 3 Rook 3 Bram 3 Sable 3 Pell 3            2
  Rook   3       18       21      3         3  Wren 3 Bram 3 Sable 3 Odo 3 Pell 3             2
  Bram   3       17       21      4         4  Wren 4 Rook 4 Sable 4 Odo 4 Pell 4             3
  Pell   4       21       24      3         2  Wren 3 Rook 3 Bram 3 Sable 3 Odo 3             3
  Odo    4       23       26      3         3  Wren 3 Rook 3 Bram 3 Sable 3 Pell 3            2
  Rook   4       25       28      3         3  Wren 3 Bram 3 Sable 3 Odo 3 Pell 3             3
  Sable  3       24       28      4         3  Wren 4 Rook 4 Bram 4 Odo 4 Pell 4              4
  Pell   5       28       31      3         2  Wren 3 Rook 3 Bram 3 Sable 3 Odo 3             2
  Odo    5       29       32      3         2  Wren 3 Rook 3 Bram 3 Sable 3 Pell 3            1
  Bram   4       29       33      4         3  Wren 4 Rook 4 Sable 4 Odo 4 Pell 4             3
  Rook   5       33       36      3         2  Wren 3 Bram 3 Sable 3 Odo 3 Pell 3             1
  Sable  4       34       38      4         2  Wren 4 Rook 4 Bram 4 Odo 4 Pell 4              2
  Odo    6       35       38      3         2  Wren 3 Rook 3 Bram 3 Sable 3 Pell 3            1
  Rook   6       39       42      3         1  Wren 3 Bram 3 Sable 3 Odo 3 Pell 3             2
  Bram   5       41       45      4         2  Wren 4 Rook 4 Sable 4 Odo 4 Pell 4             3
  Odo    7       45       48      3         2  Wren 3 Rook 3 Bram 3 Sable 3 Pell 3            2
  Rook   7       47       50      3         2  Wren 3 Bram 3 Sable 3 Odo 3 Pell 3             0
  Sable  5       46       50      4         2  Wren 4 Rook 4 Bram 4 Odo 4 Pell 4              2
  Bram   6       51       55      4         3  Wren 4 Rook 4 Sable 4 Odo 4 Pell 4             4
  Pell   6       53       56      3         4  Wren 3 Rook 3 Bram 3 Sable 3 Odo 3             3
  Rook   8       55       58      3         3  Wren 3 Bram 3 Sable 3 Odo 3 Pell 3             0
  Odo    8       55       58      3         3  Wren 3 Rook 3 Bram 3 Sable 3 Pell 3            0
  Sable  6       56       60      4         2  Wren 4 Rook 4 Bram 4 Odo 4 Pell 4              0
  Odo    9       61       64      3         2  Wren 3 Rook 3 Bram 3 Sable 3 Pell 3            2
  Rook   9       63       66      3         2  Wren 3 Bram 3 Sable 3 Odo 3 Pell 3             0
  Bram   7       63       67      4         2  Wren 4 Rook 4 Sable 4 Odo 4 Pell 4             1
  Sable  7       68       72      4         2  Wren 4 Rook 4 Bram 4 Odo 4 Pell 4              3
  Rook   10      71       74      3         2  Wren 3 Bram 3 Sable 3 Odo 3 Pell 3             0
  Odo    10      71       74      3         2  Wren 3 Rook 3 Bram 3 Sable 3 Pell 3            0
  Rook   11      79       82      3         2  Wren 3 Bram 3 Sable 3 Odo 3 Pell 3             1
  Sable  8       78       82      4         2  Wren 4 Rook 4 Bram 4 Odo 4 Pell 4              2
  Odo    11      81       84      3         2  Wren 3 Rook 3 Bram 3 Sable 3 Pell 3            0
  Rook   12      87       90      3         2  Wren 3 Bram 3 Sable 3 Odo 3 Pell 3             1
  Odo    12      87       90      3         2  Wren 3 Rook 3 Bram 3 Sable 3 Pell 3            1
  Sable  9       89       92      3         3  Wren 3 Rook 3 Bram 3 Odo 3 Pell 3              1
  Pell   7       91       94      3         3  Wren 3 Rook 3 Bram 3 Sable 3 Odo 3             2
  Rook   13      93       96      3         2  Wren 3 Bram 3 Sable 3 Odo 3 Pell 3             0
  Odo    13      93       96      3         2  Wren 3 Rook 3 Bram 3 Sable 3 Pell 3            0
  Bram   8       97      100      3         2  Wren 3 Rook 3 Sable 3 Odo 3 Pell 3             2
  Odo    14      99      102      3         2  Wren 3 Rook 3 Bram 3 Sable 3 Pell 3            0
  Pell   8       99      102      3         2  Wren 3 Rook 3 Bram 3 Sable 3 Odo 3             0
  Bram   9      103      106      3         2  Wren 3 Rook 3 Sable 3 Odo 3 Pell 3             1
  Sable  10     103      106      3         2  Wren 3 Rook 3 Bram 3 Odo 3 Pell 3              1
  Rook   14     104      107      3         4  Wren 3 Bram 3 Sable 3 Odo 3 Pell 3             2
  Odo    15     107      110      3         1  Wren 3 Rook 3 Bram 3 Sable 3 Pell 3            0
  Pell   9      107      110      3         1  Wren 3 Rook 3 Bram 3 Sable 3 Odo 3             0
  Sable  11     113      116      3         1  Wren 3 Rook 3 Bram 3 Odo 3 Pell 3              1
  Rook   15     114      117      3         1  Wren 3 Bram 3 Sable 3 Odo 3 Pell 3             0
  Bram   10     119      122      3         1  Wren 3 Rook 3 Sable 3 Odo 3 Pell 3             1
  Sable  12     121      124      3         2  Wren 3 Rook 3 Bram 3 Odo 3 Pell 3              1
  Rook   16     124      127      3         1  Wren 3 Bram 3 Sable 3 Odo 3 Pell 3             1
  Bram   11     127      130      3         2  Wren 3 Rook 3 Sable 3 Odo 3 Pell 3             2
  Odo    16     130      133      3         2  Wren 3 Rook 3 Bram 3 Sable 3 Pell 3            1
  Pell   10     130      133      3         2  Wren 3 Rook 3 Bram 3 Sable 3 Odo 3             1
  Sable  13     131      134      3         2  Wren 3 Rook 3 Bram 3 Odo 3 Pell 3              0
  Odo    17     134      137      3         0  Wren 3 Rook 3 Bram 3 Sable 3 Pell 3            0
  Rook   17     138      141      3         4  Wren 3 Bram 3 Sable 3 Odo 3 Pell 3             3
  Odo    18     138      141      3         4  Wren 3 Rook 3 Bram 3 Sable 3 Pell 3            3
  Bram   12     139      142      3         4  Wren 3 Rook 3 Sable 3 Odo 3 Pell 3             2
  Pell   11     140      143      3         4  Wren 3 Rook 3 Bram 3 Sable 3 Odo 3             1
  Sable  14     141      144      3         2  Wren 3 Rook 3 Bram 3 Odo 3 Pell 3              0
  Bram   13     145      148      3         1  Wren 3 Rook 3 Sable 3 Odo 3 Pell 3             1
  Odo    19     146      149      3         1  Wren 3 Rook 3 Bram 3 Sable 3 Pell 3            0
  Sable  15     151      154      3         3  Wren 3 Rook 3 Bram 3 Odo 3 Pell 3              3
  Pell   12     152      155      3         3  Wren 3 Rook 3 Bram 3 Sable 3 Odo 3             2
  Bram   14     153      156      3         3  Wren 3 Rook 3 Sable 3 Odo 3 Pell 3             1
  Rook   18     154      157      3         2  Wren 3 Bram 3 Sable 3 Odo 3 Pell 3             0
  ticks with more than one answer outstanding  78 of 160
  the most outstanding at once                 5
  ticks by how many were outstanding           0:28 1:54 2:47 3:27 4:1 5:3
  spans: 66 of 78 took the stated 3 ticks, the longest took 4
  the longest span, by how many other answers were outstanding across it
    0:3 1:3 2:4 3:4 4:4
    this is the line that says the answers do not queue: a channel that served them
    in turn would make a question put while 5 others were outstanding
    take about 18 ticks, not 3. A span longer than the stated 3 is a
    character that was not serviced on the tick its answer was ready -- a
    commander waiting for its turn on the board -- and not an answer waiting
    for another answer.

what the run cost in model calls
  who     calls  answered  resolved calls per 100 ticks
  Rook       18        18        17                11.2
  Bram       14        14        13                 8.8
  Sable      15        15        14                 9.4
  Odo        20        19        17                12.5
  Pell       12        12        11                 7.5
  total      79        78
  the run                    160 ticks, 79 calls -> 0.494 calls a tick
  an hour of play at that rate  20 ticks a second, so 72000 ticks an hour
                                35550 calls an hour for 5 characters, 7110 each

being asked again is not a new call
  who       asked  calls    held  polled  re-evaluations re-evaluations per call
  Rook         81     18       9      54               6                    0.33
  Bram         63     14      13      36               7                    0.50
  Sable        65     15      12      38               9                    0.60
  Odo          87     20       9      58               9                    0.45
  Pell         65     12      17      36              15                    1.25
  total       361     79      60     222              46                    0.58
  re-evaluations to model calls  46 : 79 = 0.58 -- the loop asks again every 5 ticks an action runs, and none of those asks is a call
  asks that cost a call          79 of 361 (21.9%)
  the loop's own counts          reviews=53 changes=0 finished=82 attacked=0 combat began=1 spoken to=14

what the first run of this file measured, measured again
  turns                      78, across 5 characters
  lines of speech chosen     22, 22 of them different
  the most-repeated line     1 time: "Hello, Pell and Wren. What's in that pile?"
  turns asked with the same observation as the one before  0
  turns that chose a position 36

what each of them came to remember
  who    driven by  entries   events   lessons  characters  recalls lessons written
  Wren   a person       18       18         0         718        -               -
  Rook   a model        40       40         0        1675        0               0
  Bram   a model        31       31         0        1697        0               0
  Sable  a model        34       34         0        1687        0               0
  Odo    a model        16       16         0         442        1               0
  Pell   a model        33       33         0        1369        0               0

what the world recorded between them
  4 edges, made of 24 happenings, and not one of them on anybody's sheet
  sentiment is familiarity x (trust - fear), which is the one number section 6 reads
  who    driven by with     trust    fear   respect   familiarity  sentiment
  Wren   a person  Rook      0.20    0.00      0.10          0.90      +0.18
  Wren   a person  Pell      0.00    0.00      0.00          0.44      +0.00
  Rook   a model   Wren      0.20    0.00      0.10          0.90      +0.18
  Rook   a model   Pell      0.00    0.00      0.00          0.76      +0.00
  Bram   a model   Sable     0.00    0.00      0.00          0.92      +0.00
  Sable  a model   Bram      0.00    0.00      0.00          0.92      +0.00
  Odo    a model   nothing has passed between it and anybody
  Pell   a model   Rook      0.00    0.00      0.00          0.76      +0.00
  Pell   a model   Wren      0.00    0.00      0.00          0.44      +0.00
  and what each edge is made of, in the world's own words
    #1 <-> #2 8 happenings | #1 trust 0.20 fear 0.00 respect 0.10 familiarity 0.90 | #2 trust 0.20 fear 0.00 respect 0.10 familiarity 0.90
    #2 <-> #7 5 happenings | #2 trust 0.00 fear 0.00 respect 0.00 familiarity 0.76 | #7 trust 0.00 fear 0.00 respect 0.00 familiarity 0.76
    #3 <-> #4 9 happenings | #3 trust 0.00 fear 0.00 respect 0.00 familiarity 0.92 | #4 trust 0.00 fear 0.00 respect 0.00 familiarity 0.92
    #1 <-> #7 2 happenings | #1 trust 0.00 fear 0.00 respect 0.00 familiarity 0.44 | #7 trust 0.00 fear 0.00 respect 0.00 familiarity 0.44

what Pell came to remember
  entries                    33 (33 events, 0 lessons)
  events by kind             saw 19 heard 7 changed 7 lesson 0
  characters held            1369
  characters a packet carries 292 of 1369 (21%), being every lesson and the last 8 events
  the last question put      3999 characters, of which 407 (10%) are what it remembers
  tools used                 0 recalls, 0 lessons written
  everything it remembers
    lessons 0
    events 33
      I saw Rook (#2), a commander, about 6m away.
      I saw Wren (#1), a commander, about 12m away.
      I saw a pile (#6) about 8m away, open, holding 1 thing and 0 coins.
      I saw Rook (#2), a commander, about 2m away.
      I saw Wren (#1), a commander, about 5m away.
      I saw a pile (#6) about 7m away, open, holding 1 thing and 0 coins.
      I moved 0.9m north.
      I dropped 0.1m.
      I saw Wren (#1), a commander, about 2m away.
      Rook (#2) said to me: "Hello, Pell and Wren. What's in that pile?"
      I saw Wren (#1), a commander, about 4m away.
      I said: "Let's look. I'll check the pile."
      Rook (#2) said to me: ""Let me know what you find in it.""
      Wren (#1) shouted: "a fair bargain"
      Rook (#2) said to me: "Did you find anything in the pile?"
      Wren (#1) shouted: "what was that noise?"
      I said: ""I don't see any pile from here — where is it?""
      I saw Rook (#2), a commander, about 3m away.
      I saw #4, a commander, about 29m away.
      I saw #5, a commander, about 31m away.
      I saw Rook (#2), a commander, about 32m away.
      I saw Wren (#1), a commander, about 38m away.
      I moved 0.9m east.
      I moved 22.5m east.
      I climbed 3.5m.
      I saw #4, a commander, about 18m away.
      I saw #5, a commander, about 35m away.
      I moved 0.6m east.
      I saw Rook (#2), a commander, about 16m away.
      I saw #4, a commander, about 27m away.
      I saw #5, a commander, about 36m away.
      I saw Wren (#1), a commander, about 39m away.
      I moved 0.9m north-west.

what they were after -- scenario setup, not game content
  Pell, driven by a model
  no  over  what it is after                           answered by              where it stands now
  1   short be beside #2                               the world                closed at tick 10: #2 is 1.8 away
  2   short be carrying brass lantern                  the world                open -- brass lantern is not in the pack
  3   long  be thought well of in this market          the character itself     open -- nothing in the world answers this one
  closings                   1
    t=10   be beside #2                               closed by the world: #2 is 1.8 away
  refused closings           0 (the character asked to close a goal and was told it could not)
  Wren, driven by a person
  no  over  what it is after                           answered by              where it stands now
  1   short be carrying 1 money or more                the world                closed at tick 1: 30 money in the pack
  closings                   1
    t=1    be carrying 1 money or more                closed by the world: 30 money in the pack
  refused closings           0 (the character asked to close a goal and was told it could not)

after 160 ticks
    tick 160 actors=6 objects=0 offers=0
      #1 commander band=1 at (-476.100, -2.373, 416.000) hp=32/32 walking
        carries money=18 carried=[common armour chestplate L2 P=8 mov=4 def=4 eff=0 dex [] silk cloak | common weapon hand L1 P=4 mov=0 def=0 eff=4 dex [brass lantern:4] brass lantern] worn=[]
      #2 commander band=1 at (-449.095, -0.509, 416.657) hp=32/32 walking
        carries money=20 carried=[] worn=[]
      #3 commander band=3 at (-384.328, -0.128, 400.772) hp=38/38 walking
        carries money=0 carried=[common armour boots L2 P=8 mov=4 def=4 eff=0 dex [] common boots | common weapon hand L3 P=12 mov=0 def=0 eff=12 str [sword:12] common sword] worn=[boots=common armour boots L2 P=8 mov=4 def=4 eff=0 dex [] common boots hand=common weapon hand L3 P=12 mov=0 def=0 eff=12 str [sword:12] common sword]
      #4 commander band=4 at (-415.418, 2.880, 402.682) hp=38/38 walking
        carries money=0 carried=[common armour boots L2 P=8 mov=4 def=4 eff=0 dex [] common boots | common weapon hand L3 P=12 mov=0 def=0 eff=12 str [spear:12] common spear] worn=[boots=common armour boots L2 P=8 mov=4 def=4 eff=0 dex [] common boots hand=common weapon hand L3 P=12 mov=0 def=0 eff=12 str [spear:12] common spear]
      #5 commander band=5 at (-457.110, -4.302, 442.216) hp=26/26 walking
        carries money=0 carried=[] worn=[]
      #7 commander band=1 at (-440.047, 0.449, 408.259) hp=32/32 walking
        carries money=9 carried=[] worn=[]
      check #1 persuade:#2 -- raised
      check #2 persuade:#7 -- raised
      check #3 persuade:#4 -- raised
      check #4 persuade:#2 -- raised
      check #5 persuade:#3 -- raised
      check #6 persuade:#7 -- raised
      check #7 persuade:#3 -- raised
      check #8 persuade:#4 -- raised
      check #9 persuade:#3 -- raised
      check #10 persuade:#1 -- raised
      check #11 persuade:#3 -- raised
      check #12 persuade:#4 -- raised
      check #13 persuade:#3 -- raised
      check #14 persuade:#7 -- raised
      check #15 persuade:#3 -- raised
      check #16 persuade:#1 -- raised
      check #17 persuade:#1 -- raised
      check #18 persuade:#2 -- raised
      check #19 persuade:#1 -- raised
      said #1 to #2 "good morning" heard by [2]
      said #2 to #7 "Hello, Pell and Wren. What's in that pile?" heard by [7]
      said #3 to #4 "Hail, traveler! What brings you here?" heard by [4]
      said #7 to #2 "Let's look. I'll check the pile." heard by [2]
      said #4 to #3 "Hail, traveler! I am Sable." heard by [3]
      said #2 to #7 ""Let me know what you find in it."" heard by [7]
      said #4 to #3 ""I wander these lands seeking purpose, friend. What of you?"" heard by [3]
      said #3 to #4 "Well met, Sable. I am Bram. Might you have goods to trade, or news of the road?" heard by [4]
      said #4 to #3 ""I seek a purpose worth a spear, Bram. Might you know of work or trouble nearby?"" heard by [3]
      said #1 aloud "a fair bargain" heard by [2, 7]
      said #2 to #1 ""Good morning, Wren. Pell's checking that pile over there."" heard by [1]
      said #4 to #3 ""I carry little but my spear and boots, friend. If you've work or coin, I'm your blade."" heard by [3]
      said #3 to #4 ""I've seen no trouble yet, but there's a pile of goods some 40 paces east of here, unclaimed. Care to walk with me and see what fortune holds?"" heard by [4]
      said #4 to #3 ""No goods worth coin, Bram - only this spear and these boots. Point me at work or trouble, and any news I gather on the road is yours to hear."" heard by [3]
      said #2 to #7 "Did you find anything in the pile?" heard by [7]
      said #1 aloud "what was that noise?" heard by [2, 7]
      said #4 to #3 ""Lead on, Bram - I'll walk east with you and we'll split whatever that pile holds."" heard by [3]
      said #2 to #1 ""What bargain is that, Wren?"" heard by [1]
      said #2 to #1 ""Not sure what the noise was — maybe Pell rustling through that pile. Now, what bargain did you mean?"" heard by [1]
      said #7 to #2 ""I don't see any pile from here — where is it?"" heard by [2]
      said #2 to #1 ""Ah — I take it the bargain was our trade, Wren. Fair indeed; enjoy the cloak."" heard by [1]
  reviews=53 changes=0 finished=82 attacked=0 combat began=1 spoken to=14
  fingerprint b77aaee40c30e9a1

the first question in full -- 3536 characters, digest a0db2c61ed7b1b00

    You are Rook, one character in a world of many.
    
    Choose the one thing your character does next.
    
    The actions, and the keys each one takes:
      go_to          target=#<id> or (<x>, <z>)
      go_to          offset=(<x from here>, <z from here>)
      jump           target=(<x>, <z>)
      attack         target=#<id> item=<what you mean>
      say            text=<what you mean> target=#<id> (may be left out)
      trade_propose  target=#<id> give=[<a name>, <another name>] (may be left out) give_money=<a whole number> (may be left out) want=[<a name>, <another name>] (may be left out) want_money=<a whole number> (may be left out)
      trade_accept   target=#<id>
      trade_deny     target=#<id>
      pick_up        item=<what you mean> target=#<id> (may be left out)
      drop           item=<what you mean> target=#<id> (may be left out)
      examine        target=#<id> or <a name>
      interact       target=#<id> item=<what you mean> (may be left out)
      wait           ticks=<a whole number>
      equip          item=<what you mean>
      unequip        item=<what you mean>
      use            item=<what you mean>
    
    Or answer with one of these three instead, which are not actions and touch only what you remember and what you are after:
      recall         about=<what you mean>   -- look back through everything you remember for anything about it
      learn          text=<what you mean>   -- keep one sentence in mind from now on, in every later moment
      done           goal=<a whole number>   -- say that one of the things you are after, by its number, is done
    
    A key marked (may be left out) can be left out.
    An action printed on more than one line has that many shapes: write one of the lines, not two.
    Values are written like this: id is #<id>; position is (<x>, <z>); offset is (<x from here>, <z from here>); id-or-position is #<id> or (<x>, <z>); id-or-name is #<id> or <a name>; text is <what you mean>; count is <a whole number>; names is [<a name>, <another name>].
    
    What you can see from where you are standing:
    
    observation for #2 Rook
      you        commander level 2 status 2 hp 32/32 at (-478, -2, 416) facing 0.00 in the world
      carrying   silk cloak (8 coins)
      wearing    nothing
      entities   2 within 40.0
        #7   commander  Pell     (+2.0, +0.2, +6.0)   6.32 seen   doing nothing        health unhurt     wearing -
        #1   commander  Wren     (-8.0, -0.1, +0.0)   8.00 seen   doing say you        health unhurt     wearing -
      objects    1 within 40.0
        #6   pile       pile     (+7.0, +0.0, +0.0)   7.00 seen   open holds 1, 0 coins
      ground     7x7 cells of 3.0, north up, east right; each mark is followed by how far that cell stands above you
      legend     @ where you stand; ~ a hole with nothing to stand on; x a building; # a face of ground too tall to climb; ! the edge of a drop; . ground to walk on; ? not read
        .0   .0   .0   .0   .0   .1   .1  
        .0   .0   .0   .0   .0   .0   .1  
        .0   .0   .0   .0   .0   .0   .0  
        .0   .0   .0   @0   .0   .0   .0  
        !-1  !0   .0   .0   .0   .0   .0  
        ~-   ~-   !0   .0   .0   .0   .0  
        ~-   ~-   ~-   !-1  !-1  .-1  .-1 
      heard      0 lines of speech, oldest first
      recently   0 changes
    
    What you are after: nothing in particular.
    
    What you remember:
      lessons    0 you have kept
      lately     the last 3 of 3 things you remember
        - I saw Pell (#7), a commander, about 6m away.
        - I saw Wren (#1), a commander, about 8m away.
        - I saw a pile (#6) about 7m away, open, holding 1 thing and 0 coins.
    
    Answer with one line: the action or the tool, then its keys. Nothing else.
      actual:   Godot Engine v4.7.2.stable.official.ed1daf0bf - https://godotengine.org

model cast run seed=1234 ticks=160 where=(-480.0, 420.0)
  cast       5 of the 6 characters decide through a model; Wren is driven by a person's choices written down in advance
  channel    replay -- the shipped run replays the recorded exchange, so it needs no key, no network and no model, and two processes print the same bytes
  recording  recorded 2026-09-10 from z-ai/glm-5.3-flash at https://openrouter.ai/api/v1/chat/completions, 91 replies
  prompt     every action of the one list, the observation packet,
             and what this character remembers -- every lesson it has kept
             and the last few lines of its own log, with the three tools
             that look further back, keep a new lesson and close a goal;
             no rule about distance, reach, cost, damage or possibility;
             and what this character is after, as several structured goals
             off its own sheet -- wanted states of the world, in the order
             they press, with no step, no giver and no reward. Only Pell
             was set out after anything; the rest are told, in one line,
             that they are after nothing in particular.
    Wren   #1 driven by a person Wren level=2 status=2 hp=32/32 [str 5 con 4 cha 3 dex 4 wis 3 int 2]
    Rook   #2 driven by a model  Rook level=2 status=2 hp=32/32 [str 5 con 4 cha 3 dex 4 wis 3 int 2]
    Bram   #3 driven by a model  Bram level=3 status=3 hp=38/38 [str 5 con 4 cha 3 dex 4 wis 3 int 2]
    Sable  #4 driven by a model  Sable level=3 status=3 hp=38/38 [str 5 con 4 cha 3 dex 4 wis 3 int 2]
    Odo    #5 driven by a model  Odo level=1 status=1 hp=26/26 [str 5 con 4 cha 3 dex 4 wis 3 int 2]
    Pell   #7 driven by a model  Pell level=2 status=2 hp=32/32 [str 5 con 4 cha 3 dex 4 wis 3 int 2]
    tick 0 actors=6 objects=1 offers=0
      #1 commander band=1 at (-486.000, -2.460, 416.000) hp=32/32 walking
        carries money=30 carried=[] worn=[]
      #2 commander band=1 at (-478.000, -2.352, 416.000) hp=32/32 walking
        carries money=8 carried=[common armour chestplate L2 P=8 mov=4 def=4 eff=0 dex [] silk cloak] worn=[]
      #3 commander band=3 at (-436.000, 0.952, 407.000) hp=38/38 walking
        carries money=0 carried=[common armour boots L2 P=8 mov=4 def=4 eff=0 dex [] common boots | common weapon hand L3 P=12 mov=0 def=0 eff=12 str [sword:12] common sword] worn=[boots=common armour boots L2 P=8 mov=4 def=4 eff=0 dex [] common boots hand=common weapon hand L3 P=12 mov=0 def=0 eff=12 str [sword:12] common sword]
      #4 commander band=4 at (-424.000, 2.169, 407.000) hp=38/38 walking
        carries money=0 carried=[common armour boots L2 P=8 mov=4 def=4 eff=0 dex [] common boots | common weapon hand L3 P=12 mov=0 def=0 eff=12 str [spear:12] common spear] worn=[boots=common armour boots L2 P=8 mov=4 def=4 eff=0 dex [] common boots hand=common weapon hand L3 P=12 mov=0 def=0 eff=12 str [spear:12] common spear]
      #5 commander band=5 at (-484.000, 0.568, 472.000) hp=26/26 walking
        carries money=0 carried=[] worn=[]
      #7 commander band=1 at (-476.000, -2.195, 422.000) hp=32/32 walking
        carries money=9 carried=[] worn=[]
      #6 pile at (-471.000, -2.340, 416.000) open [1 carried, 0 equipped, 0 money]

t=  1  Wren   began say(text=good morning target=2), 5 ticks
t=  1  Rook   has not decided yet, and waits in the world
t=  1  Bram   has not decided yet, and waits in the world
t=  1  Sable  has not decided yet, and waits in the world
t=  1  Odo    has not decided yet, and waits in the world
t=  1  Pell   has not decided yet, and waits in the world
t=  4  Rook   began say(text=Hello, Pell and Wren. What's in that pile? target=7), 5 ticks
t=  4  Bram   began examine(target=6), 4 ticks
t=  4  Sable  began go_to(target=3), 11 ticks
t=  4  Odo    began go_to(offset=(6.000, 0.000)), 7 ticks
t=  4  Pell   began go_to(target=2), 5 ticks
t=  6  Wren   finished say(text=good morning target=2) -> say ok shout=false heard_by=1 check=1 context=persuade:#2
t=  6  Wren   began go_to(target=6), 14 ticks
t=  6  Rook   interrupted (spoken to), abandoned say(text=Hello, Pell and Wren. What's in that pile? target=7) 2/5t
t=  6  Rook   began say(text=Hello, Pell and Wren. What's in that pile? target=7), 5 ticks
t=  8  Bram   finished examine(target=6) -> examine ok id=6 name=pile kind=pile shut=false holds=1 money=0 distance=36.139
t=  8  Bram   has not decided yet, and waits in the world
t=  8  --     Bram and somebody of another band have met
    snap-in around #3 at (-436.000, 0.952, 407.000) radius=24.0 span=30.0 storey=0 joined=2
    snap-in board d28edee217164a8f cells=441 standable=435 holes=6 cliffs=8
    snap-in #3 (-436.000, 407.000) -> cell (-146,135) centre (-436.500, 406.500) moved 0.707 rings=0
    snap-in #4 (-427.600, 407.000) -> cell (-143,135) centre (-427.500, 406.500) moved 0.510 rings=0
    board d28edee217164a8f cells=441 standable=435 holes=6 cliffs=8
    dice seed=2756302612 swing=92..108
    commanders 2
      #1 commander owner=1 level=3 hp=38/38 def=0 power=0
      #2 commander owner=2 level=3 hp=38/38 def=0 power=0
    round 1 turn #1 at (-146,135) facing=north hp=38/38 def=0 sword + boots(4/4)
t=  9  Sable  thought again at 5/11t, wanted the same thing
t=  9  Odo    thought again at 5/7t, wanted the same thing
t=  9  Pell   finished go_to(target=2) -> go_to ok at=(-477.423, 417.731) walked=4.5 steps=5
t=  9  Pell   has not decided yet, and waits in the world
t=  9  Sable  interrupted (combat began), abandoned go_to(target=3) 5/11t
      move #1 (-146,135)->(-145,135)
      face #1 east
    round 1 turn #2 at (-143,135) facing=north hp=38/38 def=0 spear + boots(4/4)
t= 10  Sable  began go_to(target=3), 4 ticks
      face #2 west
    round 2 turn #1 at (-145,135) facing=east hp=38/38 def=0 sword + boots(4/4)
t= 11  Wren   thought again at 5/14t, wanted the same thing
t= 11  Rook   finished say(text=Hello, Pell and Wren. What's in that pile? target=7) -> say ok shout=false heard_by=1 check=2 context=persuade:#7
t= 11  Rook   has not decided yet, and waits in the world
t= 11  Bram   began say(text=Hail, traveler! What brings you here? target=4), 5 ticks
t= 11  Odo    finished go_to(offset=(6.000, 0.000)) -> go_to ok at=(-478.000, 472.000) walked=6.0 steps=7
t= 11  Odo    has not decided yet, and waits in the world
      face #1 east
    round 2 turn #2 at (-143,135) facing=west hp=38/38 def=0 spear + boots(4/4)
t= 12  Pell   began go_to(target=2), 1 ticks
      face #2 west
    round 3 turn #1 at (-145,135) facing=east hp=38/38 def=0 sword + boots(4/4)
t= 13  Pell   finished go_to(target=2) -> go_to ok at=(-477.423, 417.731) walked=0.0 steps=0
t= 13  Pell   has not decided yet, and waits in the world
      face #1 east
    round 3 turn #2 at (-143,135) facing=west hp=38/38 def=0 spear + boots(4/4)
t= 14  Rook   began examine(target=6), 4 ticks
t= 14  Sable  finished go_to(target=3) -> go_to refused: the board decides where a fighter goes
t= 14  Sable  has not decided yet, and waits in the world
t= 14  Odo    began go_to(offset=(3.000, 0.000)), 3 ticks
      face #2 west
    round 4 turn #1 at (-145,135) facing=east hp=38/38 def=0 sword + boots(4/4)
      face #1 east
    round 4 turn #2 at (-143,135) facing=west hp=38/38 def=0 spear + boots(4/4)
t= 16  Wren   thought again at 10/14t, wanted the same thing
t= 16  Bram   finished say(text=Hail, traveler! What brings you here? target=4) -> say ok shout=false heard_by=1 check=3 context=persuade:#4
t= 16  Pell   began say(text=Let's look. I'll check the pile. target=2), 5 ticks
      face #2 west
    round 5 turn #1 at (-145,135) facing=east hp=38/38 def=0 sword + boots(4/4)
t= 17  Bram   has not decided yet, and waits in the world
t= 17  Odo    finished go_to(offset=(3.000, 0.000)) -> go_to ok at=(-475.300, 472.000) walked=2.7 steps=3
t= 17  Odo    has not decided yet, and waits in the world
      face #1 east
    round 5 turn #2 at (-143,135) facing=west hp=38/38 def=0 spear + boots(4/4)
t= 18  Rook   finished examine(target=6) -> examine ok id=6 name=pile kind=pile shut=false holds=1 money=0 distance=7.0
t= 18  Rook   has not decided yet, and waits in the world
t= 18  Sable  began say(text=Hail, traveler! I am Sable. target=3), 5 ticks
      face #2 west
    round 6 turn #1 at (-145,135) facing=east hp=38/38 def=0 sword + boots(4/4)
      face #1 east
    round 6 turn #2 at (-143,135) facing=west hp=38/38 def=0 spear + boots(4/4)
t= 20  Wren   finished go_to(target=6) -> go_to ok at=(-473.400, 416.000) walked=12.6 steps=14
t= 20  Wren   began pick_up(item=brass lantern), 3 ticks
t= 20  Odo    began go_to(offset=(3.000, 0.000)), 3 ticks
      face #2 west
    round 7 turn #1 at (-145,135) facing=east hp=38/38 def=0 sword + boots(4/4)
t= 21  Rook   began examine(target=6), 4 ticks
t= 21  Bram   began wait(ticks=5), 5 ticks
t= 21  Pell   finished say(text=Let's look. I'll check the pile. target=2) -> say ok shout=false heard_by=1 check=4 context=persuade:#2
t= 21  Pell   has not decided yet, and waits in the world
t= 21  Rook   interrupted (spoken to), abandoned examine(target=6) 0/4t
t= 21  Rook   began examine(target=6), 4 ticks
      face #1 east
    round 7 turn #2 at (-143,135) facing=west hp=38/38 def=0 spear + boots(4/4)
      face #2 west
    round 8 turn #1 at (-145,135) facing=east hp=38/38 def=0 sword + boots(4/4)
t= 23  Wren   finished pick_up(item=brass lantern) -> pick_up ok item=brass lantern from=6
t= 23  Wren   began go_to(target=2), 3 ticks
t= 23  Sable  finished say(text=Hail, traveler! I am Sable. target=3) -> say ok shout=false heard_by=1 check=5 context=persuade:#3
t= 23  Odo    finished go_to(offset=(3.000, 0.000)) -> go_to ok at=(-472.600, 472.000) walked=2.7 steps=3
t= 23  Odo    has not decided yet, and waits in the world
t= 23  Bram   interrupted (spoken to), abandoned wait(ticks=5) 2/5t
t= 23  Bram   began wait(ticks=5), 5 ticks
      face #1 east
    round 8 turn #2 at (-143,135) facing=west hp=38/38 def=0 spear + boots(4/4)
t= 24  Sable  has not decided yet, and waits in the world
t= 24  Pell   began examine(target=6), 4 ticks
      face #2 west
    round 9 turn #1 at (-145,135) facing=east hp=38/38 def=0 sword + boots(4/4)
t= 25  Rook   finished examine(target=6) -> examine refused: there is nothing with id 6
t= 25  Rook   has not decided yet, and waits in the world
      face #1 east
    round 9 turn #2 at (-143,135) facing=west hp=38/38 def=0 spear + boots(4/4)
t= 26  Wren   finished go_to(target=2) -> go_to ok at=(-476.100, 416.000) walked=2.7 steps=3
t= 26  Wren   began trade_propose(target=2 give=[] give_money=12 want=[silk cloak] want_money=0), 4 ticks
t= 26  Odo    began go_to(offset=(3.000, 0.000)), 3 ticks
      face #2 west
    round 10 turn #1 at (-145,135) facing=east hp=38/38 def=0 sword + boots(4/4)
      face #1 east
    round 10 turn #2 at (-143,135) facing=west hp=38/38 def=0 spear + boots(4/4)
t= 28  Rook   began say(text="Let me know what you find in it." target=7), 5 ticks
t= 28  Bram   finished wait(ticks=5) -> wait ok ticks=5 until=33
t= 28  Sable  began say(text="I wander these lands seeking purpose, friend. What of you?" target=3), 5 ticks
t= 28  Pell   finished examine(target=6) -> examine refused: there is nothing with id 6
t= 28  Pell   has not decided yet, and waits in the world
      face #2 west
    round 11 turn #1 at (-145,135) facing=east hp=38/38 def=0 sword + boots(4/4)
t= 29  Bram   has not decided yet, and waits in the world
t= 29  Odo    finished go_to(offset=(3.000, 0.000)) -> go_to ok at=(-469.900, 472.000) walked=2.7 steps=3
t= 29  Odo    has not decided yet, and waits in the world
      face #1 east
    round 11 turn #2 at (-143,135) facing=west hp=38/38 def=0 spear + boots(4/4)
t= 30  Wren   finished trade_propose(target=2 give=[] give_money=12 want=[silk cloak] want_money=0) -> trade_propose ok to=2 give=0 give_money=12 want=1 want_money=0
t= 30  Wren   began wait(ticks=8), 8 ticks
      face #2 west
    round 12 turn #1 at (-145,135) facing=east hp=38/38 def=0 sword + boots(4/4)
t= 31  Pell   began go_to(target=6), 20 ticks
      face #1 east
    round 12 turn #2 at (-143,135) facing=west hp=38/38 def=0 spear + boots(4/4)
t= 32  Odo    began go_to(offset=(3.000, 0.000)), 3 ticks
      face #2 west
    round 13 turn #1 at (-145,135) facing=east hp=38/38 def=0 sword + boots(4/4)
t= 33  Rook   finished say(text="Let me know what you find in it." target=7) -> say ok shout=false heard_by=1 check=6 context=persuade:#7
t= 33  Rook   has not decided yet, and waits in the world
t= 33  Bram   began say(text=Well met, Sable. I am Bram. Might you have goods to trade, or news of the road? target=4), 5 ticks
t= 33  Sable  finished say(text="I wander these lands seeking purpose, friend. What of you?" target=3) -> say ok shout=false heard_by=1 check=7 context=persuade:#3
t= 33  Bram   interrupted (spoken to), abandoned say(text=Well met, Sable. I am Bram. Might you have goods to trade, or news of the road? target=4) 0/5t
t= 33  Pell   interrupted (spoken to), abandoned go_to(target=6) 2/20t
t= 33  Pell   began go_to(target=6), 20 ticks
      face #1 east
    round 13 turn #2 at (-143,135) facing=west hp=38/38 def=0 spear + boots(4/4)
t= 34  Sable  has not decided yet, and waits in the world
      face #2 west
    round 14 turn #1 at (-145,135) facing=east hp=38/38 def=0 sword + boots(4/4)
t= 35  Wren   thought again at 5/8t, wanted the same thing
t= 35  Bram   began say(text=Well met, Sable. I am Bram. Might you have goods to trade, or news of the road? target=4), 5 ticks
t= 35  Odo    finished go_to(offset=(3.000, 0.000)) -> go_to ok at=(-467.200, 472.000) walked=2.7 steps=3
t= 35  Odo    has not decided yet, and waits in the world
      face #1 east
    round 14 turn #2 at (-143,135) facing=west hp=38/38 def=0 spear + boots(4/4)
t= 36  Rook   began trade_accept(target=1), 3 ticks
      face #2 west
    round 15 turn #1 at (-145,135) facing=east hp=38/38 def=0 sword + boots(4/4)
      face #1 east
    round 15 turn #2 at (-143,135) facing=west hp=38/38 def=0 spear + boots(4/4)
t= 38  Wren   finished wait(ticks=8) -> wait ok ticks=8 until=46
t= 38  Wren   began examine(target=silk cloak), 4 ticks
t= 38  Sable  began say(text="I seek a purpose worth a spear, Bram. Might you know of work or trouble nearby?" target=3), 5 ticks
t= 38  Odo    began go_to(offset=(6.000, 0.000)), 7 ticks
t= 38  Pell   thought again at 5/20t, wanted the same thing
      face #2 west
    round 16 turn #1 at (-145,135) facing=east hp=38/38 def=0 sword + boots(4/4)
t= 39  Rook   finished trade_accept(target=1) -> trade_accept ok from=1 took=0 took_money=12 gave=1 gave_money=0
t= 39  Rook   has not decided yet, and waits in the world
      face #1 east
    round 16 turn #2 at (-143,135) facing=west hp=38/38 def=0 spear + boots(4/4)
t= 40  Bram   finished say(text=Well met, Sable. I am Bram. Might you have goods to trade, or news of the road? target=4) -> say ok shout=false heard_by=1 check=8 context=persuade:#4
t= 40  Sable  interrupted (spoken to), abandoned say(text="I seek a purpose worth a spear, Bram. Might you know of work or trouble nearby?" target=3) 2/5t
t= 40  Sable  began say(text="I seek a purpose worth a spear, Bram. Might you know of work or trouble nearby?" target=3), 5 ticks
      face #2 west
    round 17 turn #1 at (-145,135) facing=east hp=38/38 def=0 sword + boots(4/4)
t= 41  Bram   has not decided yet, and waits in the world
      face #1 east
    round 17 turn #2 at (-143,135) facing=west hp=38/38 def=0 spear + boots(4/4)
t= 42  Wren   finished examine(target=silk cloak) -> examine ok item=silk cloak seen=common armour chestplate L2 P=8 mov=4 def=4 eff=0 dex [] silk cloak
t= 42  Wren   began say(text=a fair bargain), 5 ticks
t= 42  Rook   began say(text="Good morning, Wren. Pell's checking that pile over there." target=1), 5 ticks
      face #2 west
    round 18 turn #1 at (-145,135) facing=east hp=38/38 def=0 sword + boots(4/4)
t= 43  Odo    thought again at 5/7t, wanted the same thing
t= 43  Pell   thought again at 10/20t, wanted the same thing
      face #1 east
    round 18 turn #2 at (-143,135) facing=west hp=38/38 def=0 spear + boots(4/4)
      face #2 west
    round 19 turn #1 at (-145,135) facing=east hp=38/38 def=0 sword + boots(4/4)
t= 45  Bram   began trade_propose(target=4 give=[common sword] want=[common spear]), 4 ticks
t= 45  Sable  finished say(text="I seek a purpose worth a spear, Bram. Might you know of work or trouble nearby?" target=3) -> say ok shout=false heard_by=1 check=9 context=persuade:#3
t= 45  Odo    finished go_to(offset=(6.000, 0.000)) -> go_to ok at=(-461.200, 472.000) walked=6.0 steps=7
t= 45  Odo    has not decided yet, and waits in the world
t= 45  Bram   interrupted (spoken to), abandoned trade_propose(target=4 give=[common sword] want=[common spear]) 0/4t
      face #1 east
    round 19 turn #2 at (-143,135) facing=west hp=38/38 def=0 spear + boots(4/4)
t= 46  Sable  has not decided yet, and waits in the world
      face #2 west
    round 20 turn #1 at (-145,135) facing=east hp=38/38 def=0 sword + boots(4/4)
t= 47  Wren   finished say(text=a fair bargain) -> say ok shout=true heard_by=2
t= 47  Wren   began wait(ticks=24), 24 ticks
t= 47  Rook   finished say(text="Good morning, Wren. Pell's checking that pile over there." target=1) -> say ok shout=false heard_by=1 check=10 context=persuade:#1
t= 47  Rook   has not decided yet, and waits in the world
t= 47  Bram   began trade_propose(target=4 give=[common sword] want=[common spear]), 4 ticks
t= 47  Wren   interrupted (spoken to), abandoned wait(ticks=24) 0/24t
t= 47  Wren   began wait(ticks=24), 24 ticks
      face #1 east
    round 20 turn #2 at (-143,135) facing=west hp=38/38 def=0 spear + boots(4/4)
t= 48  Odo    began go_to(offset=(6.000, 0.000)), 7 ticks
t= 48  Pell   thought again at 15/20t, wanted the same thing
      face #2 west
    round 21 turn #1 at (-145,135) facing=east hp=38/38 def=0 sword + boots(4/4)
      face #1 east
    round 21 turn #2 at (-143,135) facing=west hp=38/38 def=0 spear + boots(4/4)
t= 50  Rook   began wait(ticks=5), 5 ticks
t= 50  Sable  began say(text="I carry little but my spear and boots, friend. If you've work or coin, I'm your blade." target=3), 5 ticks
      face #2 west
    round 22 turn #1 at (-145,135) facing=east hp=38/38 def=0 sword + boots(4/4)
t= 51  Bram   finished trade_propose(target=4 give=[common sword] want=[common spear]) -> trade_propose refused: Sable is out of reach (6.00 > 2.50)
t= 51  Bram   has not decided yet, and waits in the world
      face #1 east
    round 22 turn #2 at (-143,135) facing=west hp=38/38 def=0 spear + boots(4/4)
t= 52  Wren   thought again at 5/24t, wanted the same thing
      face #2 west
    round 23 turn #1 at (-145,135) facing=east hp=38/38 def=0 sword + boots(4/4)
t= 53  Odo    thought again at 5/7t, wanted the same thing
t= 53  Pell   finished go_to(target=6) -> go_to refused: there is nothing with id 6
t= 53  Pell   has not decided yet, and waits in the world
      face #1 east
    round 23 turn #2 at (-143,135) facing=west hp=38/38 def=0 spear + boots(4/4)
      face #2 west
    round 24 turn #1 at (-145,135) facing=east hp=38/38 def=0 sword + boots(4/4)
t= 55  Rook   finished wait(ticks=5) -> wait ok ticks=5 until=60
t= 55  Rook   has not decided yet, and waits in the world
t= 55  Bram   began say(text="I've seen no trouble yet, but there's a pile of goods some 40 paces east of here, unclaimed. Care to walk with me and see what fortune holds?" target=4), 5 ticks
t= 55  Sable  finished say(text="I carry little but my spear and boots, friend. If you've work or coin, I'm your blade." target=3) -> say ok shout=false heard_by=1 check=11 context=persuade:#3
t= 55  Odo    finished go_to(offset=(6.000, 0.000)) -> go_to ok at=(-455.200, 472.000) walked=6.0 steps=7
t= 55  Odo    has not decided yet, and waits in the world
t= 55  Bram   interrupted (spoken to), abandoned say(text="I've seen no trouble yet, but there's a pile of goods some 40 paces east of here, unclaimed. Care to walk with me and see what fortune holds?" target=4) 0/5t
      face #1 east
    round 24 turn #2 at (-143,135) facing=west hp=38/38 def=0 spear + boots(4/4)
t= 56  Sable  has not decided yet, and waits in the world
t= 56  Pell   began go_to(target=6), 20 ticks
      face #2 west
    round 25 turn #1 at (-145,135) facing=east hp=38/38 def=0 sword + boots(4/4)
t= 57  Wren   thought again at 10/24t, wanted the same thing
t= 57  Bram   began say(text="I've seen no trouble yet, but there's a pile of goods some 40 paces east of here, unclaimed. Care to walk with me and see what fortune holds?" target=4), 5 ticks
      face #1 east
    round 25 turn #2 at (-143,135) facing=west hp=38/38 def=0 spear + boots(4/4)
t= 58  Rook   began wait(ticks=5), 5 ticks
t= 58  Odo    began go_to(offset=(3.000, 0.000)), 3 ticks
      face #2 west
    round 26 turn #1 at (-145,135) facing=east hp=38/38 def=0 sword + boots(4/4)
      face #1 east
    round 26 turn #2 at (-143,135) facing=west hp=38/38 def=0 spear + boots(4/4)
t= 60  Sable  began say(text="No goods worth coin, Bram - only this spear and these boots. Point me at work or trouble, and any news I gather on the road is yours to hear." target=3), 5 ticks
      face #2 west
    round 27 turn #1 at (-145,135) facing=east hp=38/38 def=0 sword + boots(4/4)
t= 61  Odo    finished go_to(offset=(3.000, 0.000)) -> go_to ok at=(-452.500, 472.000) walked=2.7 steps=3
t= 61  Odo    has not decided yet, and waits in the world
t= 61  Pell   thought again at 5/20t, wanted the same thing
      face #1 east
    round 27 turn #2 at (-143,135) facing=west hp=38/38 def=0 spear + boots(4/4)
t= 62  Wren   thought again at 15/24t, wanted the same thing
t= 62  Bram   finished say(text="I've seen no trouble yet, but there's a pile of goods some 40 paces east of here, unclaimed. Care to walk with me and see what fortune holds?" target=4) -> say ok shout=false heard_by=1 check=12 context=persuade:#4
t= 62  Sable  interrupted (spoken to), abandoned say(text="No goods worth coin, Bram - only this spear and these boots. Point me at work or trouble, and any news I gather on the road is yours to hear." target=3) 2/5t
t= 62  Sable  began say(text="No goods worth coin, Bram - only this spear and these boots. Point me at work or trouble, and any news I gather on the road is yours to hear." target=3), 5 ticks
      face #2 west
    round 28 turn #1 at (-145,135) facing=east hp=38/38 def=0 sword + boots(4/4)
t= 63  Rook   finished wait(ticks=5) -> wait ok ticks=5 until=68
t= 63  Rook   has not decided yet, and waits in the world
t= 63  Bram   has not decided yet, and waits in the world
      face #1 east
    round 28 turn #2 at (-143,135) facing=west hp=38/38 def=0 spear + boots(4/4)
t= 64  Odo    began go_to(offset=(6.000, 0.000)), 7 ticks
      face #2 west
    round 29 turn #1 at (-145,135) facing=east hp=38/38 def=0 sword + boots(4/4)
      face #1 east
    round 29 turn #2 at (-143,135) facing=west hp=38/38 def=0 spear + boots(4/4)
t= 66  Rook   began say(text=Did you find anything in the pile? target=7), 5 ticks
t= 66  Pell   thought again at 10/20t, wanted the same thing
      face #2 west
    round 30 turn #1 at (-145,135) facing=east hp=38/38 def=0 sword + boots(4/4)
t= 67  Wren   thought again at 20/24t, wanted the same thing
t= 67  Bram   began go_to(offset=(40.000, 0.000)), 20 ticks
t= 67  Sable  finished say(text="No goods worth coin, Bram - only this spear and these boots. Point me at work or trouble, and any news I gather on the road is yours to hear." target=3) -> say ok shout=false heard_by=1 check=13 context=persuade:#3
t= 67  Bram   interrupted (spoken to), abandoned go_to(offset=(40.000, 0.000)) 0/20t
      face #1 east
    round 30 turn #2 at (-143,135) facing=west hp=38/38 def=0 spear + boots(4/4)
t= 68  Sable  has not decided yet, and waits in the world
      face #2 west
    round 31 turn #1 at (-145,135) facing=east hp=38/38 def=0 sword + boots(4/4)
t= 69  Bram   began go_to(offset=(40.000, 0.000)), 20 ticks
t= 69  Odo    thought again at 5/7t, wanted the same thing
      face #1 east
    round 31 turn #2 at (-143,135) facing=west hp=38/38 def=0 spear + boots(4/4)
      face #2 west
    round 32 turn #1 at (-145,135) facing=east hp=38/38 def=0 sword + boots(4/4)
t= 71  Wren   finished wait(ticks=24) -> wait ok ticks=24 until=95
t= 71  Wren   began say(text=what was that noise?), 5 ticks
t= 71  Rook   finished say(text=Did you find anything in the pile? target=7) -> say ok shout=false heard_by=1 check=14 context=persuade:#7
t= 71  Rook   has not decided yet, and waits in the world
t= 71  Odo    finished go_to(offset=(6.000, 0.000)) -> go_to ok at=(-446.500, 472.000) walked=6.0 steps=7
t= 71  Odo    has not decided yet, and waits in the world
t= 71  Pell   thought again at 15/20t, wanted the same thing
t= 71  Pell   interrupted (spoken to), abandoned go_to(target=6) 15/20t
t= 71  Pell   began go_to(target=6), 20 ticks
      face #1 east
    round 32 turn #2 at (-143,135) facing=west hp=38/38 def=0 spear + boots(4/4)
t= 72  Sable  began say(text="Lead on, Bram - I'll walk east with you and we'll split whatever that pile holds." target=3), 5 ticks
      face #2 west
    round 33 turn #1 at (-145,135) facing=east hp=38/38 def=0 sword + boots(4/4)
      face #1 east
    round 33 turn #2 at (-143,135) facing=west hp=38/38 def=0 spear + boots(4/4)
t= 74  Rook   began say(text="What bargain is that, Wren?" target=1), 5 ticks
t= 74  Bram   thought again at 5/20t, wanted the same thing
t= 74  Odo    began go_to(offset=(6.000, 0.000)), 7 ticks
      face #2 west
    round 34 turn #1 at (-145,135) facing=east hp=38/38 def=0 sword + boots(4/4)
      face #1 east
    round 34 turn #2 at (-143,135) facing=west hp=38/38 def=0 spear + boots(4/4)
t= 76  Wren   finished say(text=what was that noise?) -> say ok shout=true heard_by=2
t= 76  Wren   has not decided yet, and waits in the world
t= 76  Pell   thought again at 5/20t, wanted the same thing
      face #2 west
    round 35 turn #1 at (-145,135) facing=east hp=38/38 def=0 sword + boots(4/4)
t= 77  Sable  finished say(text="Lead on, Bram - I'll walk east with you and we'll split whatever that pile holds." target=3) -> say ok shout=false heard_by=1 check=15 context=persuade:#3
t= 77  Bram   interrupted (spoken to), abandoned go_to(offset=(40.000, 0.000)) 8/20t
t= 77  Bram   began go_to(offset=(40.000, 0.000)), 20 ticks
      face #1 east
    round 35 turn #2 at (-143,135) facing=west hp=38/38 def=0 spear + boots(4/4)
t= 78  Sable  has not decided yet, and waits in the world
      face #2 west
    round 36 turn #1 at (-145,135) facing=east hp=38/38 def=0 sword + boots(4/4)
t= 79  Rook   finished say(text="What bargain is that, Wren?" target=1) -> say ok shout=false heard_by=1 check=16 context=persuade:#1
t= 79  Rook   has not decided yet, and waits in the world
t= 79  Odo    thought again at 5/7t, wanted the same thing
      face #1 east
    round 36 turn #2 at (-143,135) facing=west hp=38/38 def=0 spear + boots(4/4)
      face #2 west
    round 37 turn #1 at (-145,135) facing=east hp=38/38 def=0 sword + boots(4/4)
t= 81  Odo    finished go_to(offset=(6.000, 0.000)) -> go_to ok at=(-440.500, 472.000) walked=6.0 steps=7
t= 81  Odo    has not decided yet, and waits in the world
t= 81  Pell   thought again at 10/20t, wanted the same thing
      face #1 east
    round 37 turn #2 at (-143,135) facing=west hp=38/38 def=0 spear + boots(4/4)
t= 82  Rook   began say(text="Not sure what the noise was — maybe Pell rustling through that pile. Now, what bargain did you mean?" target=1), 5 ticks
t= 82  Bram   thought again at 5/20t, wanted the same thing
t= 82  Sable  began go_to(offset=(6.000, 0.000)), 7 ticks
      face #2 west
    round 38 turn #1 at (-145,135) facing=east hp=38/38 def=0 sword + boots(4/4)
      face #1 east
    round 38 turn #2 at (-143,135) facing=west hp=38/38 def=0 spear + boots(4/4)
t= 84  Odo    began go_to(offset=(3.000, 0.000)), 3 ticks
      face #2 west
    round 39 turn #1 at (-145,135) facing=east hp=38/38 def=0 sword + boots(4/4)
      face #1 east
    round 39 turn #2 at (-143,135) facing=west hp=38/38 def=0 spear + boots(4/4)
t= 86  Pell   thought again at 15/20t, wanted the same thing
      face #2 west
    round 40 turn #1 at (-145,135) facing=east hp=38/38 def=0 sword + boots(4/4)
t= 87  Rook   finished say(text="Not sure what the noise was — maybe Pell rustling through that pile. Now, what bargain did you mean?" target=1) -> say ok shout=false heard_by=1 check=17 context=persuade:#1
t= 87  Rook   has not decided yet, and waits in the world
t= 87  Bram   thought again at 10/20t, wanted the same thing
t= 87  Sable  thought again at 5/7t, wanted the same thing
t= 87  Odo    finished go_to(offset=(3.000, 0.000)) -> go_to ok at=(-437.800, 472.000) walked=2.7 steps=3
t= 87  Odo    has not decided yet, and waits in the world
      face #1 east
    round 40 turn #2 at (-143,135) facing=west hp=38/38 def=0 spear + boots(4/4)
      face #2 west
    round 41 turn #1 at (-145,135) facing=east hp=38/38 def=0 sword + boots(4/4)
t= 88  --     the fight is over; real time again
    over turns=80 rounds=41 ending=limit survivors=2 fallen=0
    snap-out #3 cell (-145,135) -> (-433.500, 1.164, 406.500) back to cell (-145,135) hp=38/38
    snap-out #4 cell (-143,135) -> (-427.500, 1.609, 406.500) back to cell (-143,135) hp=38/38
t= 89  Sable  finished go_to(offset=(6.000, 0.000)) -> go_to ok at=(-421.500, 406.500) walked=6.0 steps=7
t= 89  Sable  has not decided yet, and waits in the world
t= 90  Rook   began wait(ticks=3), 3 ticks
t= 90  Odo    began go_to(offset=(3.000, 0.000)), 3 ticks
t= 91  Pell   finished go_to(target=6) -> go_to refused: there is nothing with id 6
t= 91  Pell   has not decided yet, and waits in the world
t= 92  Bram   thought again at 15/20t, wanted the same thing
t= 92  Sable  began go_to(offset=(10.000, 0.000)), 11 ticks
t= 92  --     Bram and somebody of another band have met
    snap-in around #3 at (-429.900, 1.322, 406.500) radius=24.0 span=30.0 storey=0 joined=2
    snap-in board 80fbc2b50f73e795 cells=441 standable=439 holes=2 cliffs=7
    snap-in #3 (-429.900, 406.500) -> cell (-144,135) centre (-430.500, 406.500) moved 0.600 rings=0
    snap-in #4 (-421.500, 406.500) -> cell (-141,135) centre (-421.500, 406.500) moved 0.000 rings=0
    board 80fbc2b50f73e795 cells=441 standable=439 holes=2 cliffs=7
    dice seed=2700738740 swing=92..108
    commanders 2
      #1 commander owner=1 level=3 hp=38/38 def=0 power=0
      #2 commander owner=2 level=3 hp=38/38 def=0 power=0
    round 1 turn #1 at (-144,135) facing=east hp=38/38 def=0 sword + boots(4/4)
t= 93  Rook   finished wait(ticks=3) -> wait ok ticks=3 until=96
t= 93  Rook   has not decided yet, and waits in the world
t= 93  Odo    finished go_to(offset=(3.000, 0.000)) -> go_to ok at=(-435.100, 472.000) walked=2.7 steps=3
t= 93  Odo    has not decided yet, and waits in the world
t= 93  Bram   interrupted (combat began), abandoned go_to(offset=(40.000, 0.000)) 16/20t
t= 93  Bram   began go_to(offset=(40.000, 0.000)), 20 ticks
t= 93  Sable  interrupted (combat began), abandoned go_to(offset=(10.000, 0.000)) 1/11t
      move #1 (-144,135)->(-143,135)
      face #1 east
    round 1 turn #2 at (-141,135) facing=west hp=38/38 def=0 spear + boots(4/4)
t= 94  Sable  began go_to(offset=(10.000, 0.000)), 11 ticks
t= 94  Pell   began say(text="I don't see any pile from here — where is it?" target=2), 5 ticks
      face #2 west
    round 2 turn #1 at (-143,135) facing=east hp=38/38 def=0 sword + boots(4/4)
      face #1 east
    round 2 turn #2 at (-141,135) facing=west hp=38/38 def=0 spear + boots(4/4)
t= 96  Rook   began say(text="Ah — I take it the bargain was our trade, Wren. Fair indeed; enjoy the cloak." target=1), 5 ticks
t= 96  Odo    began go_to(offset=(3.000, 0.000)), 3 ticks
      face #2 west
    round 3 turn #1 at (-143,135) facing=east hp=38/38 def=0 sword + boots(4/4)
      face #1 east
    round 3 turn #2 at (-141,135) facing=west hp=38/38 def=0 spear + boots(4/4)
t= 98  Bram   thought again at 5/20t, wanted the same thing
      face #2 west
    round 4 turn #1 at (-143,135) facing=east hp=38/38 def=0 sword + boots(4/4)
t= 99  Sable  thought again at 5/11t, wanted the same thing
t= 99  Odo    finished go_to(offset=(3.000, 0.000)) -> go_to ok at=(-432.400, 472.000) walked=2.7 steps=3
t= 99  Odo    has not decided yet, and waits in the world
t= 99  Pell   finished say(text="I don't see any pile from here — where is it?" target=2) -> say ok shout=false heard_by=1 check=18 context=persuade:#2
t= 99  Pell   has not decided yet, and waits in the world
t= 99  Rook   interrupted (spoken to), abandoned say(text="Ah — I take it the bargain was our trade, Wren. Fair indeed; enjoy the cloak." target=1) 3/5t
t= 99  Rook   began say(text="Ah — I take it the bargain was our trade, Wren. Fair indeed; enjoy the cloak." target=1), 5 ticks
      face #1 east
    round 4 turn #2 at (-141,135) facing=west hp=38/38 def=0 spear + boots(4/4)
      face #2 west
    round 5 turn #1 at (-143,135) facing=east hp=38/38 def=0 sword + boots(4/4)
      face #1 east
    round 5 turn #2 at (-141,135) facing=west hp=38/38 def=0 spear + boots(4/4)
t=102  Odo    began go_to(offset=(3.000, 0.000)), 3 ticks
t=102  Pell   began say(text="I don't see any pile nearby — maybe it's beyond the drop to the south. I'll head that way." target=2), 5 ticks
      face #2 west
    round 6 turn #1 at (-143,135) facing=east hp=38/38 def=0 sword + boots(4/4)
t=103  Bram   thought again at 10/20t, wanted the same thing
      face #1 east
    round 6 turn #2 at (-141,135) facing=west hp=38/38 def=0 spear + boots(4/4)
t=104  Rook   finished say(text="Ah — I take it the bargain was our trade, Wren. Fair indeed; enjoy the cloak." target=1) -> say ok shout=false heard_by=1 check=19 context=persuade:#1
t=104  Rook   has not decided yet, and waits in the world
t=104  Sable  thought again at 10/11t, wanted the same thing
      face #2 west
    round 7 turn #1 at (-143,135) facing=east hp=38/38 def=0 sword + boots(4/4)
t=105  Sable  finished go_to(offset=(10.000, 0.000)) -> go_to refused: the board decides where a fighter goes
t=105  Odo    finished go_to(offset=(3.000, 0.000)) -> go_to ok at=(-429.700, 472.000) walked=2.7 steps=3
t=105  Odo    has not decided yet, and waits in the world
      face #1 east
    round 7 turn #2 at (-141,135) facing=west hp=38/38 def=0 spear + boots(4/4)
t=106  Sable  has not decided yet, and waits in the world
      face #2 west
    round 8 turn #1 at (-143,135) facing=east hp=38/38 def=0 sword + boots(4/4)
t=107  Rook   began say(text="Southwest of us, past the drop by the hole — though it looks picked clean now; I see nothing left of it." target=7), 5 ticks
t=107  Pell   finished say(text="I don't see any pile nearby — maybe it's beyond the drop to the south. I'll head that way." target=2) -> say ok shout=false heard_by=1 check=20 context=persuade:#2
t=107  Pell   has not decided yet, and waits in the world
t=107  Rook   interrupted (spoken to), abandoned say(text="Southwest of us, past the drop by the hole — though it looks picked clean now; I see nothing left of it." target=7) 0/5t
t=107  Rook   began say(text="Southwest of us, past the drop by the hole — though it looks picked clean now; I see nothing left of it." target=7), 5 ticks
      face #1 east
    round 8 turn #2 at (-141,135) facing=west hp=38/38 def=0 spear + boots(4/4)
t=108  Bram   thought again at 15/20t, wanted the same thing
t=108  Odo    began go_to(offset=(12.000, 0.000)), 13 ticks
      face #2 west
    round 9 turn #1 at (-143,135) facing=east hp=38/38 def=0 sword + boots(4/4)
      face #1 east
    round 9 turn #2 at (-141,135) facing=west hp=38/38 def=0 spear + boots(4/4)
t=110  Sable  began go_to(offset=(6.000, 0.000)), 7 ticks
t=110  Pell   began go_to(offset=(0.000, -6.000)), 7 ticks
      face #2 west
    round 10 turn #1 at (-143,135) facing=east hp=38/38 def=0 sword + boots(4/4)
      face #1 east
    round 10 turn #2 at (-141,135) facing=west hp=38/38 def=0 spear + boots(4/4)
t=112  Rook   finished say(text="Southwest of us, past the drop by the hole — though it looks picked clean now; I see nothing left of it." target=7) -> say ok shout=false heard_by=1 check=21 context=persuade:#7
t=112  Rook   has not decided yet, and waits in the world
t=112  Pell   interrupted (spoken to), abandoned go_to(offset=(0.000, -6.000)) 2/7t
t=112  Pell   began go_to(offset=(0.000, -6.000)), 7 ticks
      face #2 west
    round 11 turn #1 at (-143,135) facing=east hp=38/38 def=0 sword + boots(4/4)
t=113  Bram   finished go_to(offset=(40.000, 0.000)) -> go_to refused: the board decides where a fighter goes
t=113  Bram   has not decided yet, and waits in the world
t=113  Odo    thought again at 5/13t, wanted the same thing
      face #1 east
    round 11 turn #2 at (-141,135) facing=west hp=38/38 def=0 spear + boots(4/4)
      face #2 west
    round 12 turn #1 at (-143,135) facing=east hp=38/38 def=0 sword + boots(4/4)
t=115  Rook   began go_to(target=7), 1 ticks
t=115  Sable  thought again at 5/7t, wanted the same thing
      face #1 east
    round 12 turn #2 at (-141,135) facing=west hp=38/38 def=0 spear + boots(4/4)
t=116  Rook   finished go_to(target=7) -> go_to ok at=(-477.816, 415.119) walked=0.9 steps=1
t=116  Rook   has not decided yet, and waits in the world
      face #2 west
    round 13 turn #1 at (-143,135) facing=east hp=38/38 def=0 sword + boots(4/4)
t=117  Bram   began go_to(offset=(40.000, 0.000)), 20 ticks
t=117  Sable  finished go_to(offset=(6.000, 0.000)) -> go_to refused: the board decides where a fighter goes
t=117  Pell   thought again at 5/7t, wanted the same thing
      face #1 east
    round 13 turn #2 at (-141,135) facing=west hp=38/38 def=0 spear + boots(4/4)
t=118  Sable  has not decided yet, and waits in the world
t=118  Odo    thought again at 10/13t, wanted the same thing
      face #2 west
    round 14 turn #1 at (-143,135) facing=east hp=38/38 def=0 sword + boots(4/4)
t=119  Rook   began say(text="Careful, Pell — there's a hole just past the drop; don't fall in." target=7), 5 ticks
t=119  Pell   finished go_to(offset=(0.000, -6.000)) -> go_to ok at=(-477.423, 409.931) walked=6.0 steps=7
t=119  Pell   has not decided yet, and waits in the world
      face #1 east
    round 14 turn #2 at (-141,135) facing=west hp=38/38 def=0 spear + boots(4/4)
      face #2 west
    round 15 turn #1 at (-143,135) facing=east hp=38/38 def=0 sword + boots(4/4)
t=121  Odo    finished go_to(offset=(12.000, 0.000)) -> go_to ok at=(-418.000, 472.000) walked=11.7 steps=13
t=121  Odo    has not decided yet, and waits in the world
      face #1 east
    round 15 turn #2 at (-141,135) facing=west hp=38/38 def=0 spear + boots(4/4)
t=122  Bram   thought again at 5/20t, wanted the same thing
t=122  Sable  began go_to(offset=(6.000, 0.000)), 7 ticks
t=122  Pell   began say(text="Rook, the pile sounds picked clean — I'll head southwest past the drop and look for a brass lantern while I'm out." target=2), 5 ticks
      face #2 west
    round 16 turn #1 at (-143,135) facing=east hp=38/38 def=0 sword + boots(4/4)
      face #1 east
    round 16 turn #2 at (-141,135) facing=west hp=38/38 def=0 spear + boots(4/4)
t=124  Rook   finished say(text="Careful, Pell — there's a hole just past the drop; don't fall in." target=7) -> say ok shout=false heard_by=1 check=22 context=persuade:#7
t=124  Rook   has not decided yet, and waits in the world
t=124  Odo    began go_to(offset=(-6.000, 0.000)), 7 ticks
t=124  Pell   interrupted (spoken to), abandoned say(text="Rook, the pile sounds picked clean — I'll head southwest past the drop and look for a brass lantern while I'm out." target=2) 2/5t
t=124  Pell   began say(text="Rook, the pile sounds picked clean — I'll head southwest past the drop and look for a brass lantern while I'm out." target=2), 5 ticks
      face #2 west
    round 17 turn #1 at (-143,135) facing=east hp=38/38 def=0 sword + boots(4/4)
      face #1 east
    round 17 turn #2 at (-141,135) facing=west hp=38/38 def=0 spear + boots(4/4)
      face #2 west
    round 18 turn #1 at (-143,135) facing=east hp=38/38 def=0 sword + boots(4/4)
t=127  Rook   began go_to(target=7), 4 ticks
t=127  Bram   thought again at 10/20t, wanted the same thing
t=127  Sable  thought again at 5/7t, wanted the same thing
      face #1 east
    round 18 turn #2 at (-141,135) facing=west hp=38/38 def=0 spear + boots(4/4)
      face #2 west
    round 19 turn #1 at (-143,135) facing=east hp=38/38 def=0 sword + boots(4/4)
t=129  Sable  finished go_to(offset=(6.000, 0.000)) -> go_to refused: the board decides where a fighter goes
t=129  Odo    thought again at 5/7t, wanted the same thing
t=129  Pell   finished say(text="Rook, the pile sounds picked clean — I'll head southwest past the drop and look for a brass lantern while I'm out." target=2) -> say ok shout=false heard_by=1 check=23 context=persuade:#2
t=129  Pell   has not decided yet, and waits in the world
t=129  Rook   interrupted (spoken to), abandoned go_to(target=7) 2/4t
t=129  Rook   began go_to(target=7), 2 ticks
      face #1 east
    round 19 turn #2 at (-141,135) facing=west hp=38/38 def=0 spear + boots(4/4)
t=130  Sable  has not decided yet, and waits in the world
      face #2 west
    round 20 turn #1 at (-143,135) facing=east hp=38/38 def=0 sword + boots(4/4)
t=131  Rook   finished go_to(target=7) -> go_to ok at=(-477.544, 411.529) walked=1.8 steps=2
t=131  Rook   has not decided yet, and waits in the world
t=131  Odo    finished go_to(offset=(-6.000, 0.000)) -> go_to ok at=(-424.000, 472.000) walked=6.0 steps=7
t=131  Odo    has not decided yet, and waits in the world
      face #1 east
    round 20 turn #2 at (-141,135) facing=west hp=38/38 def=0 spear + boots(4/4)
t=132  Bram   thought again at 15/20t, wanted the same thing
t=132  Pell   began go_to(offset=(-6.000, -6.000)), 9 ticks
      face #2 west
    round 21 turn #1 at (-143,135) facing=east hp=38/38 def=0 sword + boots(4/4)
      face #1 east
    round 21 turn #2 at (-141,135) facing=west hp=38/38 def=0 spear + boots(4/4)
t=134  Sable  began go_to(offset=(6.000, 0.000)), 7 ticks
t=134  Odo    began go_to(offset=(-6.000, 0.000)), 7 ticks
      face #2 west
    round 22 turn #1 at (-143,135) facing=east hp=38/38 def=0 sword + boots(4/4)
      face #1 east
    round 22 turn #2 at (-141,135) facing=west hp=38/38 def=0 spear + boots(4/4)
      face #2 west
    round 23 turn #1 at (-143,135) facing=east hp=38/38 def=0 sword + boots(4/4)
t=137  Bram   finished go_to(offset=(40.000, 0.000)) -> go_to refused: the board decides where a fighter goes
t=137  Bram   has not decided yet, and waits in the world
t=137  Pell   thought again at 5/9t, wanted the same thing
      face #1 east
    round 23 turn #2 at (-141,135) facing=west hp=38/38 def=0 spear + boots(4/4)
      face #2 west
    round 24 turn #1 at (-143,135) facing=east hp=38/38 def=0 sword + boots(4/4)
t=139  Sable  thought again at 5/7t, wanted the same thing
t=139  Odo    thought again at 5/7t, wanted the same thing
      face #1 east
    round 24 turn #2 at (-141,135) facing=west hp=38/38 def=0 spear + boots(4/4)
      face #2 west
    round 25 turn #1 at (-143,135) facing=east hp=38/38 def=0 sword + boots(4/4)
t=141  Bram   began go_to(offset=(12.000, 0.000)), 13 ticks
t=141  Sable  finished go_to(offset=(6.000, 0.000)) -> go_to refused: the board decides where a fighter goes
t=141  Odo    finished go_to(offset=(-6.000, 0.000)) -> go_to ok at=(-430.000, 472.000) walked=6.0 steps=7
t=141  Odo    has not decided yet, and waits in the world
t=141  Pell   finished go_to(offset=(-6.000, -6.000)) -> go_to ok at=(-483.151, 404.203) walked=8.1 steps=9
t=141  Pell   has not decided yet, and waits in the world
      face #1 east
    round 25 turn #2 at (-141,135) facing=west hp=38/38 def=0 spear + boots(4/4)
t=142  Rook   began go_to(offset=(-3.000, -3.000)), 5 ticks
t=142  Sable  has not decided yet, and waits in the world
      face #2 west
    round 26 turn #1 at (-143,135) facing=east hp=38/38 def=0 sword + boots(4/4)
      face #1 east
    round 26 turn #2 at (-141,135) facing=west hp=38/38 def=0 spear + boots(4/4)
t=144  Odo    began go_to(offset=(-3.000, 0.000)), 3 ticks
t=144  Pell   began go_to(offset=(-6.000, -6.000)), 9 ticks
      face #2 west
    round 27 turn #1 at (-143,135) facing=east hp=38/38 def=0 sword + boots(4/4)
      face #1 east
    round 27 turn #2 at (-141,135) facing=west hp=38/38 def=0 spear + boots(4/4)
t=146  Bram   thought again at 5/13t, wanted the same thing
t=146  Sable  began go_to(offset=(6.000, 0.000)), 7 ticks
      face #2 west
    round 28 turn #1 at (-143,135) facing=east hp=38/38 def=0 sword + boots(4/4)
t=147  Rook   finished go_to(offset=(-3.000, -3.000)) -> go_to ok at=(-480.544, 408.529) walked=4.243 steps=5
t=147  Rook   has not decided yet, and waits in the world
t=147  Odo    finished go_to(offset=(-3.000, 0.000)) -> go_to ok at=(-432.700, 472.000) walked=2.7 steps=3
t=147  Odo    has not decided yet, and waits in the world
      face #1 east
    round 28 turn #2 at (-141,135) facing=west hp=38/38 def=0 spear + boots(4/4)
      face #2 west
    round 29 turn #1 at (-143,135) facing=east hp=38/38 def=0 sword + boots(4/4)
t=149  Pell   thought again at 5/9t, wanted the same thing
      face #1 east
    round 29 turn #2 at (-141,135) facing=west hp=38/38 def=0 spear + boots(4/4)
t=150  Rook   began wait(ticks=5), 5 ticks
t=150  Odo    began go_to(offset=(9.000, 0.000)), 10 ticks
      face #2 west
    round 30 turn #1 at (-143,135) facing=east hp=38/38 def=0 sword + boots(4/4)
t=151  Bram   thought again at 10/13t, wanted the same thing
t=151  Sable  thought again at 5/7t, wanted the same thing
      face #1 east
    round 30 turn #2 at (-141,135) facing=west hp=38/38 def=0 spear + boots(4/4)
      face #2 west
    round 31 turn #1 at (-143,135) facing=east hp=38/38 def=0 sword + boots(4/4)
t=153  Sable  finished go_to(offset=(6.000, 0.000)) -> go_to refused: the board decides where a fighter goes
t=153  Pell   finished go_to(offset=(-6.000, -6.000)) -> go_to ok at=(-488.878, 398.476) walked=8.1 steps=9
t=153  Pell   has not decided yet, and waits in the world
      face #1 east
    round 31 turn #2 at (-141,135) facing=west hp=38/38 def=0 spear + boots(4/4)
t=154  Bram   finished go_to(offset=(12.000, 0.000)) -> go_to refused: the board decides where a fighter goes
t=154  Sable  has not decided yet, and waits in the world
      face #2 west
    round 32 turn #1 at (-143,135) facing=east hp=38/38 def=0 sword + boots(4/4)
t=155  Rook   finished wait(ticks=5) -> wait ok ticks=5 until=160
t=155  Rook   has not decided yet, and waits in the world
t=155  Bram   has not decided yet, and waits in the world
t=155  Odo    thought again at 5/10t, wanted the same thing
      face #1 east
    round 32 turn #2 at (-141,135) facing=west hp=38/38 def=0 spear + boots(4/4)
t=156  Pell   began go_to(offset=(-15.000, -15.000)), 20 ticks
      face #2 west
    round 33 turn #1 at (-143,135) facing=east hp=38/38 def=0 sword + boots(4/4)
      face #1 east
    round 33 turn #2 at (-141,135) facing=west hp=38/38 def=0 spear + boots(4/4)
t=158  Rook   began go_to(offset=(-6.000, -9.000)), 12 ticks
t=158  Sable  began go_to(offset=(6.000, 0.000)), 7 ticks
      face #2 west
    round 34 turn #1 at (-143,135) facing=east hp=38/38 def=0 sword + boots(4/4)
t=159  Bram   began go_to(offset=(35.000, 0.000)), 20 ticks
      face #1 east
    round 34 turn #2 at (-141,135) facing=west hp=38/38 def=0 spear + boots(4/4)
t=160  Odo    finished go_to(offset=(9.000, 0.000)) -> go_to ok at=(-423.700, 472.000) walked=9.0 steps=10
t=160  Odo    has not decided yet, and waits in the world
      face #2 west
    round 35 turn #1 at (-143,135) facing=east hp=38/38 def=0 sword + boots(4/4)

the model cast's turns -- 78 questions across 5 characters, 76 chose an action
  who    turn asked answered  observed          the model said                 which read back as           what the engine answered
  Rook   1        1        4  c075af3add949864  say text=Hello, Pell and Wren… say(text=Hello, Pell and Wr… say ok shout=false heard_by=1 check=2 context=persuade:#7  (chosen again after 1 interruption)
  Bram   1        1        4  42e2678aeea9c3d6  examine target=#6              examine(target=6)            examine ok id=6 name=pile kind=pile shut=false holds=1 money=0 distance=36.139
  Sable  1        1        4  177eddb243989a96  go_to target=#3                go_to(target=3)              go_to refused: the board decides where a fighter goes  (chosen again after 1 interruption)
  Odo    1        1        4  a7aa50cf231b773f  go_to offset=(6, 0)            go_to(offset=(6.000, 0.000)) go_to ok at=(-478.000, 472.000) walked=6.0 steps=7
  Pell   1        1        4  6ab0babc4ca88c2f  go_to target=#2                go_to(target=2)              go_to ok at=(-477.423, 417.731) walked=4.5 steps=5
  Bram   2        8       11  f432f29d64380a1a  say text=Hail, traveler! What… say(text=Hail, traveler! Wh… say ok shout=false heard_by=1 check=3 context=persuade:#4
  Pell   2        9       12  a413ad56161fb348  go_to target=#2                go_to(target=2)              go_to ok at=(-477.423, 417.731) walked=0.0 steps=0
  Rook   2       11       14  a7ce03e17ebbaee4  examine target=#6              examine(target=6)            examine ok id=6 name=pile kind=pile shut=false holds=1 money=0 distance=7.0
  Odo    2       11       14  cb6ba8cfbb16fca7  go_to offset=(3, 0)            go_to(offset=(3.000, 0.000)) go_to ok at=(-475.300, 472.000) walked=2.7 steps=3
  Pell   3       13       16  27e9be3b759625db  say text=Let's look. I'll che… say(text=Let's look. I'll c… say ok shout=false heard_by=1 check=4 context=persuade:#2
  Sable  2       14       18  5c4422c2eb695033  say text=Hail, traveler! I am… say(text=Hail, traveler! I … say ok shout=false heard_by=1 check=5 context=persuade:#3
  Odo    3       17       20  5a95ec4f37ad9032  go_to offset=(3, 0)            go_to(offset=(3.000, 0.000)) go_to ok at=(-472.600, 472.000) walked=2.7 steps=3
  Rook   3       18       21  422d598c8505e02c  examine target=#6              examine(target=6)            examine refused: there is nothing with id 6  (chosen again after 1 interruption)
  Bram   3       17       21  c569f2711667c10f  wait ticks=5                   wait(ticks=5)                wait ok ticks=5 until=33  (chosen again after 1 interruption)
  Pell   4       21       24  836561a2c4cccdf7  examine target=#6              examine(target=6)            examine refused: there is nothing with id 6
  Odo    4       23       26  82040db94e783b97  go_to offset=(3, 0)            go_to(offset=(3.000, 0.000)) go_to ok at=(-469.900, 472.000) walked=2.7 steps=3
  Rook   4       25       28  f166f4794c37e10d  say text="Let me know what yo… say(text="Let me know what … say ok shout=false heard_by=1 check=6 context=persuade:#7
  Sable  3       24       28  174dcf2da4382160  say text="I wander these land… say(text="I wander these la… say ok shout=false heard_by=1 check=7 context=persuade:#3
  Pell   5       28       31  7e8c44cfae817235  go_to target=#6                go_to(target=6)              go_to refused: there is nothing with id 6  (chosen again after 1 interruption)
  Odo    5       29       32  fed04cb8c935dae0  go_to offset=(3, 0)            go_to(offset=(3.000, 0.000)) go_to ok at=(-467.200, 472.000) walked=2.7 steps=3
  Bram   4       29       33  faad9436be0ec0c3  say text=Well met, Sable. I a… say(text=Well met, Sable. I… say ok shout=false heard_by=1 check=8 context=persuade:#4  (chosen again after 1 interruption)
  Rook   5       33       36  2edc6d156200a1f0  trade_accept target=#1         trade_accept(target=1)       trade_accept ok from=1 took=0 took_money=12 gave=1 gave_money=0
  Sable  4       34       38  189f372b8d20eef4  say text="I seek a purpose wo… say(text="I seek a purpose … say ok shout=false heard_by=1 check=9 context=persuade:#3  (chosen again after 1 interruption)
  Odo    6       35       38  c6d76c51ac5e8697  go_to offset=(6, 0)            go_to(offset=(6.000, 0.000)) go_to ok at=(-461.200, 472.000) walked=6.0 steps=7
  Rook   6       39       42  bbcaa27557747d28  say text="Good morning, Wren.… say(text="Good morning, Wre… say ok shout=false heard_by=1 check=10 context=persuade:#1
  Bram   5       41       45  013964403272db2b  trade_propose target=#4 give=… trade_propose(target=4 give… trade_propose refused: Sable is out of reach (6.00 > 2.50)  (chosen again after 1 interruption)
  Odo    7       45       48  0d36178c7bfc9c1b  go_to offset=(6, 0)            go_to(offset=(6.000, 0.000)) go_to ok at=(-455.200, 472.000) walked=6.0 steps=7
  Rook   7       47       50  8dcf3cc561669a6d  wait ticks=5                   wait(ticks=5)                wait ok ticks=5 until=60
  Sable  5       46       50  ac5e7518e7596d31  say text="I carry little but … say(text="I carry little bu… say ok shout=false heard_by=1 check=11 context=persuade:#3
  Bram   6       51       55  73751984f22e1466  say text="I've seen no troubl… say(text="I've seen no trou… say ok shout=false heard_by=1 check=12 context=persuade:#4  (chosen again after 1 interruption)
  Pell   6       53       56  bf21f82a2f0f97c2  go_to target=#6                go_to(target=6)              go_to refused: there is nothing with id 6  (chosen again after 1 interruption)
  Rook   8       55       58  2b2e248e650c83eb  wait ticks=5                   wait(ticks=5)                wait ok ticks=5 until=68
  Odo    8       55       58  d4cdc040c5fa3c93  go_to offset=(3, 0)            go_to(offset=(3.000, 0.000)) go_to ok at=(-452.500, 472.000) walked=2.7 steps=3
  Sable  6       56       60  369fcdc15e004913  say text="No goods worth coin… say(text="No goods worth co… say ok shout=false heard_by=1 check=13 context=persuade:#3  (chosen again after 1 interruption)
  Odo    9       61       64  acc070e55fce3862  go_to offset=(6, 0)            go_to(offset=(6.000, 0.000)) go_to ok at=(-446.500, 472.000) walked=6.0 steps=7
  Rook   9       63       66  8dcf3cc561669a6d  say text=Did you find anythin… say(text=Did you find anyth… say ok shout=false heard_by=1 check=14 context=persuade:#7
  Bram   7       63       67  c10bb99f122a542a  go_to offset=(40, 0)           go_to(offset=(40.000, 0.000… go_to refused: the board decides where a fighter goes  (chosen again after 3 interruptions)
  Sable  7       68       72  72e961188ab74f1a  say text="Lead on, Bram - I'l… say(text="Lead on, Bram - I… say ok shout=false heard_by=1 check=15 context=persuade:#3
  Rook   10      71       74  ba5fdea40e961bf2  say text="What bargain is tha… say(text="What bargain is t… say ok shout=false heard_by=1 check=16 context=persuade:#1
  Odo    10      71       74  6536e509ad2022b1  go_to offset=(6, 0)            go_to(offset=(6.000, 0.000)) go_to ok at=(-440.500, 472.000) walked=6.0 steps=7
  Rook   11      79       82  bdb02e68ad9d2e59  say text="Not sure what the n… say(text="Not sure what the… say ok shout=false heard_by=1 check=17 context=persuade:#1
  Sable  8       78       82  4dc0253d56d02f03  go_to offset=(6.0, 0.0)        go_to(offset=(6.000, 0.000)) go_to ok at=(-421.500, 406.500) walked=6.0 steps=7
  Odo    11      81       84  ce04c8da3a1fb530  go_to offset=(3, 0)            go_to(offset=(3.000, 0.000)) go_to ok at=(-437.800, 472.000) walked=2.7 steps=3
  Rook   12      87       90  9d37ede46ab9468a  wait ticks=3                   wait(ticks=3)                wait ok ticks=3 until=96
  Odo    12      87       90  26f0e3b8a4463ee1  go_to offset=(3, 0)            go_to(offset=(3.000, 0.000)) go_to ok at=(-435.100, 472.000) walked=2.7 steps=3
  Sable  9       89       92  a65a873994d34eba  go_to offset=(10.0, 0.0)       go_to(offset=(10.000, 0.000… go_to refused: the board decides where a fighter goes  (chosen again after 1 interruption)
  Pell   7       91       94  ad7c520d328571e2  say text="I don't see any pil… say(text="I don't see any p… say ok shout=false heard_by=1 check=18 context=persuade:#2
  Rook   13      93       96  f5b2a58ffeb75b26  say text="Ah — I take it the … say(text="Ah — I take it th… say ok shout=false heard_by=1 check=19 context=persuade:#1  (chosen again after 1 interruption)
  Odo    13      93       96  cd6c9de87b4fe2ac  go_to offset=(3, 0)            go_to(offset=(3.000, 0.000)) go_to ok at=(-432.400, 472.000) walked=2.7 steps=3
  Odo    14      99      102  d2555f8049e81f76  go_to offset=(3, 0)            go_to(offset=(3.000, 0.000)) go_to ok at=(-429.700, 472.000) walked=2.7 steps=3
  Pell   8       99      102  20104ed225f57de7  say text="I don't see any pil… say(text="I don't see any p… say ok shout=false heard_by=1 check=20 context=persuade:#2
  Rook   14     104      107  afe6a7b6fb455b61  say text="Southwest of us, pa… say(text="Southwest of us, … say ok shout=false heard_by=1 check=21 context=persuade:#7  (chosen again after 1 interruption)
  Odo    15     105      108  ba9b61d18b7acb53  go_to offset=(12, 0)           go_to(offset=(12.000, 0.000… go_to ok at=(-418.000, 472.000) walked=11.7 steps=13
  Sable  10     106      110  161e4c13f43bedfe  go_to offset=(6.0, 0.0)        go_to(offset=(6.000, 0.000)) go_to refused: the board decides where a fighter goes
  Pell   9      107      110  18a59917651dd60a  go_to offset=(0, -6)           go_to(offset=(0.000, -6.000… go_to ok at=(-477.423, 409.931) walked=6.0 steps=7  (chosen again after 1 interruption)
  Rook   15     112      115  05204bb2099ec07d  go_to target=#7                go_to(target=7)              go_to ok at=(-477.816, 415.119) walked=0.9 steps=1
  Bram   8      113      117  f55992ca6711bf57  go_to offset=(40, 0)           go_to(offset=(40.000, 0.000… go_to refused: the board decides where a fighter goes
  Rook   16     116      119  a739757d48c473c5  say text="Careful, Pell — the… say(text="Careful, Pell — t… say ok shout=false heard_by=1 check=22 context=persuade:#7
  Sable  11     118      122  161e4c13f43bedfe  go_to offset=(6.0, 0.0)        go_to(offset=(6.000, 0.000)) go_to refused: the board decides where a fighter goes
  Pell   10     119      122  674c337dbab5efbc  say text="Rook, the pile soun… say(text="Rook, the pile so… say ok shout=false heard_by=1 check=23 context=persuade:#2  (chosen again after 1 interruption)
  Odo    16     121      124  8324c22ca7299fc2  go_to offset=(-6, 0)           go_to(offset=(-6.000, 0.000… go_to ok at=(-424.000, 472.000) walked=6.0 steps=7
  Rook   17     124      127  6276109a7522fd82  go_to target=#7                go_to(target=7)              go_to ok at=(-477.544, 411.529) walked=1.8 steps=2  (chosen again after 1 interruption)
  Pell   11     129      132  61a4a108bec96008  go_to offset=(-6, -6)          go_to(offset=(-6.000, -6.00… go_to ok at=(-483.151, 404.203) walked=8.1 steps=9
  Rook   18     131      134  d5990d04c481f47e                                 -- nothing readable --       (nothing was chosen)
  Sable  12     130      134  161e4c13f43bedfe  go_to offset=(6.0, 0.0)        go_to(offset=(6.000, 0.000)) go_to refused: the board decides where a fighter goes
  Odo    17     131      134  65156bcc0e48f170  go_to offset=(-6, 0)           go_to(offset=(-6.000, 0.000… go_to ok at=(-430.000, 472.000) walked=6.0 steps=7
  Rook   19     135      138  ed3343c4655c07f1  recall about=the brass lantern recall about=the brass lant… (a tool, not an action: 9 things came back)
  Bram   9      137      141  f55992ca6711bf57  go_to offset=(12, 0)           go_to(offset=(12.000, 0.000… go_to refused: the board decides where a fighter goes
  Rook   20     139      142  8384da6c0439a4d6  go_to offset=(-3, -3)          go_to(offset=(-3.000, -3.00… go_to ok at=(-480.544, 408.529) walked=4.243 steps=5
  Odo    18     141      144  7866d462e06e9295  go_to offset=(-3, 0)           go_to(offset=(-3.000, 0.000… go_to ok at=(-432.700, 472.000) walked=2.7 steps=3
  Pell   12     141      144  9b6265c1be89ffb0  go_to offset=(-6, -6)          go_to(offset=(-6.000, -6.00… go_to ok at=(-488.878, 398.476) walked=8.1 steps=9
  Sable  13     142      146  161e4c13f43bedfe  go_to offset=(6.0, 0.0)        go_to(offset=(6.000, 0.000)) go_to refused: the board decides where a fighter goes
  Rook   21     147      150  37001fe3908c728c  wait ticks=5                   wait(ticks=5)                wait ok ticks=5 until=160
  Odo    19     147      150  afd08988c0e2eb3e  go_to offset=(9, 0)            go_to(offset=(9.000, 0.000)) go_to ok at=(-423.700, 472.000) walked=9.0 steps=10
  Pell   13     153      156  ece59732fcd044d9  go_to offset=(-15, -15)        go_to(offset=(-15.000, -15.… still running when the run ended
  Rook   22     155      158  7b882ad0d29ff42a  go_to offset=(-6, -9)          go_to(offset=(-6.000, -9.00… still running when the run ended
  Sable  14     154      158  02228683d46a0300  go_to offset=(6.0, 0.0)        go_to(offset=(6.000, 0.000)) still running when the run ended
  Bram   10     155      159  07eca3a61d7f47ea  go_to offset=(35, 0)           go_to(offset=(35.000, 0.000… still running when the run ended

nobody waits on anybody
  who    turn asked answered waited alongside  ticks each of the others was serviced for      actions
        (a character that has fallen out of the world is serviced no further, and shows 0)
  Rook   1        1        4      3         4  Wren 3 Bram 3 Sable 3 Odo 3 Pell 3             0
  Bram   1        1        4      3         4  Wren 3 Rook 3 Sable 3 Odo 3 Pell 3             0
  Sable  1        1        4      3         4  Wren 3 Rook 3 Bram 3 Odo 3 Pell 3              0
  Odo    1        1        4      3         4  Wren 3 Rook 3 Bram 3 Sable 3 Pell 3            0
  Pell   1        1        4      3         4  Wren 3 Rook 3 Bram 3 Sable 3 Odo 3             0
  Bram   2        8       11      3         3  Wren 3 Rook 3 Sable 3 Odo 3 Pell 3             3
  Pell   2        9       12      3         3  Wren 3 Rook 3 Bram 3 Sable 3 Odo 3             2
  Rook   2       11       14      3         3  Wren 3 Bram 3 Sable 3 Odo 3 Pell 3             2
  Odo    2       11       14      3         3  Wren 3 Rook 3 Bram 3 Sable 3 Pell 3            2
  Pell   3       13       16      3         3  Wren 3 Rook 3 Bram 3 Sable 3 Odo 3             2
  Sable  2       14       18      4         4  Wren 4 Rook 4 Bram 4 Odo 4 Pell 4              3
  Odo    3       17       20      3         3  Wren 3 Rook 3 Bram 3 Sable 3 Pell 3            2
  Rook   3       18       21      3         3  Wren 3 Bram 3 Sable 3 Odo 3 Pell 3             2
  Bram   3       17       21      4         4  Wren 4 Rook 4 Sable 4 Odo 4 Pell 4             3
  Pell   4       21       24      3         2  Wren 3 Rook 3 Bram 3 Sable 3 Odo 3             3
  Odo    4       23       26      3         3  Wren 3 Rook 3 Bram 3 Sable 3 Pell 3            2
  Rook   4       25       28      3         3  Wren 3 Bram 3 Sable 3 Odo 3 Pell 3             3
  Sable  3       24       28      4         3  Wren 4 Rook 4 Bram 4 Odo 4 Pell 4              4
  Pell   5       28       31      3         2  Wren 3 Rook 3 Bram 3 Sable 3 Odo 3             2
  Odo    5       29       32      3         2  Wren 3 Rook 3 Bram 3 Sable 3 Pell 3            1
  Bram   4       29       33      4         3  Wren 4 Rook 4 Sable 4 Odo 4 Pell 4             3
  Rook   5       33       36      3         2  Wren 3 Bram 3 Sable 3 Odo 3 Pell 3             1
  Sable  4       34       38      4         2  Wren 4 Rook 4 Bram 4 Odo 4 Pell 4              2
  Odo    6       35       38      3         2  Wren 3 Rook 3 Bram 3 Sable 3 Pell 3            1
  Rook   6       39       42      3         1  Wren 3 Bram 3 Sable 3 Odo 3 Pell 3             2
  Bram   5       41       45      4         2  Wren 4 Rook 4 Sable 4 Odo 4 Pell 4             3
  Odo    7       45       48      3         2  Wren 3 Rook 3 Bram 3 Sable 3 Pell 3            2
  Rook   7       47       50      3         2  Wren 3 Bram 3 Sable 3 Odo 3 Pell 3             0
  Sable  5       46       50      4         2  Wren 4 Rook 4 Bram 4 Odo 4 Pell 4              2
  Bram   6       51       55      4         3  Wren 4 Rook 4 Sable 4 Odo 4 Pell 4             4
  Pell   6       53       56      3         4  Wren 3 Rook 3 Bram 3 Sable 3 Odo 3             3
  Rook   8       55       58      3         3  Wren 3 Bram 3 Sable 3 Odo 3 Pell 3             0
  Odo    8       55       58      3         3  Wren 3 Rook 3 Bram 3 Sable 3 Pell 3            0
  Sable  6       56       60      4         2  Wren 4 Rook 4 Bram 4 Odo 4 Pell 4              0
  Odo    9       61       64      3         2  Wren 3 Rook 3 Bram 3 Sable 3 Pell 3            2
  Rook   9       63       66      3         2  Wren 3 Bram 3 Sable 3 Odo 3 Pell 3             0
  Bram   7       63       67      4         2  Wren 4 Rook 4 Sable 4 Odo 4 Pell 4             1
  Sable  7       68       72      4         2  Wren 4 Rook 4 Bram 4 Odo 4 Pell 4              3
  Rook   10      71       74      3         2  Wren 3 Bram 3 Sable 3 Odo 3 Pell 3             0
  Odo    10      71       74      3         2  Wren 3 Rook 3 Bram 3 Sable 3 Pell 3            0
  Rook   11      79       82      3         2  Wren 3 Bram 3 Sable 3 Odo 3 Pell 3             1
  Sable  8       78       82      4         2  Wren 4 Rook 4 Bram 4 Odo 4 Pell 4              2
  Odo    11      81       84      3         2  Wren 3 Rook 3 Bram 3 Sable 3 Pell 3            0
  Rook   12      87       90      3         2  Wren 3 Bram 3 Sable 3 Odo 3 Pell 3             1
  Odo    12      87       90      3         2  Wren 3 Rook 3 Bram 3 Sable 3 Pell 3            1
  Sable  9       89       92      3         3  Wren 3 Rook 3 Bram 3 Odo 3 Pell 3              1
  Pell   7       91       94      3         3  Wren 3 Rook 3 Bram 3 Sable 3 Odo 3             2
  Rook   13      93       96      3         2  Wren 3 Bram 3 Sable 3 Odo 3 Pell 3             0
  Odo    13      93       96      3         2  Wren 3 Rook 3 Bram 3 Sable 3 Pell 3            0
  Odo    14      99      102      3         1  Wren 3 Rook 3 Bram 3 Sable 3 Pell 3            0
  Pell   8       99      102      3         1  Wren 3 Rook 3 Bram 3 Sable 3 Odo 3             0
  Rook   14     104      107      3         3  Wren 3 Bram 3 Sable 3 Odo 3 Pell 3             3
  Odo    15     105      108      3         3  Wren 3 Rook 3 Bram 3 Sable 3 Pell 3            1
  Sable  10     106      110      4         3  Wren 4 Rook 4 Bram 4 Odo 4 Pell 4              1
  Pell   9      107      110      3         2  Wren 3 Rook 3 Bram 3 Sable 3 Odo 3             0
  Rook   15     112      115      3         1  Wren 3 Bram 3 Sable 3 Odo 3 Pell 3             1
  Bram   8      113      117      4         1  Wren 4 Rook 4 Sable 4 Odo 4 Pell 4             2
  Rook   16     116      119      3         3  Wren 3 Bram 3 Sable 3 Odo 3 Pell 3             2
  Sable  11     118      122      4         3  Wren 4 Rook 4 Bram 4 Odo 4 Pell 4              2
  Pell   10     119      122      3         2  Wren 3 Rook 3 Bram 3 Sable 3 Odo 3             1
  Odo    16     121      124      3         3  Wren 3 Rook 3 Bram 3 Sable 3 Pell 3            1
  Rook   17     124      127      3         0  Wren 3 Bram 3 Sable 3 Odo 3 Pell 3             0
  Pell   11     129      132      3         3  Wren 3 Rook 3 Bram 3 Sable 3 Odo 3             2
  Rook   18     131      134      3         3  Wren 3 Bram 3 Sable 3 Odo 3 Pell 3             0
  Sable  12     130      134      4         3  Wren 4 Rook 4 Bram 4 Odo 4 Pell 4              2
  Odo    17     131      134      3         3  Wren 3 Rook 3 Bram 3 Sable 3 Pell 3            0
  Rook   19     135      138      3         1  Wren 3 Bram 3 Sable 3 Odo 3 Pell 3             1
  Bram   9      137      141      4         3  Wren 4 Rook 4 Sable 4 Odo 4 Pell 4             3
  Rook   20     139      142      3         4  Wren 3 Bram 3 Sable 3 Odo 3 Pell 3             3
  Odo    18     141      144      3         3  Wren 3 Rook 3 Bram 3 Sable 3 Pell 3            0
  Pell   12     141      144      3         3  Wren 3 Rook 3 Bram 3 Sable 3 Odo 3             0
  Sable  13     142      146      4         2  Wren 4 Rook 4 Bram 4 Odo 4 Pell 4              0
  Rook   21     147      150      3         1  Wren 3 Bram 3 Sable 3 Odo 3 Pell 3             0
  Odo    19     147      150      3         1  Wren 3 Rook 3 Bram 3 Sable 3 Pell 3            0
  Pell   13     153      156      3         3  Wren 3 Rook 3 Bram 3 Sable 3 Odo 3             2
  Rook   22     155      158      3         3  Wren 3 Bram 3 Sable 3 Odo 3 Pell 3             0
  Sable  14     154      158      4         3  Wren 4 Rook 4 Bram 4 Odo 4 Pell 4              1
  Bram   10     155      159      4         3  Wren 4 Rook 4 Sable 4 Odo 4 Pell 4             0
  ticks with more than one answer outstanding  84 of 160
  the most outstanding at once                 5
  ticks by how many were outstanding           0:30 1:46 2:51 3:28 4:2 5:3
  spans: 58 of 78 took the stated 3 ticks, the longest took 4
  the longest span, by how many other answers were outstanding across it
    0:3 1:4 2:4 3:4 4:4
    this is the line that says the answers do not queue: a channel that served them
    in turn would make a question put while 5 others were outstanding
    take about 18 ticks, not 3. A span longer than the stated 3 is a
    character that was not serviced on the tick its answer was ready -- a
    commander waiting for its turn on the board -- and not an answer waiting
    for another answer.

what the run cost in model calls
  who     calls  answered  resolved calls per 100 ticks
  Rook       22        22        19                13.8
  Bram       10        10         9                 6.2
  Sable      14        14        13                 8.8
  Odo        20        19        19                12.5
  Pell       13        13        12                 8.1
  total      79        78
  the run                    160 ticks, 79 calls -> 0.494 calls a tick
  an hour of play at that rate  20 ticks a second, so 72000 ticks an hour
                                35550 calls an hour for 5 characters, 7110 each

being asked again is not a new call
  who       asked  calls    held  polled  re-evaluations re-evaluations per call
  Rook         93     22       5      66               0                    0.00
  Bram         50     10      19      21              12                    1.20
  Sable        56     14      12      30               8                    0.57
  Odo          87     20      10      57              10                    0.50
  Pell         68     13      16      39              12                    0.92
  total       354     79      62     213              42                    0.53
  re-evaluations to model calls  42 : 79 = 0.53 -- the loop asks again every 5 ticks an action runs, and none of those asks is a call
  asks that cost a call          79 of 354 (22.3%)
  the loop's own counts          reviews=49 changes=0 finished=82 attacked=0 combat began=3 spoken to=18

what the first run of this file measured, measured again
  turns                      78, across 5 characters
  lines of speech chosen     22, 22 of them different
  the most-repeated line     1 time: "Hello, Pell and Wren. What's in that pile?"
  turns asked with the same observation as the one before  4
  turns that chose a position 36

what each of them came to remember
  who    driven by  entries   events   lessons  characters  recalls lessons written
  Wren   a person       18       18         0         718        -               -
  Rook   a model        36       36         0        1934        1               0
  Bram   a model        21       21         0        1338        0               0
  Sable  a model        21       21         0        1221        0               0
  Odo    a model         8        8         0         140        0               0
  Pell   a model        31       31         0        1639        0               0

what the world recorded between them
  4 edges, made of 28 happenings, and not one of them on anybody's sheet
  sentiment is familiarity x (trust - fear), which is the one number section 6 reads
  who    driven by with     trust    fear   respect   familiarity  sentiment
  Wren   a person  Rook      0.20    0.00      0.10          0.90      +0.18
  Wren   a person  Pell      0.00    0.00      0.00          0.44      +0.00
  Rook   a model   Wren      0.20    0.00      0.10          0.90      +0.18
  Rook   a model   Pell      0.00    0.00      0.00          0.92      +0.00
  Bram   a model   Sable     0.00    0.00      0.00          0.92      +0.00
  Sable  a model   Bram      0.00    0.00      0.00          0.92      +0.00
  Odo    a model   nothing has passed between it and anybody
  Pell   a model   Rook      0.00    0.00      0.00          0.92      +0.00
  Pell   a model   Wren      0.00    0.00      0.00          0.44      +0.00
  and what each edge is made of, in the world's own words
    #1 <-> #2 8 happenings | #1 trust 0.20 fear 0.00 respect 0.10 familiarity 0.90 | #2 trust 0.20 fear 0.00 respect 0.10 familiarity 0.90
    #2 <-> #7 9 happenings | #2 trust 0.00 fear 0.00 respect 0.00 familiarity 0.92 | #7 trust 0.00 fear 0.00 respect 0.00 familiarity 0.92
    #3 <-> #4 9 happenings | #3 trust 0.00 fear 0.00 respect 0.00 familiarity 0.92 | #4 trust 0.00 fear 0.00 respect 0.00 familiarity 0.92
    #1 <-> #7 2 happenings | #1 trust 0.00 fear 0.00 respect 0.00 familiarity 0.44 | #7 trust 0.00 fear 0.00 respect 0.00 familiarity 0.44

what Pell came to remember
  entries                    31 (31 events, 0 lessons)
  events by kind             saw 15 heard 11 changed 5 lesson 0
  characters held            1639
  characters a packet carries 443 of 1639 (27%), being every lesson and the last 8 events
  the last question put      3357 characters, of which 284 (8%) are what it remembers
  tools used                 0 recalls, 0 lessons written
  everything it remembers
    lessons 0
    events 31
      I saw Rook (#2), a commander, about 6m away.
      I saw Wren (#1), a commander, about 12m away.
      I saw a pile (#6) about 8m away, open, holding 1 thing and 0 coins.
      I saw Rook (#2), a commander, about 2m away.
      I saw Wren (#1), a commander, about 5m away.
      I saw a pile (#6) about 7m away, open, holding 1 thing and 0 coins.
      I moved 0.9m north.
      I dropped 0.1m.
      I saw Wren (#1), a commander, about 2m away.
      Rook (#2) said to me: "Hello, Pell and Wren. What's in that pile?"
      I saw Wren (#1), a commander, about 4m away.
      I said: "Let's look. I'll check the pile."
      Rook (#2) said to me: ""Let me know what you find in it.""
      Wren (#1) shouted: "a fair bargain"
      Rook (#2) said to me: "Did you find anything in the pile?"
      Wren (#1) shouted: "what was that noise?"
      I said: ""I don't see any pile from here — where is it?""
      I said: ""I don't see any pile nearby — maybe it's beyond the drop to the south. I'll head that way.""
      I saw Rook (#2), a commander, about 5m away.
      I saw Wren (#1), a commander, about 6m away.
      Rook (#2) said to me: ""Southwest of us, past the drop by the hole — though it looks picked clean now; I see nothing left of it.""
      I moved 0.6m north.
      I saw Rook (#2), a commander, about 3m away.
      Rook (#2) said to me: ""Careful, Pell — there's a hole just past the drop; don't fall in.""
      I said: ""Rook, the pile sounds picked clean — I'll head southwest past the drop and look for a brass lantern while I'm out.""
      I saw Rook (#2), a commander, about 9m away.
      I saw Wren (#1), a commander, about 14m away.
      I moved 0.9m north-west.
      I climbed 0.1m.
      I saw Rook (#2), a commander, about 13m away.
      I saw Wren (#1), a commander, about 22m away.

what they were after -- scenario setup, not game content
  Pell, driven by a model
  no  over  what it is after                           answered by              where it stands now
  1   short be beside #2                               the world                closed at tick 10: #2 is 1.8 away
  2   short be carrying brass lantern                  the world                open -- brass lantern is not in the pack
  3   long  be thought well of in this market          the character itself     open -- nothing in the world answers this one
  closings                   1
    t=10   be beside #2                               closed by the world: #2 is 1.8 away
  refused closings           0 (the character asked to close a goal and was told it could not)
  Wren, driven by a person
  no  over  what it is after                           answered by              where it stands now
  1   short be carrying 1 money or more                the world                closed at tick 1: 30 money in the pack
  closings                   1
    t=1    be carrying 1 money or more                closed by the world: 30 money in the pack
  refused closings           0 (the character asked to close a goal and was told it could not)

after 160 ticks
    tick 160 actors=6 objects=0 offers=0
      #1 commander band=1 at (-476.100, -2.373, 416.000) hp=32/32 walking
        carries money=18 carried=[common armour chestplate L2 P=8 mov=4 def=4 eff=0 dex [] silk cloak | common weapon hand L1 P=4 mov=0 def=0 eff=4 dex [brass lantern:4] brass lantern] worn=[]
      #2 commander band=1 at (-481.543, -2.453, 407.032) hp=32/32 walking
        carries money=20 carried=[] worn=[]
      #3 commander band=3 at (-427.500, 1.609, 406.500) hp=38/38 cell (-143,135)
        carries money=0 carried=[common armour boots L2 P=8 mov=4 def=4 eff=0 dex [] common boots | common weapon hand L3 P=12 mov=0 def=0 eff=12 str [sword:12] common sword] worn=[boots=common armour boots L2 P=8 mov=4 def=4 eff=0 dex [] common boots hand=common weapon hand L3 P=12 mov=0 def=0 eff=12 str [sword:12] common sword]
      #4 commander band=4 at (-421.500, 2.571, 406.500) hp=38/38 cell (-141,135)
        carries money=0 carried=[common armour boots L2 P=8 mov=4 def=4 eff=0 dex [] common boots | common weapon hand L3 P=12 mov=0 def=0 eff=12 str [spear:12] common spear] worn=[boots=common armour boots L2 P=8 mov=4 def=4 eff=0 dex [] common boots hand=common weapon hand L3 P=12 mov=0 def=0 eff=12 str [spear:12] common spear]
      #5 commander band=5 at (-423.700, -2.700, 472.000) hp=26/26 walking
        carries money=0 carried=[] worn=[]
      #7 commander band=1 at (-491.424, -2.432, 395.930) hp=32/32 walking
        carries money=9 carried=[] worn=[]
      check #1 persuade:#2 -- raised
      check #2 persuade:#7 -- raised
      check #3 persuade:#4 -- raised
      check #4 persuade:#2 -- raised
      check #5 persuade:#3 -- raised
      check #6 persuade:#7 -- raised
      check #7 persuade:#3 -- raised
      check #8 persuade:#4 -- raised
      check #9 persuade:#3 -- raised
      check #10 persuade:#1 -- raised
      check #11 persuade:#3 -- raised
      check #12 persuade:#4 -- raised
      check #13 persuade:#3 -- raised
      check #14 persuade:#7 -- raised
      check #15 persuade:#3 -- raised
      check #16 persuade:#1 -- raised
      check #17 persuade:#1 -- raised
      check #18 persuade:#2 -- raised
      check #19 persuade:#1 -- raised
      check #20 persuade:#2 -- raised
      check #21 persuade:#7 -- raised
      check #22 persuade:#7 -- raised
      check #23 persuade:#2 -- raised
      said #1 to #2 "good morning" heard by [2]
      said #2 to #7 "Hello, Pell and Wren. What's in that pile?" heard by [7]
      said #3 to #4 "Hail, traveler! What brings you here?" heard by [4]
      said #7 to #2 "Let's look. I'll check the pile." heard by [2]
      said #4 to #3 "Hail, traveler! I am Sable." heard by [3]
      said #2 to #7 ""Let me know what you find in it."" heard by [7]
      said #4 to #3 ""I wander these lands seeking purpose, friend. What of you?"" heard by [3]
      said #3 to #4 "Well met, Sable. I am Bram. Might you have goods to trade, or news of the road?" heard by [4]
      said #4 to #3 ""I seek a purpose worth a spear, Bram. Might you know of work or trouble nearby?"" heard by [3]
      said #1 aloud "a fair bargain" heard by [2, 7]
      said #2 to #1 ""Good morning, Wren. Pell's checking that pile over there."" heard by [1]
      said #4 to #3 ""I carry little but my spear and boots, friend. If you've work or coin, I'm your blade."" heard by [3]
      said #3 to #4 ""I've seen no trouble yet, but there's a pile of goods some 40 paces east of here, unclaimed. Care to walk with me and see what fortune holds?"" heard by [4]
      said #4 to #3 ""No goods worth coin, Bram - only this spear and these boots. Point me at work or trouble, and any news I gather on the road is yours to hear."" heard by [3]
      said #2 to #7 "Did you find anything in the pile?" heard by [7]
      said #1 aloud "what was that noise?" heard by [2, 7]
      said #4 to #3 ""Lead on, Bram - I'll walk east with you and we'll split whatever that pile holds."" heard by [3]
      said #2 to #1 ""What bargain is that, Wren?"" heard by [1]
      said #2 to #1 ""Not sure what the noise was — maybe Pell rustling through that pile. Now, what bargain did you mean?"" heard by [1]
      said #7 to #2 ""I don't see any pile from here — where is it?"" heard by [2]
      said #2 to #1 ""Ah — I take it the bargain was our trade, Wren. Fair indeed; enjoy the cloak."" heard by [1]
      said #7 to #2 ""I don't see any pile nearby — maybe it's beyond the drop to the south. I'll head that way."" heard by [2]
      said #2 to #7 ""Southwest of us, past the drop by the hole — though it looks picked clean now; I see nothing left of it."" heard by [7]
      said #2 to #7 ""Careful, Pell — there's a hole just past the drop; don't fall in."" heard by [7]
      said #7 to #2 ""Rook, the pile sounds picked clean — I'll head southwest past the drop and look for a brass lantern while I'm out."" heard by [2]
  reviews=49 changes=0 finished=82 attacked=0 combat began=3 spoken to=18
  fingerprint 5f4edd77d2353a3e

the first question in full -- 3536 characters, digest a0db2c61ed7b1b00

    You are Rook, one character in a world of many.
    
    Choose the one thing your character does next.
    
    The actions, and the keys each one takes:
      go_to          target=#<id> or (<x>, <z>)
      go_to          offset=(<x from here>, <z from here>)
      jump           target=(<x>, <z>)
      attack         target=#<id> item=<what you mean>
      say            text=<what you mean> target=#<id> (may be left out)
      trade_propose  target=#<id> give=[<a name>, <another name>] (may be left out) give_money=<a whole number> (may be left out) want=[<a name>, <another name>] (may be left out) want_money=<a whole number> (may be left out)
      trade_accept   target=#<id>
      trade_deny     target=#<id>
      pick_up        item=<what you mean> target=#<id> (may be left out)
      drop           item=<what you mean> target=#<id> (may be left out)
      examine        target=#<id> or <a name>
      interact       target=#<id> item=<what you mean> (may be left out)
      wait           ticks=<a whole number>
      equip          item=<what you mean>
      unequip        item=<what you mean>
      use            item=<what you mean>
    
    Or answer with one of these three instead, which are not actions and touch only what you remember and what you are after:
      recall         about=<what you mean>   -- look back through everything you remember for anything about it
      learn          text=<what you mean>   -- keep one sentence in mind from now on, in every later moment
      done           goal=<a whole number>   -- say that one of the things you are after, by its number, is done
    
    A key marked (may be left out) can be left out.
    An action printed on more than one line has that many shapes: write one of the lines, not two.
    Values are written like this: id is #<id>; position is (<x>, <z>); offset is (<x from here>, <z from here>); id-or-position is #<id> or (<x>, <z>); id-or-name is #<id> or <a name>; text is <what you mean>; count is <a whole number>; names is [<a name>, <another name>].
    
    What you can see from where you are standing:
    
    observation for #2 Rook
      you        commander level 2 status 2 hp 32/32 at (-478, -2, 416) facing 0.00 in the world
      carrying   silk cloak (8 coins)
      wearing    nothing
      entities   2 within 40.0
        #7   commander  Pell     (+2.0, +0.2, +6.0)   6.32 seen   doing nothing        health unhurt     wearing -
        #1   commander  Wren     (-8.0, -0.1, +0.0)   8.00 seen   doing say you        health unhurt     wearing -
      objects    1 within 40.0
        #6   pile       pile     (+7.0, +0.0, +0.0)   7.00 seen   open holds 1, 0 coins
      ground     7x7 cells of 3.0, north up, east right; each mark is followed by how far that cell stands above you
      legend     @ where you stand; ~ a hole with nothing to stand on; x a building; # a face of ground too tall to climb; ! the edge of a drop; . ground to walk on; ? not read
        .0   .0   .0   .0   .0   .1   .1  
        .0   .0   .0   .0   .0   .0   .1  
        .0   .0   .0   .0   .0   .0   .0  
        .0   .0   .0   @0   .0   .0   .0  
        !-1  !0   .0   .0   .0   .0   .0  
        ~-   ~-   !0   .0   .0   .0   .0  
        ~-   ~-   ~-   !-1  !-1  .-1  .-1 
      heard      0 lines of speech, oldest first
      recently   0 changes
    
    What you are after: nothing in particular.
    
    What you remember:
      lessons    0 you have kept
      lately     the last 3 of 3 things you remember
        - I saw Pell (#7), a commander, about 6m away.
        - I saw Wren (#1), a commander, about 8m away.
        - I saw a pile (#6) about 7m away, open, holding 1 thing and 0 coins.
    
    Answer with one line: the action or the tool, then its keys. Nothing else.
RUN   test_memory
PASS  memory         106 checks
RUN   test_goals
PASS  goals          133 checks
RUN   test_upkeep
PASS  upkeep         95 checks
RUN   test_tool_budget
PASS  tool budget    58 checks
RUN   test_relationships
PASS  relationships  149 checks
RUN   test_ownership
PASS  ownership      55 checks
RUN   test_checks
PASS  checks         121 checks
RUN   test_goodwill
PASS  goodwill       130 checks
RUN   test_territory
PASS  territory      41 checks
RUN   test_orchestrator
PASS  orchestrator   282 checks
RUN   test_fight_driver
PASS  fight driver   51 checks
RUN   test_enemies
PASS  enemies        596 checks
RUN   test_turn_seam
PASS  turn seam      23 checks
RUN   test_strike_record
PASS  strike record  313 checks
RUN   test_attack_clips
PASS  attack clips   1054 checks
RUN   test_weapon_patterns
PASS  weapon patterns 3639 checks
RUN   test_flights
PASS  flights        9194 checks
RUN   test_held_items
PASS  held items     159 checks
RUN   test_player_input
PASS  player input   141 checks
RUN   test_player_actions
PASS  player actions 262 checks
RUN   test_bargain
PASS  bargain        2083 checks
RUN   test_player_inventory
PASS  player inventory 57 checks
RUN   test_player_combat
PASS  player combat  73 checks
RUN   test_walk_in_fight
PASS  walk-in fight  54 checks
RUN   test_fight_cooloff
PASS  fight cool-off 40 checks
RUN   test_window_glow
        window glow: 52 villages light ["house=426", "cottage=403", "tavern=100", "workshop=8", "tower=13"]
        window glow: 286 distinct placements checked, worst gap 0.221 (workshop face +1 share +0.20)
PASS  window glow    11225 checks
RUN   test_board_overlay
PASS  board overlay  21 checks
RUN   test_board_legend
PASS  board legend   193 checks
RUN   test_grass
        island grass: 37 overlapping storey pairs, 1019 patches in the laps, 606 sharing a world cell, 0 coincidences
PASS  grass          886 checks
RUN   test_camera_read
PASS  camera read    154 checks
RUN   test_atmosphere
PASS  atmosphere     156 checks
RUN   test_reflection
PASS  reflection     31 checks
RUN   test_anti_aliasing
PASS  anti-alias     55 checks
RUN   test_render_shell
PASS  render shell   58 checks
RUN   test_ui_panel
PASS  ui panel       381 checks
RUN   test_ui_readout
PASS  ui readout     1527 checks
RUN   test_ui_exchange
PASS  ui exchange    555 checks
RUN   test_ui_territory
PASS  ui territory   64 checks
RUN   test_ui_fit
PASS  ui fit         109 checks
RUN   test_ui_digits
PASS  ui digits      137 checks
RUN   test_panel_sentences
PASS  panel words    358 checks

3 of 73 suites failed (5 failed checks of 219422)
WARNING: 132 RIDs of type "CanvasItem" were leaked.
   at: _free_rids (servers/rendering/renderer_canvas_cull.cpp:2735)
WARNING: 1995 ObjectDB instances were leaked at exit (run with `--verbose` for details).
   at: cleanup (core/object/object.cpp:2536)
ERROR: 67 resources still in use at exit (run with --verbose for details).
   at: clear (core/io/resource.cpp:822)
ERROR: 7 RID allocations of type 'PN13RendererDummy14TextureStorage12DummyTextureE' were leaked at exit.
ERROR: 18 RID allocations of type 'PN18TextServerAdvanced22ShapedTextDataAdvancedE' were leaked at exit.
ERROR: 1 RID allocations of type 'PN18TextServerAdvanced12FontAdvancedE' were leaked at exit.
